participant_id,statement_id,label_visible,actual_source,known_truth,predicted_truthfulness,correct,confidence,trustworthiness,perceived_source,presurvey_ai_familiarity,presurvey_ai_trust,presurvey_skepticism,presurvey_fact_checking,presurvey_baseline_confidence,age,gender,nationality,education,persona_ai_familiarity,persona_ai_trust,persona_ai_literacy,persona_general_confidence,persona_reasoning_style,persona_online_content_skepticism,knowledge_geography_history,knowledge_science_health,knowledge_entertainment_literature,knowledge_technology_internet,topic_familiarity,source_file
251,TS56,1,ai,True,true,1.0,5.0,2.0,,4,3,5,6,2,22,woman,US,bachelors_degree,4,3,1,3,intuitive,moderate,6,7,2,5,4,truth_source_labeled_persona_251.json
251,TS47,1,ai,True,true,1.0,6.0,3.0,,4,3,5,6,2,22,woman,US,bachelors_degree,4,3,1,3,intuitive,moderate,6,7,2,5,4,truth_source_labeled_persona_251.json
251,TS2,1,human,True,true,1.0,5.0,6.0,,4,3,5,6,2,22,woman,US,bachelors_degree,4,3,1,3,intuitive,moderate,6,7,2,5,4,truth_source_labeled_persona_251.json
251,TS18,1,human,True,true,1.0,5.0,4.0,,4,3,5,6,2,22,woman,US,bachelors_degree,4,3,1,3,intuitive,moderate,6,7,2,5,4,truth_source_labeled_persona_251.json
251,TS1,1,human,True,true,1.0,4.0,5.0,,4,3,5,6,2,22,woman,US,bachelors_degree,4,3,1,3,intuitive,moderate,6,7,2,5,4,truth_source_labeled_persona_251.json
252,TS56,1,ai,True,true,1.0,4.0,2.0,,4,2,6,5,4,24,prefer_not_to_say,US,some_college,4,2,5,3,mixed,high,6,4,6,6,3,truth_source_labeled_persona_252.json
252,TS69,1,ai,False,false,1.0,6.0,2.0,,4,2,6,5,4,24,prefer_not_to_say,US,some_college,4,2,5,3,mixed,high,6,4,6,6,3,truth_source_labeled_persona_252.json
252,TS2,1,human,True,true,1.0,5.0,4.0,,4,2,6,5,4,24,prefer_not_to_say,US,some_college,4,2,5,3,mixed,high,6,4,6,6,3,truth_source_labeled_persona_252.json
252,TS1,1,human,True,false,0.0,4.0,5.0,,4,2,6,5,4,24,prefer_not_to_say,US,some_college,4,2,5,3,mixed,high,6,4,6,6,3,truth_source_labeled_persona_252.json
252,TS47,1,ai,True,true,1.0,4.0,2.0,,4,2,6,5,4,24,prefer_not_to_say,US,some_college,4,2,5,3,mixed,high,6,4,6,6,3,truth_source_labeled_persona_252.json
253,TS69,1,ai,False,false,1.0,6.0,2.0,,5,2,4,3,4,21,nonbinary,US,graduate_student,5,2,7,1,mixed,high,3,2,5,5,7,truth_source_labeled_persona_253.json
253,TS2,1,human,True,true,1.0,5.0,4.0,,5,2,4,3,4,21,nonbinary,US,graduate_student,5,2,7,1,mixed,high,3,2,5,5,7,truth_source_labeled_persona_253.json
253,TS1,1,human,True,true,1.0,5.0,6.0,,5,2,4,3,4,21,nonbinary,US,graduate_student,5,2,7,1,mixed,high,3,2,5,5,7,truth_source_labeled_persona_253.json
253,TS56,1,ai,True,true,1.0,6.0,3.0,,5,2,4,3,4,21,nonbinary,US,graduate_student,5,2,7,1,mixed,high,3,2,5,5,7,truth_source_labeled_persona_253.json
253,TS47,1,ai,True,true,1.0,6.0,2.0,,5,2,4,3,4,21,nonbinary,US,graduate_student,5,2,7,1,mixed,high,3,2,5,5,7,truth_source_labeled_persona_253.json
254,TS45,1,ai,True,true,1.0,4.0,2.0,,6,3,5,4,2,18,nonbinary,Dutch,graduate_student,6,3,3,7,mixed,high,4,3,5,4,4,truth_source_labeled_persona_254.json
254,TS69,1,ai,False,false,1.0,2.0,3.0,,6,3,5,4,2,18,nonbinary,Dutch,graduate_student,6,3,3,7,mixed,high,4,3,5,4,4,truth_source_labeled_persona_254.json
254,TS47,1,ai,True,true,1.0,5.0,4.0,,6,3,5,4,2,18,nonbinary,Dutch,graduate_student,6,3,3,7,mixed,high,4,3,5,4,4,truth_source_labeled_persona_254.json
254,TS56,1,ai,True,true,1.0,6.0,5.0,,6,3,5,4,2,18,nonbinary,Dutch,graduate_student,6,3,3,7,mixed,high,4,3,5,4,4,truth_source_labeled_persona_254.json
254,TS2,1,human,True,true,1.0,6.0,6.0,,6,3,5,4,2,18,nonbinary,Dutch,graduate_student,6,3,3,7,mixed,high,4,3,5,4,4,truth_source_labeled_persona_254.json
255,TS2,1,human,True,true,1.0,4.0,5.0,,2,4,3,5,6,25,woman,Dutch,bachelors_degree,2,4,4,4,intuitive,low,7,2,3,2,1,truth_source_labeled_persona_255.json
255,TS47,1,ai,True,true,1.0,6.0,3.0,,2,4,3,5,6,25,woman,Dutch,bachelors_degree,2,4,4,4,intuitive,low,7,2,3,2,1,truth_source_labeled_persona_255.json
255,TS69,1,ai,False,false,1.0,6.0,2.0,,2,4,3,5,6,25,woman,Dutch,bachelors_degree,2,4,4,4,intuitive,low,7,2,3,2,1,truth_source_labeled_persona_255.json
255,TS1,1,human,True,true,1.0,4.0,5.0,,2,4,3,5,6,25,woman,Dutch,bachelors_degree,2,4,4,4,intuitive,low,7,2,3,2,1,truth_source_labeled_persona_255.json
255,TS76,1,ai,False,false,1.0,6.0,2.0,,2,4,3,5,6,25,woman,Dutch,bachelors_degree,2,4,4,4,intuitive,low,7,2,3,2,1,truth_source_labeled_persona_255.json
256,TS45,1,ai,True,true,1.0,5.0,4.0,,6,3,5,4,3,23,man,British,graduate_student,6,3,3,3,analytical,low,4,3,5,7,4,truth_source_labeled_persona_256.json
256,TS56,1,ai,True,true,1.0,5.0,4.0,,6,3,5,4,3,23,man,British,graduate_student,6,3,3,3,analytical,low,4,3,5,7,4,truth_source_labeled_persona_256.json
256,TS2,1,human,True,true,1.0,4.0,5.0,,6,3,5,4,3,23,man,British,graduate_student,6,3,3,3,analytical,low,4,3,5,7,4,truth_source_labeled_persona_256.json
256,TS72,1,ai,False,false,1.0,4.0,3.0,,6,3,5,4,3,23,man,British,graduate_student,6,3,3,3,analytical,low,4,3,5,7,4,truth_source_labeled_persona_256.json
256,TS69,1,ai,False,false,1.0,2.0,2.0,,6,3,5,4,3,23,man,British,graduate_student,6,3,3,3,analytical,low,4,3,5,7,4,truth_source_labeled_persona_256.json
257,TS1,1,human,True,false,0.0,6.0,2.0,,3,2,4,5,3,25,man,Canadian,high_school_or_equivalent,3,1,3,5,analytical,low,6,4,4,6,5,truth_source_labeled_persona_257.json
257,TS56,1,ai,True,true,1.0,6.0,3.0,,3,2,4,5,3,25,man,Canadian,high_school_or_equivalent,3,1,3,5,analytical,low,6,4,4,6,5,truth_source_labeled_persona_257.json
257,TS18,1,human,True,true,1.0,4.0,5.0,,3,2,4,5,3,25,man,Canadian,high_school_or_equivalent,3,1,3,5,analytical,low,6,4,4,6,5,truth_source_labeled_persona_257.json
257,TS2,1,human,True,true,1.0,6.0,6.0,,3,2,4,5,3,25,man,Canadian,high_school_or_equivalent,3,1,3,5,analytical,low,6,4,4,6,5,truth_source_labeled_persona_257.json
257,TS47,1,ai,True,true,1.0,6.0,3.0,,3,2,4,5,3,25,man,Canadian,high_school_or_equivalent,3,1,3,5,analytical,low,6,4,4,6,5,truth_source_labeled_persona_257.json
258,TS69,1,ai,False,false,1.0,6.0,2.0,,5,3,5,4,6,25,prefer_not_to_say,Australian,high_school_or_equivalent,7,3,3,4,mixed,low,4,7,3,7,4,truth_source_labeled_persona_258.json
258,TS2,1,human,True,true,1.0,5.0,6.0,,5,3,5,4,6,25,prefer_not_to_say,Australian,high_school_or_equivalent,7,3,3,4,mixed,low,4,7,3,7,4,truth_source_labeled_persona_258.json
258,TS1,1,human,True,false,0.0,6.0,5.0,,5,3,5,4,6,25,prefer_not_to_say,Australian,high_school_or_equivalent,7,3,3,4,mixed,low,4,7,3,7,4,truth_source_labeled_persona_258.json
258,TS56,1,ai,True,true,1.0,6.0,2.0,,5,3,5,4,6,25,prefer_not_to_say,Australian,high_school_or_equivalent,7,3,3,4,mixed,low,4,7,3,7,4,truth_source_labeled_persona_258.json
258,TS47,1,ai,True,true,1.0,7.0,6.0,,5,3,5,4,6,25,prefer_not_to_say,Australian,high_school_or_equivalent,7,3,3,4,mixed,low,4,7,3,7,4,truth_source_labeled_persona_258.json
259,TS78,1,ai,False,false,1.0,4.0,2.0,,3,5,4,6,5,20,man,US,bachelors_degree,3,5,3,4,mixed,low,1,1,5,4,4,truth_source_labeled_persona_259.json
259,TS47,1,ai,True,true,1.0,6.0,4.0,,3,5,4,6,5,20,man,US,bachelors_degree,3,5,3,4,mixed,low,1,1,5,4,4,truth_source_labeled_persona_259.json
259,TS69,1,ai,False,false,1.0,6.0,2.0,,3,5,4,6,5,20,man,US,bachelors_degree,3,5,3,4,mixed,low,1,1,5,4,4,truth_source_labeled_persona_259.json
259,TS17,1,human,True,true,1.0,6.0,7.0,,3,5,4,6,5,20,man,US,bachelors_degree,3,5,3,4,mixed,low,1,1,5,4,4,truth_source_labeled_persona_259.json
259,TS1,1,human,True,false,0.0,3.0,5.0,,3,5,4,6,5,20,man,US,bachelors_degree,3,5,3,4,mixed,low,1,1,5,4,4,truth_source_labeled_persona_259.json
260,TS56,1,ai,True,true,1.0,5.0,3.0,,5,4,6,3,5,23,nonbinary,Australian,bachelors_degree,5,4,2,4,mixed,moderate,3,4,2,4,1,truth_source_labeled_persona_260.json
260,TS69,1,ai,False,false,1.0,5.0,2.0,,5,4,6,3,5,23,nonbinary,Australian,bachelors_degree,5,4,2,4,mixed,moderate,3,4,2,4,1,truth_source_labeled_persona_260.json
260,TS70,1,ai,False,false,1.0,6.0,2.0,,5,4,6,3,5,23,nonbinary,Australian,bachelors_degree,5,4,2,4,mixed,moderate,3,4,2,4,1,truth_source_labeled_persona_260.json
260,TS17,1,human,True,true,1.0,6.0,5.0,,5,4,6,3,5,23,nonbinary,Australian,bachelors_degree,5,4,2,4,mixed,moderate,3,4,2,4,1,truth_source_labeled_persona_260.json
260,TS1,1,human,True,true,1.0,6.0,5.0,,5,4,6,3,5,23,nonbinary,Australian,bachelors_degree,5,4,2,4,mixed,moderate,3,4,2,4,1,truth_source_labeled_persona_260.json
261,TS47,1,ai,True,true,1.0,5.0,2.0,,2,6,4,3,5,22,man,Canadian,vocational_training,2,6,2,3,intuitive,high,6,2,5,5,2,truth_source_labeled_persona_261.json
261,TS25,1,human,False,false,1.0,3.0,6.0,,2,6,4,3,5,22,man,Canadian,vocational_training,2,6,2,3,intuitive,high,6,2,5,5,2,truth_source_labeled_persona_261.json
261,TS69,1,ai,False,false,1.0,4.0,2.0,,2,6,4,3,5,22,man,Canadian,vocational_training,2,6,2,3,intuitive,high,6,2,5,5,2,truth_source_labeled_persona_261.json
261,TS2,1,human,True,true,1.0,6.0,5.0,,2,6,4,3,5,22,man,Canadian,vocational_training,2,6,2,3,intuitive,high,6,2,5,5,2,truth_source_labeled_persona_261.json
261,TS1,1,human,True,true,1.0,4.0,5.0,,2,6,4,3,5,22,man,Canadian,vocational_training,2,6,2,3,intuitive,high,6,2,5,5,2,truth_source_labeled_persona_261.json
262,TS30,1,human,False,false,1.0,5.0,2.0,,2,3,6,5,4,19,woman,Canadian,vocational_training,2,3,5,5,mixed,moderate,2,4,4,4,4,truth_source_labeled_persona_262.json
262,TS2,1,human,True,true,1.0,4.0,6.0,,2,3,6,5,4,19,woman,Canadian,vocational_training,2,3,5,5,mixed,moderate,2,4,4,4,4,truth_source_labeled_persona_262.json
262,TS72,1,ai,False,false,1.0,5.0,2.0,,2,3,6,5,4,19,woman,Canadian,vocational_training,2,3,5,5,mixed,moderate,2,4,4,4,4,truth_source_labeled_persona_262.json
262,TS56,1,ai,True,true,1.0,6.0,5.0,,2,3,6,5,4,19,woman,Canadian,vocational_training,2,3,5,5,mixed,moderate,2,4,4,4,4,truth_source_labeled_persona_262.json
262,TS18,1,human,True,true,1.0,4.0,6.0,,2,3,6,5,4,19,woman,Canadian,vocational_training,2,3,5,5,mixed,moderate,2,4,4,4,4,truth_source_labeled_persona_262.json
263,TS45,1,ai,True,true,1.0,6.0,4.0,,5,3,4,6,5,19,woman,US,graduate_student,5,3,4,6,mixed,moderate,4,1,7,5,4,truth_source_labeled_persona_263.json
263,TS47,1,ai,True,true,1.0,6.0,4.0,,5,3,4,6,5,19,woman,US,graduate_student,5,3,4,6,mixed,moderate,4,1,7,5,4,truth_source_labeled_persona_263.json
263,TS56,1,ai,True,true,1.0,6.0,5.0,,5,3,4,6,5,19,woman,US,graduate_student,5,3,4,6,mixed,moderate,4,1,7,5,4,truth_source_labeled_persona_263.json
263,TS2,1,human,True,true,1.0,5.0,6.0,,5,3,4,6,5,19,woman,US,graduate_student,5,3,4,6,mixed,moderate,4,1,7,5,4,truth_source_labeled_persona_263.json
263,TS69,1,ai,False,false,1.0,6.0,3.0,,5,3,4,6,5,19,woman,US,graduate_student,5,3,4,6,mixed,moderate,4,1,7,5,4,truth_source_labeled_persona_263.json
264,TS69,1,ai,False,false,1.0,6.0,2.0,,5,4,6,5,3,21,nonbinary,German,undergraduate,1,7,4,2,intuitive,moderate,7,6,3,7,3,truth_source_labeled_persona_264.json
264,TS47,1,ai,True,true,1.0,6.0,5.0,,5,4,6,5,3,21,nonbinary,German,undergraduate,1,7,4,2,intuitive,moderate,7,6,3,7,3,truth_source_labeled_persona_264.json
264,TS56,1,ai,True,true,1.0,7.0,7.0,,5,4,6,5,3,21,nonbinary,German,undergraduate,1,7,4,2,intuitive,moderate,7,6,3,7,3,truth_source_labeled_persona_264.json
264,TS45,1,ai,True,true,1.0,6.0,5.0,,5,4,6,5,3,21,nonbinary,German,undergraduate,1,7,4,2,intuitive,moderate,7,6,3,7,3,truth_source_labeled_persona_264.json
264,TS2,1,human,True,true,1.0,4.0,6.0,,5,4,6,5,3,21,nonbinary,German,undergraduate,1,7,4,2,intuitive,moderate,7,6,3,7,3,truth_source_labeled_persona_264.json
265,TS70,1,ai,False,false,1.0,4.0,2.0,,3,2,4,5,3,18,nonbinary,US,some_college,6,3,3,4,mixed,moderate,3,3,2,1,3,truth_source_labeled_persona_265.json
265,TS56,1,ai,True,true,1.0,4.0,3.0,,3,2,4,5,3,18,nonbinary,US,some_college,6,3,3,4,mixed,moderate,3,3,2,1,3,truth_source_labeled_persona_265.json
265,TS45,1,ai,True,true,1.0,5.0,4.0,,3,2,4,5,3,18,nonbinary,US,some_college,6,3,3,4,mixed,moderate,3,3,2,1,3,truth_source_labeled_persona_265.json
265,TS69,1,ai,False,false,1.0,6.0,2.0,,3,2,4,5,3,18,nonbinary,US,some_college,6,3,3,4,mixed,moderate,3,3,2,1,3,truth_source_labeled_persona_265.json
265,TS17,1,human,True,true,1.0,5.0,6.0,,3,2,4,5,3,18,nonbinary,US,some_college,6,3,3,4,mixed,moderate,3,3,2,1,3,truth_source_labeled_persona_265.json
266,TS47,1,ai,True,true,1.0,4.0,3.0,,3,1,6,4,2,18,nonbinary,British,high_school_or_equivalent,3,1,7,1,analytical,high,4,4,4,2,5,truth_source_labeled_persona_266.json
266,TS69,1,ai,False,false,1.0,5.0,2.0,,3,1,6,4,2,18,nonbinary,British,high_school_or_equivalent,3,1,7,1,analytical,high,4,4,4,2,5,truth_source_labeled_persona_266.json
266,TS45,1,ai,True,true,1.0,6.0,5.0,,3,1,6,4,2,18,nonbinary,British,high_school_or_equivalent,3,1,7,1,analytical,high,4,4,4,2,5,truth_source_labeled_persona_266.json
266,TS2,1,human,True,true,1.0,5.0,6.0,,3,1,6,4,2,18,nonbinary,British,high_school_or_equivalent,3,1,7,1,analytical,high,4,4,4,2,5,truth_source_labeled_persona_266.json
266,TS56,1,ai,True,true,1.0,6.0,5.0,,3,1,6,4,2,18,nonbinary,British,high_school_or_equivalent,3,1,7,1,analytical,high,4,4,4,2,5,truth_source_labeled_persona_266.json
267,TS69,1,ai,False,false,1.0,6.0,2.0,,4,3,5,2,4,24,nonbinary,US,undergraduate,2,4,6,6,analytical,low,4,2,1,5,1,truth_source_labeled_persona_267.json
267,TS65,1,ai,False,false,1.0,3.0,2.0,,4,3,5,2,4,24,nonbinary,US,undergraduate,2,4,6,6,analytical,low,4,2,1,5,1,truth_source_labeled_persona_267.json
267,TS45,1,ai,True,true,1.0,6.0,5.0,,4,3,5,2,4,24,nonbinary,US,undergraduate,2,4,6,6,analytical,low,4,2,1,5,1,truth_source_labeled_persona_267.json
267,TS76,1,ai,False,false,1.0,6.0,2.0,,4,3,5,2,4,24,nonbinary,US,undergraduate,2,4,6,6,analytical,low,4,2,1,5,1,truth_source_labeled_persona_267.json
267,TS47,1,ai,True,true,1.0,6.0,5.0,,4,3,5,2,4,24,nonbinary,US,undergraduate,2,4,6,6,analytical,low,4,2,1,5,1,truth_source_labeled_persona_267.json
268,TS76,1,ai,False,false,1.0,6.0,2.0,,4,3,5,2,4,21,man,US,vocational_training,4,3,3,7,analytical,moderate,6,4,4,7,7,truth_source_labeled_persona_268.json
268,TS69,1,ai,False,false,1.0,6.0,2.0,,4,3,5,2,4,21,man,US,vocational_training,4,3,3,7,analytical,moderate,6,4,4,7,7,truth_source_labeled_persona_268.json
268,TS45,1,ai,True,true,1.0,6.0,5.0,,4,3,5,2,4,21,man,US,vocational_training,4,3,3,7,analytical,moderate,6,4,4,7,7,truth_source_labeled_persona_268.json
268,TS65,1,ai,False,false,1.0,6.0,2.0,,4,3,5,2,4,21,man,US,vocational_training,4,3,3,7,analytical,moderate,6,4,4,7,7,truth_source_labeled_persona_268.json
268,TS47,1,ai,True,true,1.0,6.0,5.0,,4,3,5,2,4,21,man,US,vocational_training,4,3,3,7,analytical,moderate,6,4,4,7,7,truth_source_labeled_persona_268.json
269,TS69,1,ai,False,false,1.0,4.0,2.0,,6,5,4,3,2,24,man,Australian,high_school_or_equivalent,6,5,7,1,analytical,moderate,6,3,3,7,5,truth_source_labeled_persona_269.json
269,TS72,1,ai,False,false,1.0,6.0,5.0,,6,5,4,3,2,24,man,Australian,high_school_or_equivalent,6,5,7,1,analytical,moderate,6,3,3,7,5,truth_source_labeled_persona_269.json
269,TS65,1,ai,False,false,1.0,6.0,2.0,,6,5,4,3,2,24,man,Australian,high_school_or_equivalent,6,5,7,1,analytical,moderate,6,3,3,7,5,truth_source_labeled_persona_269.json
269,TS45,1,ai,True,true,1.0,4.0,5.0,,6,5,4,3,2,24,man,Australian,high_school_or_equivalent,6,5,7,1,analytical,moderate,6,3,3,7,5,truth_source_labeled_persona_269.json
269,TS76,1,ai,False,false,1.0,7.0,2.0,,6,5,4,3,2,24,man,Australian,high_school_or_equivalent,6,5,7,1,analytical,moderate,6,3,3,7,5,truth_source_labeled_persona_269.json
270,TS17,1,human,True,true,1.0,5.0,6.0,,3,2,5,4,3,22,woman,US,some_college,3,3,4,1,intuitive,moderate,3,5,4,3,4,truth_source_labeled_persona_270.json
270,TS47,1,ai,True,true,1.0,3.0,2.0,,3,2,5,4,3,22,woman,US,some_college,3,3,4,1,intuitive,moderate,3,5,4,3,4,truth_source_labeled_persona_270.json
270,TS76,1,ai,False,false,1.0,6.0,2.0,,3,2,5,4,3,22,woman,US,some_college,3,3,4,1,intuitive,moderate,3,5,4,3,4,truth_source_labeled_persona_270.json
270,TS18,1,human,True,true,1.0,4.0,5.0,,3,2,5,4,3,22,woman,US,some_college,3,3,4,1,intuitive,moderate,3,5,4,3,4,truth_source_labeled_persona_270.json
270,TS45,1,ai,True,true,1.0,6.0,3.0,,3,2,5,4,3,22,woman,US,some_college,3,3,4,1,intuitive,moderate,3,5,4,3,4,truth_source_labeled_persona_270.json
271,TS72,1,ai,False,false,1.0,5.0,2.0,,5,4,6,3,5,25,woman,US,vocational_training,5,4,1,2,mixed,high,4,4,5,2,1,truth_source_labeled_persona_271.json
271,TS17,1,human,True,true,1.0,5.0,6.0,,5,4,6,3,5,25,woman,US,vocational_training,5,4,1,2,mixed,high,4,4,5,2,1,truth_source_labeled_persona_271.json
271,TS45,1,ai,True,true,1.0,6.0,5.0,,5,4,6,3,5,25,woman,US,vocational_training,5,4,1,2,mixed,high,4,4,5,2,1,truth_source_labeled_persona_271.json
271,TS69,1,ai,False,false,1.0,6.0,4.0,,5,4,6,3,5,25,woman,US,vocational_training,5,4,1,2,mixed,high,4,4,5,2,1,truth_source_labeled_persona_271.json
271,TS76,1,ai,False,false,1.0,6.0,3.0,,5,4,6,3,5,25,woman,US,vocational_training,5,4,1,2,mixed,high,4,4,5,2,1,truth_source_labeled_persona_271.json
272,TS72,1,ai,False,false,1.0,6.0,2.0,,2,1,4,3,5,22,nonbinary,US,bachelors_degree,2,1,3,3,mixed,low,5,1,7,4,4,truth_source_labeled_persona_272.json
272,TS76,1,ai,False,false,1.0,7.0,1.0,,2,1,4,3,5,22,nonbinary,US,bachelors_degree,2,1,3,3,mixed,low,5,1,7,4,4,truth_source_labeled_persona_272.json
272,TS63,1,ai,False,false,1.0,6.0,2.0,,2,1,4,3,5,22,nonbinary,US,bachelors_degree,2,1,3,3,mixed,low,5,1,7,4,4,truth_source_labeled_persona_272.json
272,TS17,1,human,True,true,1.0,6.0,5.0,,2,1,4,3,5,22,nonbinary,US,bachelors_degree,2,1,3,3,mixed,low,5,1,7,4,4,truth_source_labeled_persona_272.json
272,TS69,1,ai,False,false,1.0,7.0,1.0,,2,1,4,3,5,22,nonbinary,US,bachelors_degree,2,1,3,3,mixed,low,5,1,7,4,4,truth_source_labeled_persona_272.json
273,TS69,1,ai,False,false,1.0,5.0,2.0,,2,4,5,3,6,25,prefer_not_to_say,British,graduate_student,2,4,4,5,intuitive,moderate,5,6,2,1,1,truth_source_labeled_persona_273.json
273,TS45,1,ai,True,true,1.0,6.0,5.0,,2,4,5,3,6,25,prefer_not_to_say,British,graduate_student,2,4,4,5,intuitive,moderate,5,6,2,1,1,truth_source_labeled_persona_273.json
273,TS25,1,human,False,false,1.0,6.0,5.0,,2,4,5,3,6,25,prefer_not_to_say,British,graduate_student,2,4,4,5,intuitive,moderate,5,6,2,1,1,truth_source_labeled_persona_273.json
273,TS70,1,ai,False,false,1.0,6.0,2.0,,2,4,5,3,6,25,prefer_not_to_say,British,graduate_student,2,4,4,5,intuitive,moderate,5,6,2,1,1,truth_source_labeled_persona_273.json
273,TS17,1,human,True,true,1.0,5.0,6.0,,2,4,5,3,6,25,prefer_not_to_say,British,graduate_student,2,4,4,5,intuitive,moderate,5,6,2,1,1,truth_source_labeled_persona_273.json
274,TS76,1,ai,False,false,1.0,4.0,2.0,,6,4,5,5,3,19,prefer_not_to_say,Dutch,vocational_training,6,4,3,3,analytical,moderate,3,7,5,7,5,truth_source_labeled_persona_274.json
274,TS69,1,ai,False,false,1.0,6.0,2.0,,6,4,5,5,3,19,prefer_not_to_say,Dutch,vocational_training,6,4,3,3,analytical,moderate,3,7,5,7,5,truth_source_labeled_persona_274.json
274,TS45,1,ai,True,true,1.0,5.0,4.0,,6,4,5,5,3,19,prefer_not_to_say,Dutch,vocational_training,6,4,3,3,analytical,moderate,3,7,5,7,5,truth_source_labeled_persona_274.json
274,TS72,1,ai,False,false,1.0,6.0,3.0,,6,4,5,5,3,19,prefer_not_to_say,Dutch,vocational_training,6,4,3,3,analytical,moderate,3,7,5,7,5,truth_source_labeled_persona_274.json
274,TS17,1,human,True,true,1.0,6.0,5.0,,6,4,5,5,3,19,prefer_not_to_say,Dutch,vocational_training,6,4,3,3,analytical,moderate,3,7,5,7,5,truth_source_labeled_persona_274.json
275,TS17,1,human,True,true,1.0,5.0,6.0,,4,4,3,5,2,18,nonbinary,US,bachelors_degree,4,4,1,3,analytical,moderate,7,6,4,7,1,truth_source_labeled_persona_275.json
275,TS76,1,ai,False,false,1.0,7.0,2.0,,4,4,3,5,2,18,nonbinary,US,bachelors_degree,4,4,1,3,analytical,moderate,7,6,4,7,1,truth_source_labeled_persona_275.json
275,TS18,1,human,True,true,1.0,5.0,4.0,,4,4,3,5,2,18,nonbinary,US,bachelors_degree,4,4,1,3,analytical,moderate,7,6,4,7,1,truth_source_labeled_persona_275.json
275,TS45,1,ai,True,true,1.0,6.0,5.0,,4,4,3,5,2,18,nonbinary,US,bachelors_degree,4,4,1,3,analytical,moderate,7,6,4,7,1,truth_source_labeled_persona_275.json
275,TS70,1,ai,False,false,1.0,6.0,2.0,,4,4,3,5,2,18,nonbinary,US,bachelors_degree,4,4,1,3,analytical,moderate,7,6,4,7,1,truth_source_labeled_persona_275.json
276,TS62,1,ai,False,false,1.0,6.0,2.0,,5,4,6,3,5,23,prefer_not_to_say,German,bachelors_degree,5,4,2,3,analytical,high,3,4,4,7,4,truth_source_labeled_persona_276.json
276,TS72,1,ai,False,false,1.0,6.0,2.0,,5,4,6,3,5,23,prefer_not_to_say,German,bachelors_degree,5,4,2,3,analytical,high,3,4,4,7,4,truth_source_labeled_persona_276.json
276,TS18,1,human,True,true,1.0,4.0,5.0,,5,4,6,3,5,23,prefer_not_to_say,German,bachelors_degree,5,4,2,3,analytical,high,3,4,4,7,4,truth_source_labeled_persona_276.json
276,TS17,1,human,True,true,1.0,6.0,6.0,,5,4,6,3,5,23,prefer_not_to_say,German,bachelors_degree,5,4,2,3,analytical,high,3,4,4,7,4,truth_source_labeled_persona_276.json
276,TS76,1,ai,False,false,1.0,6.0,2.0,,5,4,6,3,5,23,prefer_not_to_say,German,bachelors_degree,5,4,2,3,analytical,high,3,4,4,7,4,truth_source_labeled_persona_276.json
277,TS45,1,ai,True,true,1.0,6.0,4.0,,4,6,5,3,5,25,prefer_not_to_say,US,undergraduate,4,6,3,7,mixed,moderate,1,4,3,3,4,truth_source_labeled_persona_277.json
277,TS65,1,ai,False,false,1.0,6.0,2.0,,4,6,5,3,5,25,prefer_not_to_say,US,undergraduate,4,6,3,7,mixed,moderate,1,4,3,3,4,truth_source_labeled_persona_277.json
277,TS72,1,ai,False,false,1.0,6.0,2.0,,4,6,5,3,5,25,prefer_not_to_say,US,undergraduate,4,6,3,7,mixed,moderate,1,4,3,3,4,truth_source_labeled_persona_277.json
277,TS76,1,ai,False,false,1.0,6.0,2.0,,4,6,5,3,5,25,prefer_not_to_say,US,undergraduate,4,6,3,7,mixed,moderate,1,4,3,3,4,truth_source_labeled_persona_277.json
277,TS18,1,human,True,true,1.0,5.0,5.0,,4,6,5,3,5,25,prefer_not_to_say,US,undergraduate,4,6,3,7,mixed,moderate,1,4,3,3,4,truth_source_labeled_persona_277.json
278,TS76,1,ai,False,false,1.0,6.0,2.0,,4,1,5,2,3,23,man,US,bachelors_degree,4,1,5,5,mixed,high,2,6,2,6,6,truth_source_labeled_persona_278.json
278,TS72,1,ai,False,false,1.0,6.0,4.0,,4,1,5,2,3,23,man,US,bachelors_degree,4,1,5,5,mixed,high,2,6,2,6,6,truth_source_labeled_persona_278.json
278,TS18,1,human,True,true,1.0,6.0,5.0,,4,1,5,2,3,23,man,US,bachelors_degree,4,1,5,5,mixed,high,2,6,2,6,6,truth_source_labeled_persona_278.json
278,TS62,1,ai,False,false,1.0,6.0,2.0,,4,1,5,2,3,23,man,US,bachelors_degree,4,1,5,5,mixed,high,2,6,2,6,6,truth_source_labeled_persona_278.json
278,TS17,1,human,True,true,1.0,6.0,5.0,,4,1,5,2,3,23,man,US,bachelors_degree,4,1,5,5,mixed,high,2,6,2,6,6,truth_source_labeled_persona_278.json
279,TS25,1,human,False,false,1.0,4.0,2.0,,4,5,6,3,5,24,prefer_not_to_say,British,bachelors_degree,5,4,3,6,analytical,high,7,6,4,3,1,truth_source_labeled_persona_279.json
279,TS72,1,ai,False,false,1.0,6.0,1.0,,4,5,6,3,5,24,prefer_not_to_say,British,bachelors_degree,5,4,3,6,analytical,high,7,6,4,3,1,truth_source_labeled_persona_279.json
279,TS18,1,human,True,true,1.0,5.0,4.0,,4,5,6,3,5,24,prefer_not_to_say,British,bachelors_degree,5,4,3,6,analytical,high,7,6,4,3,1,truth_source_labeled_persona_279.json
279,TS45,1,ai,True,true,1.0,6.0,5.0,,4,5,6,3,5,24,prefer_not_to_say,British,bachelors_degree,5,4,3,6,analytical,high,7,6,4,3,1,truth_source_labeled_persona_279.json
279,TS17,1,human,True,true,1.0,7.0,7.0,,4,5,6,3,5,24,prefer_not_to_say,British,bachelors_degree,5,4,3,6,analytical,high,7,6,4,3,1,truth_source_labeled_persona_279.json
280,TS18,1,human,True,false,0.0,4.0,5.0,,5,3,6,4,2,19,prefer_not_to_say,Australian,some_college,6,2,5,6,analytical,moderate,4,6,6,2,4,truth_source_labeled_persona_280.json
280,TS76,1,ai,False,false,1.0,6.0,2.0,,5,3,6,4,2,19,prefer_not_to_say,Australian,some_college,6,2,5,6,analytical,moderate,4,6,6,2,4,truth_source_labeled_persona_280.json
280,TS62,1,ai,False,false,1.0,6.0,2.0,,5,3,6,4,2,19,prefer_not_to_say,Australian,some_college,6,2,5,6,analytical,moderate,4,6,6,2,4,truth_source_labeled_persona_280.json
280,TS72,1,ai,False,false,1.0,6.0,2.0,,5,3,6,4,2,19,prefer_not_to_say,Australian,some_college,6,2,5,6,analytical,moderate,4,6,6,2,4,truth_source_labeled_persona_280.json
280,TS48,1,ai,True,true,1.0,6.0,5.0,,5,3,6,4,2,19,prefer_not_to_say,Australian,some_college,6,2,5,6,analytical,moderate,4,6,6,2,4,truth_source_labeled_persona_280.json
281,TS72,1,ai,False,false,1.0,6.0,2.0,,2,5,6,3,4,24,woman,British,high_school_or_equivalent,1,5,3,4,mixed,moderate,5,5,1,2,3,truth_source_labeled_persona_281.json
281,TS53,1,ai,True,true,1.0,5.0,4.0,,2,5,6,3,4,24,woman,British,high_school_or_equivalent,1,5,3,4,mixed,moderate,5,5,1,2,3,truth_source_labeled_persona_281.json
281,TS45,1,ai,True,true,1.0,6.0,5.0,,2,5,6,3,4,24,woman,British,high_school_or_equivalent,1,5,3,4,mixed,moderate,5,5,1,2,3,truth_source_labeled_persona_281.json
281,TS17,1,human,True,true,1.0,6.0,6.0,,2,5,6,3,4,24,woman,British,high_school_or_equivalent,1,5,3,4,mixed,moderate,5,5,1,2,3,truth_source_labeled_persona_281.json
281,TS76,1,ai,False,false,1.0,6.0,2.0,,2,5,6,3,4,24,woman,British,high_school_or_equivalent,1,5,3,4,mixed,moderate,5,5,1,2,3,truth_source_labeled_persona_281.json
282,TS17,1,human,True,true,1.0,6.0,5.0,,3,6,5,4,5,22,man,US,high_school_or_equivalent,3,6,1,4,analytical,moderate,4,4,2,3,6,truth_source_labeled_persona_282.json
282,TS72,1,ai,False,false,1.0,2.0,3.0,,3,6,5,4,5,22,man,US,high_school_or_equivalent,3,6,1,4,analytical,moderate,4,4,2,3,6,truth_source_labeled_persona_282.json
282,TS25,1,human,False,false,1.0,6.0,5.0,,3,6,5,4,5,22,man,US,high_school_or_equivalent,3,6,1,4,analytical,moderate,4,4,2,3,6,truth_source_labeled_persona_282.json
282,TS68,1,ai,False,false,1.0,6.0,2.0,,3,6,5,4,5,22,man,US,high_school_or_equivalent,3,6,1,4,analytical,moderate,4,4,2,3,6,truth_source_labeled_persona_282.json
282,TS62,1,ai,False,false,1.0,6.0,2.0,,3,6,5,4,5,22,man,US,high_school_or_equivalent,3,6,1,4,analytical,moderate,4,4,2,3,6,truth_source_labeled_persona_282.json
283,TS25,1,human,False,false,1.0,6.0,2.0,,5,4,6,3,5,25,nonbinary,British,vocational_training,5,4,3,5,mixed,moderate,7,4,2,2,7,truth_source_labeled_persona_283.json
283,TS53,1,ai,True,true,1.0,7.0,5.0,,5,4,6,3,5,25,nonbinary,British,vocational_training,5,4,3,5,mixed,moderate,7,4,2,2,7,truth_source_labeled_persona_283.json
283,TS72,1,ai,False,false,1.0,6.0,4.0,,5,4,6,3,5,25,nonbinary,British,vocational_training,5,4,3,5,mixed,moderate,7,4,2,2,7,truth_source_labeled_persona_283.json
283,TS17,1,human,True,true,1.0,6.0,5.0,,5,4,6,3,5,25,nonbinary,British,vocational_training,5,4,3,5,mixed,moderate,7,4,2,2,7,truth_source_labeled_persona_283.json
283,TS45,1,ai,True,true,1.0,7.0,4.0,,5,4,6,3,5,25,nonbinary,British,vocational_training,5,4,3,5,mixed,moderate,7,4,2,2,7,truth_source_labeled_persona_283.json
284,TS72,1,ai,False,false,1.0,5.0,2.0,,3,4,5,2,3,19,prefer_not_to_say,US,some_college,3,4,6,2,analytical,low,3,7,1,7,4,truth_source_labeled_persona_284.json
284,TS18,1,human,True,true,1.0,6.0,5.0,,3,4,5,2,3,19,prefer_not_to_say,US,some_college,3,4,6,2,analytical,low,3,7,1,7,4,truth_source_labeled_persona_284.json
284,TS25,1,human,False,false,1.0,6.0,5.0,,3,4,5,2,3,19,prefer_not_to_say,US,some_college,3,4,6,2,analytical,low,3,7,1,7,4,truth_source_labeled_persona_284.json
284,TS45,1,ai,True,true,1.0,6.0,4.0,,3,4,5,2,3,19,prefer_not_to_say,US,some_college,3,4,6,2,analytical,low,3,7,1,7,4,truth_source_labeled_persona_284.json
284,TS17,1,human,True,true,1.0,6.0,5.0,,3,4,5,2,3,19,prefer_not_to_say,US,some_college,3,4,6,2,analytical,low,3,7,1,7,4,truth_source_labeled_persona_284.json
285,TS76,1,ai,False,false,1.0,6.0,2.0,,6,4,5,3,2,23,nonbinary,Canadian,some_college,6,4,4,5,mixed,moderate,1,5,5,5,7,truth_source_labeled_persona_285.json
285,TS72,1,ai,False,false,1.0,6.0,3.0,,6,4,5,3,2,23,nonbinary,Canadian,some_college,6,4,4,5,mixed,moderate,1,5,5,5,7,truth_source_labeled_persona_285.json
285,TS18,1,human,True,true,1.0,5.0,6.0,,6,4,5,3,2,23,nonbinary,Canadian,some_college,6,4,4,5,mixed,moderate,1,5,5,5,7,truth_source_labeled_persona_285.json
285,TS48,1,ai,True,true,1.0,4.0,2.0,,6,4,5,3,2,23,nonbinary,Canadian,some_college,6,4,4,5,mixed,moderate,1,5,5,5,7,truth_source_labeled_persona_285.json
285,TS45,1,ai,True,true,1.0,6.0,5.0,,6,4,5,3,2,23,nonbinary,Canadian,some_college,6,4,4,5,mixed,moderate,1,5,5,5,7,truth_source_labeled_persona_285.json
286,TS45,1,ai,True,true,1.0,6.0,3.0,,4,2,6,3,5,21,nonbinary,British,vocational_training,7,1,3,4,mixed,moderate,6,5,4,5,3,truth_source_labeled_persona_286.json
286,TS17,1,human,True,true,1.0,6.0,5.0,,4,2,6,3,5,21,nonbinary,British,vocational_training,7,1,3,4,mixed,moderate,6,5,4,5,3,truth_source_labeled_persona_286.json
286,TS76,1,ai,False,false,1.0,7.0,2.0,,4,2,6,3,5,21,nonbinary,British,vocational_training,7,1,3,4,mixed,moderate,6,5,4,5,3,truth_source_labeled_persona_286.json
286,TS18,1,human,True,true,1.0,4.0,5.0,,4,2,6,3,5,21,nonbinary,British,vocational_training,7,1,3,4,mixed,moderate,6,5,4,5,3,truth_source_labeled_persona_286.json
286,TS72,1,ai,False,false,1.0,6.0,2.0,,4,2,6,3,5,21,nonbinary,British,vocational_training,7,1,3,4,mixed,moderate,6,5,4,5,3,truth_source_labeled_persona_286.json
287,TS18,1,human,True,false,0.0,4.0,2.0,,2,1,5,3,2,24,woman,US,bachelors_degree,2,1,7,1,intuitive,low,3,5,6,4,3,truth_source_labeled_persona_287.json
287,TS76,1,ai,False,false,1.0,6.0,1.0,,2,1,5,3,2,24,woman,US,bachelors_degree,2,1,7,1,intuitive,low,3,5,6,4,3,truth_source_labeled_persona_287.json
287,TS62,1,ai,False,false,1.0,5.0,3.0,,2,1,5,3,2,24,woman,US,bachelors_degree,2,1,7,1,intuitive,low,3,5,6,4,3,truth_source_labeled_persona_287.json
287,TS17,1,human,True,true,1.0,6.0,5.0,,2,1,5,3,2,24,woman,US,bachelors_degree,2,1,7,1,intuitive,low,3,5,6,4,3,truth_source_labeled_persona_287.json
287,TS70,1,ai,False,false,1.0,6.0,1.0,,2,1,5,3,2,24,woman,US,bachelors_degree,2,1,7,1,intuitive,low,3,5,6,4,3,truth_source_labeled_persona_287.json
288,TS72,1,ai,False,false,1.0,5.0,2.0,,4,2,6,5,3,24,man,US,undergraduate,1,4,7,6,analytical,high,1,4,4,4,3,truth_source_labeled_persona_288.json
288,TS45,1,ai,True,true,1.0,6.0,5.0,,4,2,6,5,3,24,man,US,undergraduate,1,4,7,6,analytical,high,1,4,4,4,3,truth_source_labeled_persona_288.json
288,TS17,1,human,True,true,1.0,6.0,6.0,,4,2,6,5,3,24,man,US,undergraduate,1,4,7,6,analytical,high,1,4,4,4,3,truth_source_labeled_persona_288.json
288,TS76,1,ai,False,false,1.0,6.0,2.0,,4,2,6,5,3,24,man,US,undergraduate,1,4,7,6,analytical,high,1,4,4,4,3,truth_source_labeled_persona_288.json
288,TS18,1,human,True,true,1.0,5.0,4.0,,4,2,6,5,3,24,man,US,undergraduate,1,4,7,6,analytical,high,1,4,4,4,3,truth_source_labeled_persona_288.json
289,TS17,1,human,True,false,0.0,5.0,4.0,,4,3,5,4,6,25,nonbinary,Australian,graduate_student,4,3,3,7,analytical,moderate,6,5,4,2,1,truth_source_labeled_persona_289.json
289,TS76,1,ai,False,false,1.0,6.0,2.0,,4,3,5,4,6,25,nonbinary,Australian,graduate_student,4,3,3,7,analytical,moderate,6,5,4,2,1,truth_source_labeled_persona_289.json
289,TS70,1,ai,False,false,1.0,5.0,2.0,,4,3,5,4,6,25,nonbinary,Australian,graduate_student,4,3,3,7,analytical,moderate,6,5,4,2,1,truth_source_labeled_persona_289.json
289,TS18,1,human,True,true,1.0,4.0,5.0,,4,3,5,4,6,25,nonbinary,Australian,graduate_student,4,3,3,7,analytical,moderate,6,5,4,2,1,truth_source_labeled_persona_289.json
289,TS45,1,ai,True,true,1.0,6.0,4.0,,4,3,5,4,6,25,nonbinary,Australian,graduate_student,4,3,3,7,analytical,moderate,6,5,4,2,1,truth_source_labeled_persona_289.json
290,TS45,1,ai,True,true,1.0,4.0,2.0,,6,5,4,3,2,20,prefer_not_to_say,British,undergraduate,6,5,5,4,analytical,moderate,1,2,4,2,6,truth_source_labeled_persona_290.json
290,TS18,1,human,True,true,1.0,5.0,4.0,,6,5,4,3,2,20,prefer_not_to_say,British,undergraduate,6,5,5,4,analytical,moderate,1,2,4,2,6,truth_source_labeled_persona_290.json
290,TS72,1,ai,False,false,1.0,3.0,2.0,,6,5,4,3,2,20,prefer_not_to_say,British,undergraduate,6,5,5,4,analytical,moderate,1,2,4,2,6,truth_source_labeled_persona_290.json
290,TS48,1,ai,True,true,1.0,4.0,2.0,,6,5,4,3,2,20,prefer_not_to_say,British,undergraduate,6,5,5,4,analytical,moderate,1,2,4,2,6,truth_source_labeled_persona_290.json
290,TS76,1,ai,False,false,1.0,6.0,2.0,,6,5,4,3,2,20,prefer_not_to_say,British,undergraduate,6,5,5,4,analytical,moderate,1,2,4,2,6,truth_source_labeled_persona_290.json
291,TS17,1,human,True,true,1.0,5.0,4.0,,4,2,5,4,3,20,nonbinary,Canadian,high_school_or_equivalent,4,2,6,4,intuitive,moderate,3,3,4,4,4,truth_source_labeled_persona_291.json
291,TS72,1,ai,False,false,1.0,6.0,2.0,,4,2,5,4,3,20,nonbinary,Canadian,high_school_or_equivalent,4,2,6,4,intuitive,moderate,3,3,4,4,4,truth_source_labeled_persona_291.json
291,TS25,1,human,False,false,1.0,6.0,5.0,,4,2,5,4,3,20,nonbinary,Canadian,high_school_or_equivalent,4,2,6,4,intuitive,moderate,3,3,4,4,4,truth_source_labeled_persona_291.json
291,TS68,1,ai,False,false,1.0,6.0,2.0,,4,2,5,4,3,20,nonbinary,Canadian,high_school_or_equivalent,4,2,6,4,intuitive,moderate,3,3,4,4,4,truth_source_labeled_persona_291.json
291,TS45,1,ai,True,true,1.0,5.0,3.0,,4,2,5,4,3,20,nonbinary,Canadian,high_school_or_equivalent,4,2,6,4,intuitive,moderate,3,3,4,4,4,truth_source_labeled_persona_291.json
292,TS37,1,human,False,false,1.0,4.0,3.0,,6,5,4,3,2,21,prefer_not_to_say,Australian,high_school_or_equivalent,6,6,5,5,mixed,moderate,6,4,1,6,3,truth_source_labeled_persona_292.json
292,TS17,1,human,True,true,1.0,6.0,6.0,,6,5,4,3,2,21,prefer_not_to_say,Australian,high_school_or_equivalent,6,6,5,5,mixed,moderate,6,4,1,6,3,truth_source_labeled_persona_292.json
292,TS76,1,ai,False,false,1.0,7.0,2.0,,6,5,4,3,2,21,prefer_not_to_say,Australian,high_school_or_equivalent,6,6,5,5,mixed,moderate,6,4,1,6,3,truth_source_labeled_persona_292.json
292,TS62,1,ai,False,false,1.0,6.0,2.0,,6,5,4,3,2,21,prefer_not_to_say,Australian,high_school_or_equivalent,6,6,5,5,mixed,moderate,6,4,1,6,3,truth_source_labeled_persona_292.json
292,TS53,1,ai,True,true,1.0,6.0,5.0,,6,5,4,3,2,21,prefer_not_to_say,Australian,high_school_or_equivalent,6,6,5,5,mixed,moderate,6,4,1,6,3,truth_source_labeled_persona_292.json
293,TS45,1,ai,True,true,1.0,6.0,2.0,,4,1,6,5,3,20,prefer_not_to_say,US,undergraduate,4,1,4,6,analytical,moderate,4,2,2,5,2,truth_source_labeled_persona_293.json
293,TS18,1,human,True,unsure,,4.0,5.0,,4,1,6,5,3,20,prefer_not_to_say,US,undergraduate,4,1,4,6,analytical,moderate,4,2,2,5,2,truth_source_labeled_persona_293.json
293,TS72,1,ai,False,false,1.0,2.0,3.0,,4,1,6,5,3,20,prefer_not_to_say,US,undergraduate,4,1,4,6,analytical,moderate,4,2,2,5,2,truth_source_labeled_persona_293.json
293,TS76,1,ai,False,false,1.0,7.0,2.0,,4,1,6,5,3,20,prefer_not_to_say,US,undergraduate,4,1,4,6,analytical,moderate,4,2,2,5,2,truth_source_labeled_persona_293.json
293,TS48,1,ai,True,true,1.0,6.0,4.0,,4,1,6,5,3,20,prefer_not_to_say,US,undergraduate,4,1,4,6,analytical,moderate,4,2,2,5,2,truth_source_labeled_persona_293.json
294,TS53,1,ai,True,true,1.0,5.0,4.0,,4,3,5,5,4,20,prefer_not_to_say,Canadian,bachelors_degree,4,3,7,4,analytical,low,6,4,1,4,6,truth_source_labeled_persona_294.json
294,TS25,1,human,False,false,1.0,6.0,5.0,,4,3,5,5,4,20,prefer_not_to_say,Canadian,bachelors_degree,4,3,7,4,analytical,low,6,4,1,4,6,truth_source_labeled_persona_294.json
294,TS72,1,ai,False,false,1.0,6.0,4.0,,4,3,5,5,4,20,prefer_not_to_say,Canadian,bachelors_degree,4,3,7,4,analytical,low,6,4,1,4,6,truth_source_labeled_persona_294.json
294,TS17,1,human,True,true,1.0,6.0,5.0,,4,3,5,5,4,20,prefer_not_to_say,Canadian,bachelors_degree,4,3,7,4,analytical,low,6,4,1,4,6,truth_source_labeled_persona_294.json
294,TS62,1,ai,False,false,1.0,6.0,3.0,,4,3,5,5,4,20,prefer_not_to_say,Canadian,bachelors_degree,4,3,7,4,analytical,low,6,4,1,4,6,truth_source_labeled_persona_294.json
295,TS70,1,ai,False,false,1.0,4.0,2.0,,3,4,6,5,3,22,woman,Canadian,vocational_training,1,3,4,7,analytical,low,4,4,3,4,2,truth_source_labeled_persona_295.json
295,TS18,1,human,True,true,1.0,5.0,6.0,,3,4,6,5,3,22,woman,Canadian,vocational_training,1,3,4,7,analytical,low,4,4,3,4,2,truth_source_labeled_persona_295.json
295,TS17,1,human,True,true,1.0,6.0,7.0,,3,4,6,5,3,22,woman,Canadian,vocational_training,1,3,4,7,analytical,low,4,4,3,4,2,truth_source_labeled_persona_295.json
295,TS76,1,ai,False,false,1.0,6.0,2.0,,3,4,6,5,3,22,woman,Canadian,vocational_training,1,3,4,7,analytical,low,4,4,3,4,2,truth_source_labeled_persona_295.json
295,TS62,1,ai,False,false,1.0,6.0,2.0,,3,4,6,5,3,22,woman,Canadian,vocational_training,1,3,4,7,analytical,low,4,4,3,4,2,truth_source_labeled_persona_295.json
296,TS62,1,ai,False,false,1.0,5.0,2.0,,6,3,5,4,2,19,woman,Australian,undergraduate,6,3,4,7,mixed,high,6,6,6,4,6,truth_source_labeled_persona_296.json
296,TS17,1,human,True,true,1.0,6.0,6.0,,6,3,5,4,2,19,woman,Australian,undergraduate,6,3,4,7,mixed,high,6,6,6,4,6,truth_source_labeled_persona_296.json
296,TS18,1,human,True,true,1.0,6.0,5.0,,6,3,5,4,2,19,woman,Australian,undergraduate,6,3,4,7,mixed,high,6,6,6,4,6,truth_source_labeled_persona_296.json
296,TS76,1,ai,False,false,1.0,6.0,2.0,,6,3,5,4,2,19,woman,Australian,undergraduate,6,3,4,7,mixed,high,6,6,6,4,6,truth_source_labeled_persona_296.json
296,TS72,1,ai,False,false,1.0,4.0,2.0,,6,3,5,4,2,19,woman,Australian,undergraduate,6,3,4,7,mixed,high,6,6,6,4,6,truth_source_labeled_persona_296.json
297,TS76,1,ai,False,false,1.0,6.0,2.0,,2,5,6,4,3,20,nonbinary,Dutch,some_college,4,1,3,4,analytical,moderate,4,6,3,5,4,truth_source_labeled_persona_297.json
297,TS72,1,ai,False,false,1.0,6.0,2.0,,2,5,6,4,3,20,nonbinary,Dutch,some_college,4,1,3,4,analytical,moderate,4,6,3,5,4,truth_source_labeled_persona_297.json
297,TS17,1,human,True,true,1.0,6.0,5.0,,2,5,6,4,3,20,nonbinary,Dutch,some_college,4,1,3,4,analytical,moderate,4,6,3,5,4,truth_source_labeled_persona_297.json
297,TS53,1,ai,True,true,1.0,6.0,5.0,,2,5,6,4,3,20,nonbinary,Dutch,some_college,4,1,3,4,analytical,moderate,4,6,3,5,4,truth_source_labeled_persona_297.json
297,TS62,1,ai,False,false,1.0,6.0,2.0,,2,5,6,4,3,20,nonbinary,Dutch,some_college,4,1,3,4,analytical,moderate,4,6,3,5,4,truth_source_labeled_persona_297.json
298,TS18,1,human,True,true,1.0,4.0,5.0,,2,4,6,3,5,18,woman,Canadian,some_college,2,4,3,4,mixed,low,3,4,2,2,4,truth_source_labeled_persona_298.json
298,TS72,1,ai,False,false,1.0,6.0,2.0,,2,4,6,3,5,18,woman,Canadian,some_college,2,4,3,4,mixed,low,3,4,2,2,4,truth_source_labeled_persona_298.json
298,TS62,1,ai,False,false,1.0,6.0,2.0,,2,4,6,3,5,18,woman,Canadian,some_college,2,4,3,4,mixed,low,3,4,2,2,4,truth_source_labeled_persona_298.json
298,TS78,1,ai,False,false,1.0,7.0,2.0,,2,4,6,3,5,18,woman,Canadian,some_college,2,4,3,4,mixed,low,3,4,2,2,4,truth_source_labeled_persona_298.json
298,TS17,1,human,True,true,1.0,6.0,5.0,,2,4,6,3,5,18,woman,Canadian,some_college,2,4,3,4,mixed,low,3,4,2,2,4,truth_source_labeled_persona_298.json
299,TS18,1,human,True,false,0.0,5.0,4.0,,5,7,4,6,2,21,prefer_not_to_say,US,high_school_or_equivalent,5,7,6,2,mixed,moderate,2,5,4,6,2,truth_source_labeled_persona_299.json
299,TS65,1,ai,False,false,1.0,5.0,2.0,,5,7,4,6,2,21,prefer_not_to_say,US,high_school_or_equivalent,5,7,6,2,mixed,moderate,2,5,4,6,2,truth_source_labeled_persona_299.json
299,TS62,1,ai,False,false,1.0,6.0,2.0,,5,7,4,6,2,21,prefer_not_to_say,US,high_school_or_equivalent,5,7,6,2,mixed,moderate,2,5,4,6,2,truth_source_labeled_persona_299.json
299,TS72,1,ai,False,false,1.0,6.0,2.0,,5,7,4,6,2,21,prefer_not_to_say,US,high_school_or_equivalent,5,7,6,2,mixed,moderate,2,5,4,6,2,truth_source_labeled_persona_299.json
299,TS78,1,ai,False,false,1.0,6.0,2.0,,5,7,4,6,2,21,prefer_not_to_say,US,high_school_or_equivalent,5,7,6,2,mixed,moderate,2,5,4,6,2,truth_source_labeled_persona_299.json
300,TS25,1,human,False,false,1.0,6.0,2.0,,5,4,6,5,3,18,man,British,graduate_student,5,4,3,1,mixed,moderate,5,4,7,2,4,truth_source_labeled_persona_300.json
300,TS65,1,ai,False,false,1.0,5.0,2.0,,5,4,6,5,3,18,man,British,graduate_student,5,4,3,1,mixed,moderate,5,4,7,2,4,truth_source_labeled_persona_300.json
300,TS62,1,ai,False,false,1.0,6.0,2.0,,5,4,6,5,3,18,man,British,graduate_student,5,4,3,1,mixed,moderate,5,4,7,2,4,truth_source_labeled_persona_300.json
300,TS53,1,ai,True,true,1.0,6.0,5.0,,5,4,6,5,3,18,man,British,graduate_student,5,4,3,1,mixed,moderate,5,4,7,2,4,truth_source_labeled_persona_300.json
300,TS72,1,ai,False,false,1.0,6.0,2.0,,5,4,6,5,3,18,man,British,graduate_student,5,4,3,1,mixed,moderate,5,4,7,2,4,truth_source_labeled_persona_300.json
301,TS62,1,ai,False,false,1.0,6.0,2.0,,2,5,3,4,6,21,nonbinary,German,vocational_training,1,6,4,6,mixed,low,5,4,1,4,1,truth_source_labeled_persona_301.json
301,TS72,1,ai,False,false,1.0,5.0,3.0,,2,5,3,4,6,21,nonbinary,German,vocational_training,1,6,4,6,mixed,low,5,4,1,4,1,truth_source_labeled_persona_301.json
301,TS25,1,human,False,false,1.0,6.0,4.0,,2,5,3,4,6,21,nonbinary,German,vocational_training,1,6,4,6,mixed,low,5,4,1,4,1,truth_source_labeled_persona_301.json
301,TS35,1,human,False,false,1.0,4.0,5.0,,2,5,3,4,6,21,nonbinary,German,vocational_training,1,6,4,6,mixed,low,5,4,1,4,1,truth_source_labeled_persona_301.json
301,TS18,1,human,True,true,1.0,3.0,4.0,,2,5,3,4,6,21,nonbinary,German,vocational_training,1,6,4,6,mixed,low,5,4,1,4,1,truth_source_labeled_persona_301.json
302,TS65,1,ai,False,false,1.0,6.0,2.0,,4,4,5,3,5,24,nonbinary,Canadian,some_college,4,4,7,5,mixed,moderate,4,7,4,3,2,truth_source_labeled_persona_302.json
302,TS53,1,ai,True,true,1.0,6.0,4.0,,4,4,5,3,5,24,nonbinary,Canadian,some_college,4,4,7,5,mixed,moderate,4,7,4,3,2,truth_source_labeled_persona_302.json
302,TS37,1,human,False,true,0.0,5.0,6.0,,4,4,5,3,5,24,nonbinary,Canadian,some_college,4,4,7,5,mixed,moderate,4,7,4,3,2,truth_source_labeled_persona_302.json
302,TS62,1,ai,False,false,1.0,6.0,2.0,,4,4,5,3,5,24,nonbinary,Canadian,some_college,4,4,7,5,mixed,moderate,4,7,4,3,2,truth_source_labeled_persona_302.json
302,TS25,1,human,False,false,1.0,3.0,5.0,,4,4,5,3,5,24,nonbinary,Canadian,some_college,4,4,7,5,mixed,moderate,4,7,4,3,2,truth_source_labeled_persona_302.json
303,TS38,1,human,False,false,1.0,4.0,2.0,,6,3,5,4,2,23,nonbinary,Canadian,graduate_student,6,3,3,6,mixed,moderate,7,4,6,7,3,truth_source_labeled_persona_303.json
303,TS62,1,ai,False,false,1.0,6.0,2.0,,6,3,5,4,2,23,nonbinary,Canadian,graduate_student,6,3,3,6,mixed,moderate,7,4,6,7,3,truth_source_labeled_persona_303.json
303,TS18,1,human,True,true,1.0,5.0,4.0,,6,3,5,4,2,23,nonbinary,Canadian,graduate_student,6,3,3,6,mixed,moderate,7,4,6,7,3,truth_source_labeled_persona_303.json
303,TS65,1,ai,False,false,1.0,2.0,1.0,,6,3,5,4,2,23,nonbinary,Canadian,graduate_student,6,3,3,6,mixed,moderate,7,4,6,7,3,truth_source_labeled_persona_303.json
303,TS70,1,ai,False,false,1.0,2.0,1.0,,6,3,5,4,2,23,nonbinary,Canadian,graduate_student,6,3,3,6,mixed,moderate,7,4,6,7,3,truth_source_labeled_persona_303.json
304,TS65,1,ai,False,false,1.0,4.0,2.0,,2,3,4,5,2,24,woman,Australian,bachelors_degree,1,3,4,5,analytical,high,7,1,2,1,3,truth_source_labeled_persona_304.json
304,TS62,1,ai,False,false,1.0,4.0,2.0,,2,3,4,5,2,24,woman,Australian,bachelors_degree,1,3,4,5,analytical,high,7,1,2,1,3,truth_source_labeled_persona_304.json
304,TS78,1,ai,False,false,1.0,6.0,2.0,,2,3,4,5,2,24,woman,Australian,bachelors_degree,1,3,4,5,analytical,high,7,1,2,1,3,truth_source_labeled_persona_304.json
304,TS70,1,ai,False,false,1.0,6.0,2.0,,2,3,4,5,2,24,woman,Australian,bachelors_degree,1,3,4,5,analytical,high,7,1,2,1,3,truth_source_labeled_persona_304.json
304,TS18,1,human,True,true,1.0,3.0,5.0,,2,3,4,5,2,24,woman,Australian,bachelors_degree,1,3,4,5,analytical,high,7,1,2,1,3,truth_source_labeled_persona_304.json
305,TS48,1,ai,True,true,1.0,4.0,2.0,,3,3,6,5,2,24,prefer_not_to_say,US,undergraduate,3,3,4,1,intuitive,high,4,4,5,1,4,truth_source_labeled_persona_305.json
305,TS62,1,ai,False,false,1.0,6.0,2.0,,3,3,6,5,2,24,prefer_not_to_say,US,undergraduate,3,3,4,1,intuitive,high,4,4,5,1,4,truth_source_labeled_persona_305.json
305,TS70,1,ai,False,false,1.0,6.0,2.0,,3,3,6,5,2,24,prefer_not_to_say,US,undergraduate,3,3,4,1,intuitive,high,4,4,5,1,4,truth_source_labeled_persona_305.json
305,TS18,1,human,True,true,1.0,6.0,5.0,,3,3,6,5,2,24,prefer_not_to_say,US,undergraduate,3,3,4,1,intuitive,high,4,4,5,1,4,truth_source_labeled_persona_305.json
305,TS25,1,human,False,false,1.0,6.0,4.0,,3,3,6,5,2,24,prefer_not_to_say,US,undergraduate,3,3,4,1,intuitive,high,4,4,5,1,4,truth_source_labeled_persona_305.json
306,TS65,1,ai,False,false,1.0,6.0,2.0,,4,3,6,2,4,25,man,US,vocational_training,7,1,3,4,mixed,high,3,1,4,2,5,truth_source_labeled_persona_306.json
306,TS78,1,ai,False,false,1.0,6.0,2.0,,4,3,6,2,4,25,man,US,vocational_training,7,1,3,4,mixed,high,3,1,4,2,5,truth_source_labeled_persona_306.json
306,TS70,1,ai,False,false,1.0,6.0,2.0,,4,3,6,2,4,25,man,US,vocational_training,7,1,3,4,mixed,high,3,1,4,2,5,truth_source_labeled_persona_306.json
306,TS53,1,ai,True,true,1.0,6.0,5.0,,4,3,6,2,4,25,man,US,vocational_training,7,1,3,4,mixed,high,3,1,4,2,5,truth_source_labeled_persona_306.json
306,TS63,1,ai,False,false,1.0,6.0,2.0,,4,3,6,2,4,25,man,US,vocational_training,7,1,3,4,mixed,high,3,1,4,2,5,truth_source_labeled_persona_306.json
307,TS70,1,ai,False,false,1.0,6.0,2.0,,4,2,5,6,3,21,man,US,high_school_or_equivalent,4,2,7,1,intuitive,low,7,2,6,3,7,truth_source_labeled_persona_307.json
307,TS65,1,ai,False,false,1.0,6.0,2.0,,4,2,5,6,3,21,man,US,high_school_or_equivalent,4,2,7,1,intuitive,low,7,2,6,3,7,truth_source_labeled_persona_307.json
307,TS38,1,human,False,unsure,,4.0,5.0,,4,2,5,6,3,21,man,US,high_school_or_equivalent,4,2,7,1,intuitive,low,7,2,6,3,7,truth_source_labeled_persona_307.json
307,TS62,1,ai,False,false,1.0,6.0,2.0,,4,2,5,6,3,21,man,US,high_school_or_equivalent,4,2,7,1,intuitive,low,7,2,6,3,7,truth_source_labeled_persona_307.json
307,TS53,1,ai,True,true,1.0,6.0,5.0,,4,2,5,6,3,21,man,US,high_school_or_equivalent,4,2,7,1,intuitive,low,7,2,6,3,7,truth_source_labeled_persona_307.json
308,TS53,1,ai,True,true,1.0,4.0,2.0,,2,3,5,4,4,22,woman,Dutch,some_college,1,2,1,7,mixed,moderate,1,5,7,3,4,truth_source_labeled_persona_308.json
308,TS63,1,ai,False,false,1.0,5.0,2.0,,2,3,5,4,4,22,woman,Dutch,some_college,1,2,1,7,mixed,moderate,1,5,7,3,4,truth_source_labeled_persona_308.json
308,TS70,1,ai,False,false,1.0,5.0,2.0,,2,3,5,4,4,22,woman,Dutch,some_college,1,2,1,7,mixed,moderate,1,5,7,3,4,truth_source_labeled_persona_308.json
308,TS71,1,ai,False,false,1.0,5.0,2.0,,2,3,5,4,4,22,woman,Dutch,some_college,1,2,1,7,mixed,moderate,1,5,7,3,4,truth_source_labeled_persona_308.json
308,TS78,1,ai,False,false,1.0,6.0,2.0,,2,3,5,4,4,22,woman,Dutch,some_college,1,2,1,7,mixed,moderate,1,5,7,3,4,truth_source_labeled_persona_308.json
309,TS65,1,ai,False,false,1.0,6.0,3.0,,3,4,5,2,6,25,nonbinary,Dutch,some_college,3,7,3,6,mixed,moderate,6,3,2,7,7,truth_source_labeled_persona_309.json
309,TS37,1,human,False,true,0.0,5.0,4.0,,3,4,5,2,6,25,nonbinary,Dutch,some_college,3,7,3,6,mixed,moderate,6,3,2,7,7,truth_source_labeled_persona_309.json
309,TS53,1,ai,True,true,1.0,7.0,6.0,,3,4,5,2,6,25,nonbinary,Dutch,some_college,3,7,3,6,mixed,moderate,6,3,2,7,7,truth_source_labeled_persona_309.json
309,TS62,1,ai,False,false,1.0,6.0,2.0,,3,4,5,2,6,25,nonbinary,Dutch,some_college,3,7,3,6,mixed,moderate,6,3,2,7,7,truth_source_labeled_persona_309.json
309,TS78,1,ai,False,false,1.0,6.0,2.0,,3,4,5,2,6,25,nonbinary,Dutch,some_college,3,7,3,6,mixed,moderate,6,3,2,7,7,truth_source_labeled_persona_309.json
310,TS0,1,human,True,false,0.0,4.0,2.0,,3,3,5,4,2,22,nonbinary,US,high_school_or_equivalent,3,3,1,3,analytical,moderate,4,5,3,1,5,truth_source_labeled_persona_310.json
310,TS53,1,ai,True,true,1.0,5.0,3.0,,3,3,5,4,2,22,nonbinary,US,high_school_or_equivalent,3,3,1,3,analytical,moderate,4,5,3,1,5,truth_source_labeled_persona_310.json
310,TS65,1,ai,False,false,1.0,2.0,2.0,,3,3,5,4,2,22,nonbinary,US,high_school_or_equivalent,3,3,1,3,analytical,moderate,4,5,3,1,5,truth_source_labeled_persona_310.json
310,TS25,1,human,False,false,1.0,5.0,4.0,,3,3,5,4,2,22,nonbinary,US,high_school_or_equivalent,3,3,1,3,analytical,moderate,4,5,3,1,5,truth_source_labeled_persona_310.json
310,TS62,1,ai,False,false,1.0,2.0,2.0,,3,3,5,4,2,22,nonbinary,US,high_school_or_equivalent,3,3,1,3,analytical,moderate,4,5,3,1,5,truth_source_labeled_persona_310.json
311,TS25,1,human,False,false,1.0,6.0,2.0,,4,2,6,5,3,24,prefer_not_to_say,US,some_college,7,2,4,4,mixed,high,4,1,7,4,4,truth_source_labeled_persona_311.json
311,TS48,1,ai,True,true,1.0,5.0,3.0,,4,2,6,5,3,24,prefer_not_to_say,US,some_college,7,2,4,4,mixed,high,4,1,7,4,4,truth_source_labeled_persona_311.json
311,TS62,1,ai,False,false,1.0,6.0,2.0,,4,2,6,5,3,24,prefer_not_to_say,US,some_college,7,2,4,4,mixed,high,4,1,7,4,4,truth_source_labeled_persona_311.json
311,TS53,1,ai,True,true,1.0,6.0,5.0,,4,2,6,5,3,24,prefer_not_to_say,US,some_college,7,2,4,4,mixed,high,4,1,7,4,4,truth_source_labeled_persona_311.json
311,TS70,1,ai,False,false,1.0,6.0,2.0,,4,2,6,5,3,24,prefer_not_to_say,US,some_college,7,2,4,4,mixed,high,4,1,7,4,4,truth_source_labeled_persona_311.json
312,TS70,1,ai,False,false,1.0,4.0,2.0,,4,2,6,5,3,24,nonbinary,US,some_college,6,2,3,5,intuitive,moderate,7,3,1,7,3,truth_source_labeled_persona_312.json
312,TS30,1,human,False,false,1.0,5.0,6.0,,4,2,6,5,3,24,nonbinary,US,some_college,6,2,3,5,intuitive,moderate,7,3,1,7,3,truth_source_labeled_persona_312.json
312,TS48,1,ai,True,true,1.0,5.0,4.0,,4,2,6,5,3,24,nonbinary,US,some_college,6,2,3,5,intuitive,moderate,7,3,1,7,3,truth_source_labeled_persona_312.json
312,TS53,1,ai,True,true,1.0,6.0,5.0,,4,2,6,5,3,24,nonbinary,US,some_college,6,2,3,5,intuitive,moderate,7,3,1,7,3,truth_source_labeled_persona_312.json
312,TS25,1,human,False,false,1.0,3.0,5.0,,4,2,6,5,3,24,nonbinary,US,some_college,6,2,3,5,intuitive,moderate,7,3,1,7,3,truth_source_labeled_persona_312.json
313,TS70,1,ai,False,false,1.0,6.0,2.0,,6,3,4,5,6,23,man,Australian,bachelors_degree,6,3,1,6,mixed,low,2,3,1,1,5,truth_source_labeled_persona_313.json
313,TS65,1,ai,False,false,1.0,6.0,2.0,,6,3,4,5,6,23,man,Australian,bachelors_degree,6,3,1,6,mixed,low,2,3,1,1,5,truth_source_labeled_persona_313.json
313,TS25,1,human,False,false,1.0,6.0,5.0,,6,3,4,5,6,23,man,Australian,bachelors_degree,6,3,1,6,mixed,low,2,3,1,1,5,truth_source_labeled_persona_313.json
313,TS53,1,ai,True,true,1.0,5.0,4.0,,6,3,4,5,6,23,man,Australian,bachelors_degree,6,3,1,6,mixed,low,2,3,1,1,5,truth_source_labeled_persona_313.json
313,TS62,1,ai,False,false,1.0,6.0,2.0,,6,3,4,5,6,23,man,Australian,bachelors_degree,6,3,1,6,mixed,low,2,3,1,1,5,truth_source_labeled_persona_313.json
314,TS68,1,ai,False,false,1.0,5.0,2.0,,4,2,6,5,3,24,man,German,high_school_or_equivalent,4,1,3,5,mixed,high,5,7,4,7,6,truth_source_labeled_persona_314.json
314,TS63,1,ai,False,true,0.0,4.0,3.0,,4,2,6,5,3,24,man,German,high_school_or_equivalent,4,1,3,5,mixed,high,5,7,4,7,6,truth_source_labeled_persona_314.json
314,TS70,1,ai,False,true,0.0,6.0,4.0,,4,2,6,5,3,24,man,German,high_school_or_equivalent,4,1,3,5,mixed,high,5,7,4,7,6,truth_source_labeled_persona_314.json
314,TS65,1,ai,False,false,1.0,6.0,2.0,,4,2,6,5,3,24,man,German,high_school_or_equivalent,4,1,3,5,mixed,high,5,7,4,7,6,truth_source_labeled_persona_314.json
314,TS25,1,human,False,false,1.0,6.0,5.0,,4,2,6,5,3,24,man,German,high_school_or_equivalent,4,1,3,5,mixed,high,5,7,4,7,6,truth_source_labeled_persona_314.json
315,TS62,1,ai,False,false,1.0,4.0,2.0,,4,3,5,6,4,20,nonbinary,US,some_college,4,3,7,4,analytical,moderate,5,6,6,6,4,truth_source_labeled_persona_315.json
315,TS65,1,ai,False,false,1.0,6.0,2.0,,4,3,5,6,4,20,nonbinary,US,some_college,4,3,7,4,analytical,moderate,5,6,6,6,4,truth_source_labeled_persona_315.json
315,TS25,1,human,False,false,1.0,6.0,5.0,,4,3,5,6,4,20,nonbinary,US,some_college,4,3,7,4,analytical,moderate,5,6,6,6,4,truth_source_labeled_persona_315.json
315,TS70,1,ai,False,false,1.0,6.0,2.0,,4,3,5,6,4,20,nonbinary,US,some_college,4,3,7,4,analytical,moderate,5,6,6,6,4,truth_source_labeled_persona_315.json
315,TS68,1,ai,False,false,1.0,7.0,2.0,,4,3,5,6,4,20,nonbinary,US,some_college,4,3,7,4,analytical,moderate,5,6,6,6,4,truth_source_labeled_persona_315.json
316,TS62,1,ai,False,false,1.0,6.0,2.0,,2,4,5,3,2,24,man,US,graduate_student,2,7,4,6,mixed,low,4,3,6,7,6,truth_source_labeled_persona_316.json
316,TS65,1,ai,False,false,1.0,6.0,2.0,,2,4,5,3,2,24,man,US,graduate_student,2,7,4,6,mixed,low,4,3,6,7,6,truth_source_labeled_persona_316.json
316,TS53,1,ai,True,true,1.0,7.0,5.0,,2,4,5,3,2,24,man,US,graduate_student,2,7,4,6,mixed,low,4,3,6,7,6,truth_source_labeled_persona_316.json
316,TS70,1,ai,False,false,1.0,6.0,3.0,,2,4,5,3,2,24,man,US,graduate_student,2,7,4,6,mixed,low,4,3,6,7,6,truth_source_labeled_persona_316.json
316,TS25,1,human,False,false,1.0,7.0,5.0,,2,4,5,3,2,24,man,US,graduate_student,2,7,4,6,mixed,low,4,3,6,7,6,truth_source_labeled_persona_316.json
317,TS68,1,ai,False,false,1.0,6.0,2.0,,3,1,6,4,2,25,nonbinary,US,bachelors_degree,3,1,1,6,mixed,low,3,7,6,3,7,truth_source_labeled_persona_317.json
317,TS25,1,human,False,false,1.0,6.0,5.0,,3,1,6,4,2,25,nonbinary,US,bachelors_degree,3,1,1,6,mixed,low,3,7,6,3,7,truth_source_labeled_persona_317.json
317,TS70,1,ai,False,false,1.0,6.0,2.0,,3,1,6,4,2,25,nonbinary,US,bachelors_degree,3,1,1,6,mixed,low,3,7,6,3,7,truth_source_labeled_persona_317.json
317,TS63,1,ai,False,false,1.0,6.0,2.0,,3,1,6,4,2,25,nonbinary,US,bachelors_degree,3,1,1,6,mixed,low,3,7,6,3,7,truth_source_labeled_persona_317.json
317,TS65,1,ai,False,false,1.0,6.0,2.0,,3,1,6,4,2,25,nonbinary,US,bachelors_degree,3,1,1,6,mixed,low,3,7,6,3,7,truth_source_labeled_persona_317.json
318,TS37,1,human,False,false,1.0,5.0,2.0,,4,3,5,2,4,23,prefer_not_to_say,US,vocational_training,3,3,3,4,intuitive,low,3,1,4,6,1,truth_source_labeled_persona_318.json
318,TS25,1,human,False,false,1.0,6.0,4.0,,4,3,5,2,4,23,prefer_not_to_say,US,vocational_training,3,3,3,4,intuitive,low,3,1,4,6,1,truth_source_labeled_persona_318.json
318,TS65,1,ai,False,false,1.0,1.0,2.0,,4,3,5,2,4,23,prefer_not_to_say,US,vocational_training,3,3,3,4,intuitive,low,3,1,4,6,1,truth_source_labeled_persona_318.json
318,TS62,1,ai,False,false,1.0,5.0,2.0,,4,3,5,2,4,23,prefer_not_to_say,US,vocational_training,3,3,3,4,intuitive,low,3,1,4,6,1,truth_source_labeled_persona_318.json
318,TS53,1,ai,True,true,1.0,6.0,5.0,,4,3,5,2,4,23,prefer_not_to_say,US,vocational_training,3,3,3,4,intuitive,low,3,1,4,6,1,truth_source_labeled_persona_318.json
319,TS53,1,ai,True,true,1.0,4.0,3.0,,4,3,5,6,4,21,woman,Dutch,some_college,7,3,1,4,mixed,moderate,7,3,5,7,4,truth_source_labeled_persona_319.json
319,TS37,1,human,False,false,1.0,6.0,5.0,,4,3,5,6,4,21,woman,Dutch,some_college,7,3,1,4,mixed,moderate,7,3,5,7,4,truth_source_labeled_persona_319.json
319,TS25,1,human,False,false,1.0,6.0,5.0,,4,3,5,6,4,21,woman,Dutch,some_college,7,3,1,4,mixed,moderate,7,3,5,7,4,truth_source_labeled_persona_319.json
319,TS65,1,ai,False,false,1.0,4.0,2.0,,4,3,5,6,4,21,woman,Dutch,some_college,7,3,1,4,mixed,moderate,7,3,5,7,4,truth_source_labeled_persona_319.json
319,TS62,1,ai,False,false,1.0,5.0,3.0,,4,3,5,6,4,21,woman,Dutch,some_college,7,3,1,4,mixed,moderate,7,3,5,7,4,truth_source_labeled_persona_319.json
320,TS62,1,ai,False,false,1.0,6.0,3.0,,3,2,5,4,3,18,man,Dutch,some_college,3,2,1,7,mixed,moderate,1,4,4,1,7,truth_source_labeled_persona_320.json
320,TS53,1,ai,True,true,1.0,6.0,5.0,,3,2,5,4,3,18,man,Dutch,some_college,3,2,1,7,mixed,moderate,1,4,4,1,7,truth_source_labeled_persona_320.json
320,TS65,1,ai,False,false,1.0,2.0,2.0,,3,2,5,4,3,18,man,Dutch,some_college,3,2,1,7,mixed,moderate,1,4,4,1,7,truth_source_labeled_persona_320.json
320,TS70,1,ai,False,false,1.0,4.0,5.0,,3,2,5,4,3,18,man,Dutch,some_college,3,2,1,7,mixed,moderate,1,4,4,1,7,truth_source_labeled_persona_320.json
320,TS25,1,human,False,false,1.0,6.0,5.0,,3,2,5,4,3,18,man,Dutch,some_college,3,2,1,7,mixed,moderate,1,4,4,1,7,truth_source_labeled_persona_320.json
321,TS25,1,human,False,false,1.0,6.0,2.0,,3,4,5,4,2,20,nonbinary,US,undergraduate,3,4,2,5,mixed,low,4,7,5,6,4,truth_source_labeled_persona_321.json
321,TS65,1,ai,False,false,1.0,5.0,1.0,,3,4,5,4,2,20,nonbinary,US,undergraduate,3,4,2,5,mixed,low,4,7,5,6,4,truth_source_labeled_persona_321.json
321,TS30,1,human,False,false,1.0,6.0,5.0,,3,4,5,4,2,20,nonbinary,US,undergraduate,3,4,2,5,mixed,low,4,7,5,6,4,truth_source_labeled_persona_321.json
321,TS53,1,ai,True,true,1.0,6.0,3.0,,3,4,5,4,2,20,nonbinary,US,undergraduate,3,4,2,5,mixed,low,4,7,5,6,4,truth_source_labeled_persona_321.json
321,TS70,1,ai,False,false,1.0,4.0,2.0,,3,4,5,4,2,20,nonbinary,US,undergraduate,3,4,2,5,mixed,low,4,7,5,6,4,truth_source_labeled_persona_321.json
322,TS53,1,ai,True,true,1.0,5.0,4.0,,4,2,5,3,4,21,woman,US,some_college,4,2,4,3,intuitive,moderate,2,2,5,1,4,truth_source_labeled_persona_322.json
322,TS65,1,ai,False,false,1.0,5.0,2.0,,4,2,5,3,4,21,woman,US,some_college,4,2,4,3,intuitive,moderate,2,2,5,1,4,truth_source_labeled_persona_322.json
322,TS63,1,ai,False,false,1.0,5.0,3.0,,4,2,5,3,4,21,woman,US,some_college,4,2,4,3,intuitive,moderate,2,2,5,1,4,truth_source_labeled_persona_322.json
322,TS78,1,ai,False,false,1.0,6.0,2.0,,4,2,5,3,4,21,woman,US,some_college,4,2,4,3,intuitive,moderate,2,2,5,1,4,truth_source_labeled_persona_322.json
322,TS70,1,ai,False,false,1.0,4.0,2.0,,4,2,5,3,4,21,woman,US,some_college,4,2,4,3,intuitive,moderate,2,2,5,1,4,truth_source_labeled_persona_322.json
323,TS30,1,human,False,false,1.0,6.0,2.0,,3,4,6,5,4,21,man,US,vocational_training,3,4,3,7,analytical,low,4,5,3,6,1,truth_source_labeled_persona_323.json
323,TS25,1,human,False,false,1.0,6.0,2.0,,3,4,6,5,4,21,man,US,vocational_training,3,4,3,7,analytical,low,4,5,3,6,1,truth_source_labeled_persona_323.json
323,TS0,1,human,True,true,1.0,5.0,4.0,,3,4,6,5,4,21,man,US,vocational_training,3,4,3,7,analytical,low,4,5,3,6,1,truth_source_labeled_persona_323.json
323,TS65,1,ai,False,false,1.0,2.0,3.0,,3,4,6,5,4,21,man,US,vocational_training,3,4,3,7,analytical,low,4,5,3,6,1,truth_source_labeled_persona_323.json
323,TS53,1,ai,True,true,1.0,6.0,5.0,,3,4,6,5,4,21,man,US,vocational_training,3,4,3,7,analytical,low,4,5,3,6,1,truth_source_labeled_persona_323.json
324,TS70,1,ai,False,false,1.0,6.0,3.0,,3,4,5,4,5,23,woman,Australian,high_school_or_equivalent,7,3,2,7,analytical,moderate,3,4,2,3,2,truth_source_labeled_persona_324.json
324,TS65,1,ai,False,false,1.0,6.0,2.0,,3,4,5,4,5,23,woman,Australian,high_school_or_equivalent,7,3,2,7,analytical,moderate,3,4,2,3,2,truth_source_labeled_persona_324.json
324,TS53,1,ai,True,true,1.0,6.0,5.0,,3,4,5,4,5,23,woman,Australian,high_school_or_equivalent,7,3,2,7,analytical,moderate,3,4,2,3,2,truth_source_labeled_persona_324.json
324,TS62,1,ai,False,false,1.0,6.0,3.0,,3,4,5,4,5,23,woman,Australian,high_school_or_equivalent,7,3,2,7,analytical,moderate,3,4,2,3,2,truth_source_labeled_persona_324.json
324,TS25,1,human,False,false,1.0,5.0,6.0,,3,4,5,4,5,23,woman,Australian,high_school_or_equivalent,7,3,2,7,analytical,moderate,3,4,2,3,2,truth_source_labeled_persona_324.json
325,TS25,1,human,False,false,1.0,6.0,2.0,,5,3,6,4,2,19,woman,German,bachelors_degree,5,5,1,1,mixed,high,7,2,4,7,1,truth_source_labeled_persona_325.json
325,TS68,1,ai,False,false,1.0,6.0,2.0,,5,3,6,4,2,19,woman,German,bachelors_degree,5,5,1,1,mixed,high,7,2,4,7,1,truth_source_labeled_persona_325.json
325,TS65,1,ai,False,false,1.0,6.0,2.0,,5,3,6,4,2,19,woman,German,bachelors_degree,5,5,1,1,mixed,high,7,2,4,7,1,truth_source_labeled_persona_325.json
325,TS63,1,ai,False,false,1.0,6.0,2.0,,5,3,6,4,2,19,woman,German,bachelors_degree,5,5,1,1,mixed,high,7,2,4,7,1,truth_source_labeled_persona_325.json
325,TS70,1,ai,False,false,1.0,6.0,2.0,,5,3,6,4,2,19,woman,German,bachelors_degree,5,5,1,1,mixed,high,7,2,4,7,1,truth_source_labeled_persona_325.json
326,TS65,1,ai,False,false,1.0,4.0,2.0,,2,3,5,4,2,25,man,US,bachelors_degree,7,3,4,1,mixed,low,6,6,2,1,5,truth_source_labeled_persona_326.json
326,TS68,1,ai,False,false,1.0,6.0,1.0,,2,3,5,4,2,25,man,US,bachelors_degree,7,3,4,1,mixed,low,6,6,2,1,5,truth_source_labeled_persona_326.json
326,TS37,1,human,False,true,0.0,6.0,5.0,,2,3,5,4,2,25,man,US,bachelors_degree,7,3,4,1,mixed,low,6,6,2,1,5,truth_source_labeled_persona_326.json
326,TS63,1,ai,False,false,1.0,4.0,2.0,,2,3,5,4,2,25,man,US,bachelors_degree,7,3,4,1,mixed,low,6,6,2,1,5,truth_source_labeled_persona_326.json
326,TS25,1,human,False,false,1.0,6.0,5.0,,2,3,5,4,2,25,man,US,bachelors_degree,7,3,4,1,mixed,low,6,6,2,1,5,truth_source_labeled_persona_326.json
327,TS37,1,human,False,false,1.0,4.0,3.0,,4,5,6,3,2,22,prefer_not_to_say,Dutch,some_college,4,4,1,4,analytical,moderate,4,1,4,4,1,truth_source_labeled_persona_327.json
327,TS25,1,human,False,false,1.0,5.0,4.0,,4,5,6,3,2,22,prefer_not_to_say,Dutch,some_college,4,4,1,4,analytical,moderate,4,1,4,4,1,truth_source_labeled_persona_327.json
327,TS63,1,ai,False,false,1.0,2.0,2.0,,4,5,6,3,2,22,prefer_not_to_say,Dutch,some_college,4,4,1,4,analytical,moderate,4,1,4,4,1,truth_source_labeled_persona_327.json
327,TS53,1,ai,True,true,1.0,5.0,6.0,,4,5,6,3,2,22,prefer_not_to_say,Dutch,some_college,4,4,1,4,analytical,moderate,4,1,4,4,1,truth_source_labeled_persona_327.json
327,TS65,1,ai,False,false,1.0,6.0,2.0,,4,5,6,3,2,22,prefer_not_to_say,Dutch,some_college,4,4,1,4,analytical,moderate,4,1,4,4,1,truth_source_labeled_persona_327.json
328,TS65,1,ai,False,false,1.0,5.0,2.0,,2,6,5,4,3,22,nonbinary,Canadian,high_school_or_equivalent,2,1,2,3,mixed,moderate,6,1,2,6,3,truth_source_labeled_persona_328.json
328,TS63,1,ai,False,false,1.0,6.0,4.0,,2,6,5,4,3,22,nonbinary,Canadian,high_school_or_equivalent,2,1,2,3,mixed,moderate,6,1,2,6,3,truth_source_labeled_persona_328.json
328,TS53,1,ai,True,true,1.0,6.0,5.0,,2,6,5,4,3,22,nonbinary,Canadian,high_school_or_equivalent,2,1,2,3,mixed,moderate,6,1,2,6,3,truth_source_labeled_persona_328.json
328,TS70,1,ai,False,false,1.0,4.0,2.0,,2,6,5,4,3,22,nonbinary,Canadian,high_school_or_equivalent,2,1,2,3,mixed,moderate,6,1,2,6,3,truth_source_labeled_persona_328.json
328,TS25,1,human,False,false,1.0,6.0,5.0,,2,6,5,4,3,22,nonbinary,Canadian,high_school_or_equivalent,2,1,2,3,mixed,moderate,6,1,2,6,3,truth_source_labeled_persona_328.json
329,TS30,1,human,False,false,1.0,6.0,2.0,,4,5,6,3,2,20,prefer_not_to_say,US,undergraduate,7,6,4,1,mixed,high,5,7,4,6,3,truth_source_labeled_persona_329.json
329,TS65,1,ai,False,false,1.0,6.0,2.0,,4,5,6,3,2,20,prefer_not_to_say,US,undergraduate,7,6,4,1,mixed,high,5,7,4,6,3,truth_source_labeled_persona_329.json
329,TS78,1,ai,False,false,1.0,6.0,2.0,,4,5,6,3,2,20,prefer_not_to_say,US,undergraduate,7,6,4,1,mixed,high,5,7,4,6,3,truth_source_labeled_persona_329.json
329,TS53,1,ai,True,true,1.0,6.0,5.0,,4,5,6,3,2,20,prefer_not_to_say,US,undergraduate,7,6,4,1,mixed,high,5,7,4,6,3,truth_source_labeled_persona_329.json
329,TS70,1,ai,False,false,1.0,6.0,2.0,,4,5,6,3,2,20,prefer_not_to_say,US,undergraduate,7,6,4,1,mixed,high,5,7,4,6,3,truth_source_labeled_persona_329.json
330,TS53,1,ai,True,true,1.0,4.0,3.0,,4,5,6,5,3,18,nonbinary,British,undergraduate,4,5,2,4,mixed,moderate,4,2,1,5,4,truth_source_labeled_persona_330.json
330,TS78,1,ai,False,false,1.0,2.0,3.0,,4,5,6,5,3,18,nonbinary,British,undergraduate,4,5,2,4,mixed,moderate,4,2,1,5,4,truth_source_labeled_persona_330.json
330,TS48,1,ai,True,true,1.0,5.0,6.0,,4,5,6,5,3,18,nonbinary,British,undergraduate,4,5,2,4,mixed,moderate,4,2,1,5,4,truth_source_labeled_persona_330.json
330,TS70,1,ai,False,false,1.0,2.0,4.0,,4,5,6,5,3,18,nonbinary,British,undergraduate,4,5,2,4,mixed,moderate,4,2,1,5,4,truth_source_labeled_persona_330.json
330,TS63,1,ai,False,false,1.0,3.0,5.0,,4,5,6,5,3,18,nonbinary,British,undergraduate,4,5,2,4,mixed,moderate,4,2,1,5,4,truth_source_labeled_persona_330.json
331,TS63,1,ai,False,false,1.0,4.0,2.0,,5,4,6,5,3,24,prefer_not_to_say,US,graduate_student,3,5,4,2,mixed,moderate,7,4,6,4,2,truth_source_labeled_persona_331.json
331,TS48,1,ai,True,true,1.0,5.0,6.0,,5,4,6,5,3,24,prefer_not_to_say,US,graduate_student,3,5,4,2,mixed,moderate,7,4,6,4,2,truth_source_labeled_persona_331.json
331,TS78,1,ai,False,false,1.0,6.0,2.0,,5,4,6,5,3,24,prefer_not_to_say,US,graduate_student,3,5,4,2,mixed,moderate,7,4,6,4,2,truth_source_labeled_persona_331.json
331,TS68,1,ai,False,false,1.0,6.0,2.0,,5,4,6,5,3,24,prefer_not_to_say,US,graduate_student,3,5,4,2,mixed,moderate,7,4,6,4,2,truth_source_labeled_persona_331.json
331,TS70,1,ai,False,false,1.0,6.0,2.0,,5,4,6,5,3,24,prefer_not_to_say,US,graduate_student,3,5,4,2,mixed,moderate,7,4,6,4,2,truth_source_labeled_persona_331.json
332,TS54,1,ai,True,true,1.0,5.0,3.0,,5,6,4,6,5,24,prefer_not_to_say,British,graduate_student,5,7,2,4,analytical,moderate,3,1,4,2,2,truth_source_labeled_persona_332.json
332,TS63,1,ai,False,false,1.0,2.0,4.0,,5,6,4,6,5,24,prefer_not_to_say,British,graduate_student,5,7,2,4,analytical,moderate,3,1,4,2,2,truth_source_labeled_persona_332.json
332,TS70,1,ai,False,false,1.0,6.0,2.0,,5,6,4,6,5,24,prefer_not_to_say,British,graduate_student,5,7,2,4,analytical,moderate,3,1,4,2,2,truth_source_labeled_persona_332.json
332,TS48,1,ai,True,true,1.0,5.0,5.0,,5,6,4,6,5,24,prefer_not_to_say,British,graduate_student,5,7,2,4,analytical,moderate,3,1,4,2,2,truth_source_labeled_persona_332.json
332,TS78,1,ai,False,false,1.0,7.0,2.0,,5,6,4,6,5,24,prefer_not_to_say,British,graduate_student,5,7,2,4,analytical,moderate,3,1,4,2,2,truth_source_labeled_persona_332.json
333,TS9,1,human,True,true,1.0,4.0,5.0,,4,3,5,2,4,23,woman,Canadian,graduate_student,1,4,1,6,intuitive,low,7,6,4,3,3,truth_source_labeled_persona_333.json
333,TS30,1,human,False,false,1.0,6.0,3.0,,4,3,5,2,4,23,woman,Canadian,graduate_student,1,4,1,6,intuitive,low,7,6,4,3,3,truth_source_labeled_persona_333.json
333,TS68,1,ai,False,false,1.0,6.0,2.0,,4,3,5,2,4,23,woman,Canadian,graduate_student,1,4,1,6,intuitive,low,7,6,4,3,3,truth_source_labeled_persona_333.json
333,TS78,1,ai,False,false,1.0,6.0,2.0,,4,3,5,2,4,23,woman,Canadian,graduate_student,1,4,1,6,intuitive,low,7,6,4,3,3,truth_source_labeled_persona_333.json
333,TS48,1,ai,True,true,1.0,6.0,5.0,,4,3,5,2,4,23,woman,Canadian,graduate_student,1,4,1,6,intuitive,low,7,6,4,3,3,truth_source_labeled_persona_333.json
334,TS38,1,human,False,true,0.0,4.0,5.0,,2,4,3,6,5,19,man,Canadian,vocational_training,2,2,4,2,intuitive,low,5,3,4,1,4,truth_source_labeled_persona_334.json
334,TS37,1,human,False,true,0.0,6.0,6.0,,2,4,3,6,5,19,man,Canadian,vocational_training,2,2,4,2,intuitive,low,5,3,4,1,4,truth_source_labeled_persona_334.json
334,TS53,1,ai,True,true,1.0,5.0,3.0,,2,4,3,6,5,19,man,Canadian,vocational_training,2,2,4,2,intuitive,low,5,3,4,1,4,truth_source_labeled_persona_334.json
334,TS63,1,ai,False,false,1.0,2.0,2.0,,2,4,3,6,5,19,man,Canadian,vocational_training,2,2,4,2,intuitive,low,5,3,4,1,4,truth_source_labeled_persona_334.json
334,TS71,1,ai,False,false,1.0,7.0,1.0,,2,4,3,6,5,19,man,Canadian,vocational_training,2,2,4,2,intuitive,low,5,3,4,1,4,truth_source_labeled_persona_334.json
335,TS53,1,ai,True,true,1.0,5.0,2.0,,2,3,5,4,2,18,man,US,some_college,1,3,2,5,mixed,moderate,5,6,4,2,2,truth_source_labeled_persona_335.json
335,TS63,1,ai,False,false,1.0,5.0,2.0,,2,3,5,4,2,18,man,US,some_college,1,3,2,5,mixed,moderate,5,6,4,2,2,truth_source_labeled_persona_335.json
335,TS78,1,ai,False,false,1.0,5.0,2.0,,2,3,5,4,2,18,man,US,some_college,1,3,2,5,mixed,moderate,5,6,4,2,2,truth_source_labeled_persona_335.json
335,TS48,1,ai,True,true,1.0,5.0,6.0,,2,3,5,4,2,18,man,US,some_college,1,3,2,5,mixed,moderate,5,6,4,2,2,truth_source_labeled_persona_335.json
335,TS37,1,human,False,true,0.0,5.0,6.0,,2,3,5,4,2,18,man,US,some_college,1,3,2,5,mixed,moderate,5,6,4,2,2,truth_source_labeled_persona_335.json
336,TS0,1,human,True,true,1.0,5.0,6.0,,3,3,6,5,4,25,nonbinary,Dutch,undergraduate,3,3,3,7,analytical,high,5,5,4,6,6,truth_source_labeled_persona_336.json
336,TS71,1,ai,False,false,1.0,6.0,2.0,,3,3,6,5,4,25,nonbinary,Dutch,undergraduate,3,3,3,7,analytical,high,5,5,4,6,6,truth_source_labeled_persona_336.json
336,TS53,1,ai,True,true,1.0,6.0,5.0,,3,3,6,5,4,25,nonbinary,Dutch,undergraduate,3,3,3,7,analytical,high,5,5,4,6,6,truth_source_labeled_persona_336.json
336,TS78,1,ai,False,false,1.0,5.0,2.0,,3,3,6,5,4,25,nonbinary,Dutch,undergraduate,3,3,3,7,analytical,high,5,5,4,6,6,truth_source_labeled_persona_336.json
336,TS63,1,ai,False,false,1.0,4.0,3.0,,3,3,6,5,4,25,nonbinary,Dutch,undergraduate,3,3,3,7,analytical,high,5,5,4,6,6,truth_source_labeled_persona_336.json
337,TS68,1,ai,False,false,1.0,6.0,2.0,,4,2,5,3,4,22,nonbinary,Australian,bachelors_degree,4,1,3,5,intuitive,moderate,5,6,4,6,1,truth_source_labeled_persona_337.json
337,TS37,1,human,False,true,0.0,5.0,4.0,,4,2,5,3,4,22,nonbinary,Australian,bachelors_degree,4,1,3,5,intuitive,moderate,5,6,4,6,1,truth_source_labeled_persona_337.json
337,TS63,1,ai,False,false,1.0,2.0,3.0,,4,2,5,3,4,22,nonbinary,Australian,bachelors_degree,4,1,3,5,intuitive,moderate,5,6,4,6,1,truth_source_labeled_persona_337.json
337,TS78,1,ai,False,false,1.0,6.0,2.0,,4,2,5,3,4,22,nonbinary,Australian,bachelors_degree,4,1,3,5,intuitive,moderate,5,6,4,6,1,truth_source_labeled_persona_337.json
337,TS48,1,ai,True,true,1.0,5.0,4.0,,4,2,5,3,4,22,nonbinary,Australian,bachelors_degree,4,1,3,5,intuitive,moderate,5,6,4,6,1,truth_source_labeled_persona_337.json
338,TS37,1,human,False,false,1.0,4.0,3.0,,4,2,6,5,3,20,nonbinary,Canadian,undergraduate,7,3,6,2,mixed,high,4,5,5,4,2,truth_source_labeled_persona_338.json
338,TS54,1,ai,True,true,1.0,5.0,4.0,,4,2,6,5,3,20,nonbinary,Canadian,undergraduate,7,3,6,2,mixed,high,4,5,5,4,2,truth_source_labeled_persona_338.json
338,TS48,1,ai,True,true,1.0,6.0,5.0,,4,2,6,5,3,20,nonbinary,Canadian,undergraduate,7,3,6,2,mixed,high,4,5,5,4,2,truth_source_labeled_persona_338.json
338,TS38,1,human,False,false,1.0,3.0,2.0,,4,2,6,5,3,20,nonbinary,Canadian,undergraduate,7,3,6,2,mixed,high,4,5,5,4,2,truth_source_labeled_persona_338.json
338,TS63,1,ai,False,false,1.0,6.0,4.0,,4,2,6,5,3,20,nonbinary,Canadian,undergraduate,7,3,6,2,mixed,high,4,5,5,4,2,truth_source_labeled_persona_338.json
339,TS63,1,ai,False,false,1.0,5.0,2.0,,4,6,5,3,5,24,nonbinary,US,bachelors_degree,4,6,7,4,mixed,low,7,5,2,7,3,truth_source_labeled_persona_339.json
339,TS48,1,ai,True,true,1.0,6.0,5.0,,4,6,5,3,5,24,nonbinary,US,bachelors_degree,4,6,7,4,mixed,low,7,5,2,7,3,truth_source_labeled_persona_339.json
339,TS37,1,human,False,true,0.0,4.0,6.0,,4,6,5,3,5,24,nonbinary,US,bachelors_degree,4,6,7,4,mixed,low,7,5,2,7,3,truth_source_labeled_persona_339.json
339,TS78,1,ai,False,false,1.0,2.0,1.0,,4,6,5,3,5,24,nonbinary,US,bachelors_degree,4,6,7,4,mixed,low,7,5,2,7,3,truth_source_labeled_persona_339.json
339,TS68,1,ai,False,false,1.0,6.0,2.0,,4,6,5,3,5,24,nonbinary,US,bachelors_degree,4,6,7,4,mixed,low,7,5,2,7,3,truth_source_labeled_persona_339.json
340,TS68,1,ai,False,false,1.0,6.0,2.0,,2,5,6,3,4,23,woman,Canadian,some_college,2,7,3,1,analytical,moderate,5,6,3,5,5,truth_source_labeled_persona_340.json
340,TS78,1,ai,False,false,1.0,6.0,2.0,,2,5,6,3,4,23,woman,Canadian,some_college,2,7,3,1,analytical,moderate,5,6,3,5,5,truth_source_labeled_persona_340.json
340,TS9,1,human,True,true,1.0,4.0,5.0,,2,5,6,3,4,23,woman,Canadian,some_college,2,7,3,1,analytical,moderate,5,6,3,5,5,truth_source_labeled_persona_340.json
340,TS63,1,ai,False,false,1.0,6.0,2.0,,2,5,6,3,4,23,woman,Canadian,some_college,2,7,3,1,analytical,moderate,5,6,3,5,5,truth_source_labeled_persona_340.json
340,TS48,1,ai,True,true,1.0,6.0,5.0,,2,5,6,3,4,23,woman,Canadian,some_college,2,7,3,1,analytical,moderate,5,6,3,5,5,truth_source_labeled_persona_340.json
341,TS48,1,ai,True,false,0.0,4.0,2.0,,4,3,6,5,2,19,woman,US,bachelors_degree,7,4,2,5,mixed,high,1,7,5,5,5,truth_source_labeled_persona_341.json
341,TS78,1,ai,False,false,1.0,5.0,3.0,,4,3,6,5,2,19,woman,US,bachelors_degree,7,4,2,5,mixed,high,1,7,5,5,5,truth_source_labeled_persona_341.json
341,TS54,1,ai,True,true,1.0,4.0,5.0,,4,3,6,5,2,19,woman,US,bachelors_degree,7,4,2,5,mixed,high,1,7,5,5,5,truth_source_labeled_persona_341.json
341,TS30,1,human,False,false,1.0,3.0,4.0,,4,3,6,5,2,19,woman,US,bachelors_degree,7,4,2,5,mixed,high,1,7,5,5,5,truth_source_labeled_persona_341.json
341,TS37,1,human,False,true,0.0,6.0,5.0,,4,3,6,5,2,19,woman,US,bachelors_degree,7,4,2,5,mixed,high,1,7,5,5,5,truth_source_labeled_persona_341.json
342,TS48,1,ai,True,true,1.0,6.0,5.0,,4,5,3,2,4,20,woman,Australian,bachelors_degree,4,5,4,4,mixed,moderate,1,1,4,5,2,truth_source_labeled_persona_342.json
342,TS78,1,ai,False,false,1.0,6.0,5.0,,4,5,3,2,4,20,woman,Australian,bachelors_degree,4,5,4,4,mixed,moderate,1,1,4,5,2,truth_source_labeled_persona_342.json
342,TS68,1,ai,False,false,1.0,7.0,4.0,,4,5,3,2,4,20,woman,Australian,bachelors_degree,4,5,4,4,mixed,moderate,1,1,4,5,2,truth_source_labeled_persona_342.json
342,TS30,1,human,False,false,1.0,6.0,2.0,,4,5,3,2,4,20,woman,Australian,bachelors_degree,4,5,4,4,mixed,moderate,1,1,4,5,2,truth_source_labeled_persona_342.json
342,TS37,1,human,False,true,0.0,4.0,6.0,,4,5,3,2,4,20,woman,Australian,bachelors_degree,4,5,4,4,mixed,moderate,1,1,4,5,2,truth_source_labeled_persona_342.json
343,TS63,1,ai,False,false,1.0,5.0,2.0,,2,3,4,5,6,23,nonbinary,Dutch,graduate_student,2,7,5,5,mixed,high,4,5,5,5,4,truth_source_labeled_persona_343.json
343,TS49,1,ai,True,true,1.0,6.0,5.0,,2,3,4,5,6,23,nonbinary,Dutch,graduate_student,2,7,5,5,mixed,high,4,5,5,5,4,truth_source_labeled_persona_343.json
343,TS37,1,human,False,true,0.0,5.0,6.0,,2,3,4,5,6,23,nonbinary,Dutch,graduate_student,2,7,5,5,mixed,high,4,5,5,5,4,truth_source_labeled_persona_343.json
343,TS54,1,ai,True,true,1.0,6.0,4.0,,2,3,4,5,6,23,nonbinary,Dutch,graduate_student,2,7,5,5,mixed,high,4,5,5,5,4,truth_source_labeled_persona_343.json
343,TS78,1,ai,False,false,1.0,6.0,2.0,,2,3,4,5,6,23,nonbinary,Dutch,graduate_student,2,7,5,5,mixed,high,4,5,5,5,4,truth_source_labeled_persona_343.json
344,TS38,1,human,False,true,0.0,4.0,3.0,,4,3,2,5,4,25,prefer_not_to_say,US,some_college,7,1,7,2,mixed,low,7,1,4,4,2,truth_source_labeled_persona_344.json
344,TS63,1,ai,False,false,1.0,2.0,5.0,,4,3,2,5,4,25,prefer_not_to_say,US,some_college,7,1,7,2,mixed,low,7,1,4,4,2,truth_source_labeled_persona_344.json
344,TS37,1,human,False,false,1.0,5.0,6.0,,4,3,2,5,4,25,prefer_not_to_say,US,some_college,7,1,7,2,mixed,low,7,1,4,4,2,truth_source_labeled_persona_344.json
344,TS68,1,ai,False,false,1.0,6.0,4.0,,4,3,2,5,4,25,prefer_not_to_say,US,some_college,7,1,7,2,mixed,low,7,1,4,4,2,truth_source_labeled_persona_344.json
344,TS48,1,ai,True,true,1.0,6.0,5.0,,4,3,2,5,4,25,prefer_not_to_say,US,some_college,7,1,7,2,mixed,low,7,1,4,4,2,truth_source_labeled_persona_344.json
345,TS68,1,ai,False,false,1.0,5.0,2.0,,5,3,6,4,2,20,woman,Canadian,undergraduate,5,3,7,2,mixed,low,2,2,4,7,3,truth_source_labeled_persona_345.json
345,TS79,1,ai,False,false,1.0,5.0,2.0,,5,3,6,4,2,20,woman,Canadian,undergraduate,5,3,7,2,mixed,low,2,2,4,7,3,truth_source_labeled_persona_345.json
345,TS48,1,ai,True,true,1.0,6.0,5.0,,5,3,6,4,2,20,woman,Canadian,undergraduate,5,3,7,2,mixed,low,2,2,4,7,3,truth_source_labeled_persona_345.json
345,TS37,1,human,False,true,0.0,4.0,6.0,,5,3,6,4,2,20,woman,Canadian,undergraduate,5,3,7,2,mixed,low,2,2,4,7,3,truth_source_labeled_persona_345.json
345,TS78,1,ai,False,false,1.0,6.0,2.0,,5,3,6,4,2,20,woman,Canadian,undergraduate,5,3,7,2,mixed,low,2,2,4,7,3,truth_source_labeled_persona_345.json
346,TS71,1,ai,False,false,1.0,5.0,2.0,,3,4,6,5,3,18,nonbinary,German,undergraduate,1,2,4,4,intuitive,high,7,4,1,7,2,truth_source_labeled_persona_346.json
346,TS78,1,ai,False,false,1.0,6.0,2.0,,3,4,6,5,3,18,nonbinary,German,undergraduate,1,2,4,4,intuitive,high,7,4,1,7,2,truth_source_labeled_persona_346.json
346,TS68,1,ai,False,false,1.0,6.0,2.0,,3,4,6,5,3,18,nonbinary,German,undergraduate,1,2,4,4,intuitive,high,7,4,1,7,2,truth_source_labeled_persona_346.json
346,TS63,1,ai,False,false,1.0,5.0,4.0,,3,4,6,5,3,18,nonbinary,German,undergraduate,1,2,4,4,intuitive,high,7,4,1,7,2,truth_source_labeled_persona_346.json
346,TS37,1,human,False,false,1.0,6.0,5.0,,3,4,6,5,3,18,nonbinary,German,undergraduate,1,2,4,4,intuitive,high,7,4,1,7,2,truth_source_labeled_persona_346.json
347,TS37,1,human,False,false,1.0,4.0,5.0,,5,2,4,6,3,25,woman,British,high_school_or_equivalent,7,3,6,1,intuitive,low,3,4,5,4,1,truth_source_labeled_persona_347.json
347,TS68,1,ai,False,false,1.0,7.0,1.0,,5,2,4,6,3,25,woman,British,high_school_or_equivalent,7,3,6,1,intuitive,low,3,4,5,4,1,truth_source_labeled_persona_347.json
347,TS48,1,ai,True,true,1.0,6.0,2.0,,5,2,4,6,3,25,woman,British,high_school_or_equivalent,7,3,6,1,intuitive,low,3,4,5,4,1,truth_source_labeled_persona_347.json
347,TS38,1,human,False,false,1.0,4.0,5.0,,5,2,4,6,3,25,woman,British,high_school_or_equivalent,7,3,6,1,intuitive,low,3,4,5,4,1,truth_source_labeled_persona_347.json
347,TS63,1,ai,False,false,1.0,6.0,2.0,,5,2,4,6,3,25,woman,British,high_school_or_equivalent,7,3,6,1,intuitive,low,3,4,5,4,1,truth_source_labeled_persona_347.json
348,TS48,1,ai,True,true,1.0,5.0,4.0,,4,3,5,2,4,18,prefer_not_to_say,German,undergraduate,4,1,6,5,analytical,moderate,3,7,1,6,5,truth_source_labeled_persona_348.json
348,TS37,1,human,False,true,0.0,6.0,5.0,,4,3,5,2,4,18,prefer_not_to_say,German,undergraduate,4,1,6,5,analytical,moderate,3,7,1,6,5,truth_source_labeled_persona_348.json
348,TS68,1,ai,False,false,1.0,6.0,2.0,,4,3,5,2,4,18,prefer_not_to_say,German,undergraduate,4,1,6,5,analytical,moderate,3,7,1,6,5,truth_source_labeled_persona_348.json
348,TS78,1,ai,False,false,1.0,6.0,2.0,,4,3,5,2,4,18,prefer_not_to_say,German,undergraduate,4,1,6,5,analytical,moderate,3,7,1,6,5,truth_source_labeled_persona_348.json
348,TS63,1,ai,False,false,1.0,6.0,4.0,,4,3,5,2,4,18,prefer_not_to_say,German,undergraduate,4,1,6,5,analytical,moderate,3,7,1,6,5,truth_source_labeled_persona_348.json
349,TS68,1,ai,False,false,1.0,5.0,2.0,,6,4,5,2,3,18,woman,Dutch,high_school_or_equivalent,6,4,3,4,mixed,moderate,3,2,2,5,7,truth_source_labeled_persona_349.json
349,TS48,1,ai,True,true,1.0,6.0,5.0,,6,4,5,2,3,18,woman,Dutch,high_school_or_equivalent,6,4,3,4,mixed,moderate,3,2,2,5,7,truth_source_labeled_persona_349.json
349,TS78,1,ai,False,false,1.0,4.0,3.0,,6,4,5,2,3,18,woman,Dutch,high_school_or_equivalent,6,4,3,4,mixed,moderate,3,2,2,5,7,truth_source_labeled_persona_349.json
349,TS37,1,human,False,false,1.0,5.0,6.0,,6,4,5,2,3,18,woman,Dutch,high_school_or_equivalent,6,4,3,4,mixed,moderate,3,2,2,5,7,truth_source_labeled_persona_349.json
349,TS63,1,ai,False,false,1.0,5.0,2.0,,6,4,5,2,3,18,woman,Dutch,high_school_or_equivalent,6,4,3,4,mixed,moderate,3,2,2,5,7,truth_source_labeled_persona_349.json
350,TS63,1,ai,False,false,1.0,5.0,2.0,,4,3,5,2,6,25,woman,US,graduate_student,4,3,7,5,mixed,moderate,5,1,7,4,4,truth_source_labeled_persona_350.json
350,TS48,1,ai,True,true,1.0,6.0,5.0,,4,3,5,2,6,25,woman,US,graduate_student,4,3,7,5,mixed,moderate,5,1,7,4,4,truth_source_labeled_persona_350.json
350,TS9,1,human,True,true,1.0,5.0,6.0,,4,3,5,2,6,25,woman,US,graduate_student,4,3,7,5,mixed,moderate,5,1,7,4,4,truth_source_labeled_persona_350.json
350,TS68,1,ai,False,false,1.0,6.0,2.0,,4,3,5,2,6,25,woman,US,graduate_student,4,3,7,5,mixed,moderate,5,1,7,4,4,truth_source_labeled_persona_350.json
350,TS78,1,ai,False,false,1.0,6.0,2.0,,4,3,5,2,6,25,woman,US,graduate_student,4,3,7,5,mixed,moderate,5,1,7,4,4,truth_source_labeled_persona_350.json
351,TS78,1,ai,False,false,1.0,6.0,2.0,,4,3,5,6,2,22,woman,US,bachelors_degree,4,3,1,3,intuitive,moderate,6,7,2,5,4,truth_source_labeled_persona_351.json
351,TS48,1,ai,True,true,1.0,6.0,5.0,,4,3,5,6,2,22,woman,US,bachelors_degree,4,3,1,3,intuitive,moderate,6,7,2,5,4,truth_source_labeled_persona_351.json
351,TS37,1,human,False,false,1.0,5.0,6.0,,4,3,5,6,2,22,woman,US,bachelors_degree,4,3,1,3,intuitive,moderate,6,7,2,5,4,truth_source_labeled_persona_351.json
351,TS68,1,ai,False,false,1.0,6.0,2.0,,4,3,5,6,2,22,woman,US,bachelors_degree,4,3,1,3,intuitive,moderate,6,7,2,5,4,truth_source_labeled_persona_351.json
351,TS63,1,ai,False,false,1.0,6.0,2.0,,4,3,5,6,2,22,woman,US,bachelors_degree,4,3,1,3,intuitive,moderate,6,7,2,5,4,truth_source_labeled_persona_351.json
352,TS68,1,ai,False,false,1.0,5.0,2.0,,4,2,6,5,3,24,prefer_not_to_say,US,some_college,4,2,5,3,mixed,high,6,4,6,6,3,truth_source_labeled_persona_352.json
352,TS0,1,human,True,true,1.0,4.0,5.0,,4,2,6,5,3,24,prefer_not_to_say,US,some_college,4,2,5,3,mixed,high,6,4,6,6,3,truth_source_labeled_persona_352.json
352,TS63,1,ai,False,false,1.0,3.0,2.0,,4,2,6,5,3,24,prefer_not_to_say,US,some_college,4,2,5,3,mixed,high,6,4,6,6,3,truth_source_labeled_persona_352.json
352,TS78,1,ai,False,false,1.0,5.0,2.0,,4,2,6,5,3,24,prefer_not_to_say,US,some_college,4,2,5,3,mixed,high,6,4,6,6,3,truth_source_labeled_persona_352.json
352,TS48,1,ai,True,true,1.0,5.0,6.0,,4,2,6,5,3,24,prefer_not_to_say,US,some_college,4,2,5,3,mixed,high,6,4,6,6,3,truth_source_labeled_persona_352.json
353,TS54,1,ai,True,true,1.0,4.0,3.0,,5,2,6,4,3,21,nonbinary,US,graduate_student,5,2,7,1,mixed,high,3,2,5,5,7,truth_source_labeled_persona_353.json
353,TS78,1,ai,False,false,1.0,6.0,2.0,,5,2,6,4,3,21,nonbinary,US,graduate_student,5,2,7,1,mixed,high,3,2,5,5,7,truth_source_labeled_persona_353.json
353,TS48,1,ai,True,true,1.0,5.0,4.0,,5,2,6,4,3,21,nonbinary,US,graduate_student,5,2,7,1,mixed,high,3,2,5,5,7,truth_source_labeled_persona_353.json
353,TS63,1,ai,False,false,1.0,6.0,2.0,,5,2,6,4,3,21,nonbinary,US,graduate_student,5,2,7,1,mixed,high,3,2,5,5,7,truth_source_labeled_persona_353.json
353,TS0,1,human,True,false,0.0,5.0,6.0,,5,2,6,4,3,21,nonbinary,US,graduate_student,5,2,7,1,mixed,high,3,2,5,5,7,truth_source_labeled_persona_353.json
354,TS31,1,human,False,false,1.0,6.0,2.0,,6,3,5,4,4,18,nonbinary,Dutch,graduate_student,6,3,3,7,mixed,high,4,3,5,4,4,truth_source_labeled_persona_354.json
354,TS37,1,human,False,true,0.0,5.0,4.0,,6,3,5,4,4,18,nonbinary,Dutch,graduate_student,6,3,3,7,mixed,high,4,3,5,4,4,truth_source_labeled_persona_354.json
354,TS63,1,ai,False,false,1.0,4.0,2.0,,6,3,5,4,4,18,nonbinary,Dutch,graduate_student,6,3,3,7,mixed,high,4,3,5,4,4,truth_source_labeled_persona_354.json
354,TS48,1,ai,True,true,1.0,5.0,3.0,,6,3,5,4,4,18,nonbinary,Dutch,graduate_student,6,3,3,7,mixed,high,4,3,5,4,4,truth_source_labeled_persona_354.json
354,TS68,1,ai,False,false,1.0,7.0,1.0,,6,3,5,4,4,18,nonbinary,Dutch,graduate_student,6,3,3,7,mixed,high,4,3,5,4,4,truth_source_labeled_persona_354.json
355,TS54,1,ai,True,true,1.0,4.0,5.0,,2,4,3,5,6,25,woman,Dutch,bachelors_degree,2,4,4,4,intuitive,low,7,2,3,2,1,truth_source_labeled_persona_355.json
355,TS50,1,ai,True,true,1.0,6.0,6.0,,2,4,3,5,6,25,woman,Dutch,bachelors_degree,2,4,4,4,intuitive,low,7,2,3,2,1,truth_source_labeled_persona_355.json
355,TS48,1,ai,True,true,1.0,5.0,6.0,,2,4,3,5,6,25,woman,Dutch,bachelors_degree,2,4,4,4,intuitive,low,7,2,3,2,1,truth_source_labeled_persona_355.json
355,TS37,1,human,False,false,1.0,6.0,5.0,,2,4,3,5,6,25,woman,Dutch,bachelors_degree,2,4,4,4,intuitive,low,7,2,3,2,1,truth_source_labeled_persona_355.json
355,TS38,1,human,False,false,1.0,2.0,3.0,,2,4,3,5,6,25,woman,Dutch,bachelors_degree,2,4,4,4,intuitive,low,7,2,3,2,1,truth_source_labeled_persona_355.json
356,TS49,1,ai,True,true,1.0,4.0,2.0,,4,3,5,6,4,23,man,British,graduate_student,6,3,3,3,analytical,low,4,3,5,7,4,truth_source_labeled_persona_356.json
356,TS30,1,human,False,false,1.0,6.0,4.0,,4,3,5,6,4,23,man,British,graduate_student,6,3,3,3,analytical,low,4,3,5,7,4,truth_source_labeled_persona_356.json
356,TS78,1,ai,False,false,1.0,2.0,1.0,,4,3,5,6,4,23,man,British,graduate_student,6,3,3,3,analytical,low,4,3,5,7,4,truth_source_labeled_persona_356.json
356,TS68,1,ai,False,false,1.0,6.0,2.0,,4,3,5,6,4,23,man,British,graduate_student,6,3,3,3,analytical,low,4,3,5,7,4,truth_source_labeled_persona_356.json
356,TS9,1,human,True,true,1.0,4.0,5.0,,4,3,5,6,4,23,man,British,graduate_student,6,3,3,3,analytical,low,4,3,5,7,4,truth_source_labeled_persona_356.json
357,TS37,1,human,False,true,0.0,4.0,5.0,,3,2,5,4,3,25,man,Canadian,high_school_or_equivalent,3,1,3,5,analytical,low,6,4,4,6,5,truth_source_labeled_persona_357.json
357,TS30,1,human,False,false,1.0,6.0,2.0,,3,2,5,4,3,25,man,Canadian,high_school_or_equivalent,3,1,3,5,analytical,low,6,4,4,6,5,truth_source_labeled_persona_357.json
357,TS38,1,human,False,false,1.0,5.0,2.0,,3,2,5,4,3,25,man,Canadian,high_school_or_equivalent,3,1,3,5,analytical,low,6,4,4,6,5,truth_source_labeled_persona_357.json
357,TS49,1,ai,True,true,1.0,6.0,4.0,,3,2,5,4,3,25,man,Canadian,high_school_or_equivalent,3,1,3,5,analytical,low,6,4,4,6,5,truth_source_labeled_persona_357.json
357,TS68,1,ai,False,false,1.0,6.0,2.0,,3,2,5,4,3,25,man,Canadian,high_school_or_equivalent,3,1,3,5,analytical,low,6,4,4,6,5,truth_source_labeled_persona_357.json
358,TS71,1,ai,False,false,1.0,6.0,2.0,,5,3,4,5,4,25,prefer_not_to_say,Australian,high_school_or_equivalent,7,3,3,4,mixed,low,4,7,3,7,4,truth_source_labeled_persona_358.json
358,TS68,1,ai,False,false,1.0,6.0,2.0,,5,3,4,5,4,25,prefer_not_to_say,Australian,high_school_or_equivalent,7,3,3,4,mixed,low,4,7,3,7,4,truth_source_labeled_persona_358.json
358,TS78,1,ai,False,false,1.0,6.0,2.0,,5,3,4,5,4,25,prefer_not_to_say,Australian,high_school_or_equivalent,7,3,3,4,mixed,low,4,7,3,7,4,truth_source_labeled_persona_358.json
358,TS30,1,human,False,false,1.0,6.0,5.0,,5,3,4,5,4,25,prefer_not_to_say,Australian,high_school_or_equivalent,7,3,3,4,mixed,low,4,7,3,7,4,truth_source_labeled_persona_358.json
358,TS37,1,human,False,true,0.0,6.0,5.0,,5,3,4,5,4,25,prefer_not_to_say,Australian,high_school_or_equivalent,7,3,3,4,mixed,low,4,7,3,7,4,truth_source_labeled_persona_358.json
359,TS37,1,human,False,true,0.0,5.0,4.0,,4,5,3,6,5,20,man,US,bachelors_degree,3,5,3,4,mixed,low,1,1,5,4,4,truth_source_labeled_persona_359.json
359,TS48,1,ai,True,true,1.0,6.0,2.0,,4,5,3,6,5,20,man,US,bachelors_degree,3,5,3,4,mixed,low,1,1,5,4,4,truth_source_labeled_persona_359.json
359,TS30,1,human,False,false,1.0,2.0,3.0,,4,5,3,6,5,20,man,US,bachelors_degree,3,5,3,4,mixed,low,1,1,5,4,4,truth_source_labeled_persona_359.json
359,TS38,1,human,False,true,0.0,4.0,5.0,,4,5,3,6,5,20,man,US,bachelors_degree,3,5,3,4,mixed,low,1,1,5,4,4,truth_source_labeled_persona_359.json
359,TS68,1,ai,False,false,1.0,6.0,2.0,,4,5,3,6,5,20,man,US,bachelors_degree,3,5,3,4,mixed,low,1,1,5,4,4,truth_source_labeled_persona_359.json
360,TS37,1,human,False,false,1.0,4.0,3.0,,5,4,6,3,5,23,nonbinary,Australian,bachelors_degree,5,4,2,4,mixed,moderate,3,4,2,4,1,truth_source_labeled_persona_360.json
360,TS38,1,human,False,unsure,,2.0,2.0,,5,4,6,3,5,23,nonbinary,Australian,bachelors_degree,5,4,2,4,mixed,moderate,3,4,2,4,1,truth_source_labeled_persona_360.json
360,TS42,1,ai,True,true,1.0,4.0,5.0,,5,4,6,3,5,23,nonbinary,Australian,bachelors_degree,5,4,2,4,mixed,moderate,3,4,2,4,1,truth_source_labeled_persona_360.json
360,TS48,1,ai,True,true,1.0,6.0,6.0,,5,4,6,3,5,23,nonbinary,Australian,bachelors_degree,5,4,2,4,mixed,moderate,3,4,2,4,1,truth_source_labeled_persona_360.json
360,TS30,1,human,False,false,1.0,7.0,3.0,,5,4,6,3,5,23,nonbinary,Australian,bachelors_degree,5,4,2,4,mixed,moderate,3,4,2,4,1,truth_source_labeled_persona_360.json
361,TS37,1,human,False,false,1.0,4.0,5.0,,3,5,6,4,3,22,man,Canadian,vocational_training,2,6,2,3,intuitive,high,6,2,5,5,2,truth_source_labeled_persona_361.json
361,TS48,1,ai,True,true,1.0,6.0,4.0,,3,5,6,4,3,22,man,Canadian,vocational_training,2,6,2,3,intuitive,high,6,2,5,5,2,truth_source_labeled_persona_361.json
361,TS54,1,ai,True,true,1.0,6.0,5.0,,3,5,6,4,3,22,man,Canadian,vocational_training,2,6,2,3,intuitive,high,6,2,5,5,2,truth_source_labeled_persona_361.json
361,TS38,1,human,False,false,1.0,4.0,3.0,,3,5,6,4,3,22,man,Canadian,vocational_training,2,6,2,3,intuitive,high,6,2,5,5,2,truth_source_labeled_persona_361.json
361,TS50,1,ai,True,true,1.0,6.0,5.0,,3,5,6,4,3,22,man,Canadian,vocational_training,2,6,2,3,intuitive,high,6,2,5,5,2,truth_source_labeled_persona_361.json
362,TS37,1,human,False,true,0.0,4.0,3.0,,3,2,5,4,3,19,woman,Canadian,vocational_training,2,3,5,5,mixed,moderate,2,4,4,4,4,truth_source_labeled_persona_362.json
362,TS68,1,ai,False,false,1.0,6.0,2.0,,3,2,5,4,3,19,woman,Canadian,vocational_training,2,3,5,5,mixed,moderate,2,4,4,4,4,truth_source_labeled_persona_362.json
362,TS31,1,human,False,false,1.0,6.0,5.0,,3,2,5,4,3,19,woman,Canadian,vocational_training,2,3,5,5,mixed,moderate,2,4,4,4,4,truth_source_labeled_persona_362.json
362,TS71,1,ai,False,false,1.0,5.0,2.0,,3,2,5,4,3,19,woman,Canadian,vocational_training,2,3,5,5,mixed,moderate,2,4,4,4,4,truth_source_labeled_persona_362.json
362,TS30,1,human,False,false,1.0,6.0,5.0,,3,2,5,4,3,19,woman,Canadian,vocational_training,2,3,5,5,mixed,moderate,2,4,4,4,4,truth_source_labeled_persona_362.json
363,TS30,1,human,False,false,1.0,6.0,2.0,,5,3,6,4,5,19,woman,US,graduate_student,5,3,4,6,mixed,moderate,4,1,7,5,4,truth_source_labeled_persona_363.json
363,TS71,1,ai,False,false,1.0,5.0,4.0,,5,3,6,4,5,19,woman,US,graduate_student,5,3,4,6,mixed,moderate,4,1,7,5,4,truth_source_labeled_persona_363.json
363,TS54,1,ai,True,true,1.0,6.0,5.0,,5,3,6,4,5,19,woman,US,graduate_student,5,3,4,6,mixed,moderate,4,1,7,5,4,truth_source_labeled_persona_363.json
363,TS37,1,human,False,false,1.0,6.0,5.0,,5,3,6,4,5,19,woman,US,graduate_student,5,3,4,6,mixed,moderate,4,1,7,5,4,truth_source_labeled_persona_363.json
363,TS38,1,human,False,unsure,,3.0,4.0,,5,3,6,4,5,19,woman,US,graduate_student,5,3,4,6,mixed,moderate,4,1,7,5,4,truth_source_labeled_persona_363.json
364,TS30,1,human,False,false,1.0,6.0,2.0,,2,3,4,5,2,21,nonbinary,German,undergraduate,1,7,4,2,intuitive,moderate,7,6,3,7,3,truth_source_labeled_persona_364.json
364,TS71,1,ai,False,false,1.0,6.0,2.0,,2,3,4,5,2,21,nonbinary,German,undergraduate,1,7,4,2,intuitive,moderate,7,6,3,7,3,truth_source_labeled_persona_364.json
364,TS68,1,ai,False,false,1.0,6.0,2.0,,2,3,4,5,2,21,nonbinary,German,undergraduate,1,7,4,2,intuitive,moderate,7,6,3,7,3,truth_source_labeled_persona_364.json
364,TS38,1,human,False,false,1.0,4.0,5.0,,2,3,4,5,2,21,nonbinary,German,undergraduate,1,7,4,2,intuitive,moderate,7,6,3,7,3,truth_source_labeled_persona_364.json
364,TS0,1,human,True,true,1.0,5.0,6.0,,2,3,4,5,2,21,nonbinary,German,undergraduate,1,7,4,2,intuitive,moderate,7,6,3,7,3,truth_source_labeled_persona_364.json
365,TS68,1,ai,False,false,1.0,6.0,2.0,,4,3,5,6,2,18,nonbinary,US,some_college,6,3,3,4,mixed,moderate,3,3,2,1,3,truth_source_labeled_persona_365.json
365,TS49,1,ai,True,true,1.0,6.0,4.0,,4,3,5,6,2,18,nonbinary,US,some_college,6,3,3,4,mixed,moderate,3,3,2,1,3,truth_source_labeled_persona_365.json
365,TS38,1,human,False,false,1.0,5.0,4.0,,4,3,5,6,2,18,nonbinary,US,some_college,6,3,3,4,mixed,moderate,3,3,2,1,3,truth_source_labeled_persona_365.json
365,TS0,1,human,True,true,1.0,5.0,6.0,,4,3,5,6,2,18,nonbinary,US,some_college,6,3,3,4,mixed,moderate,3,3,2,1,3,truth_source_labeled_persona_365.json
365,TS30,1,human,False,false,1.0,2.0,3.0,,4,3,5,6,2,18,nonbinary,US,some_college,6,3,3,4,mixed,moderate,3,3,2,1,3,truth_source_labeled_persona_365.json
366,TS9,1,human,True,true,1.0,5.0,4.0,,3,1,6,4,2,18,nonbinary,British,high_school_or_equivalent,3,1,7,1,analytical,high,4,4,4,2,5,truth_source_labeled_persona_366.json
366,TS30,1,human,False,false,1.0,2.0,3.0,,3,1,6,4,2,18,nonbinary,British,high_school_or_equivalent,3,1,7,1,analytical,high,4,4,4,2,5,truth_source_labeled_persona_366.json
366,TS38,1,human,False,true,0.0,4.0,5.0,,3,1,6,4,2,18,nonbinary,British,high_school_or_equivalent,3,1,7,1,analytical,high,4,4,4,2,5,truth_source_labeled_persona_366.json
366,TS68,1,ai,False,false,1.0,6.0,2.0,,3,1,6,4,2,18,nonbinary,British,high_school_or_equivalent,3,1,7,1,analytical,high,4,4,4,2,5,truth_source_labeled_persona_366.json
366,TS71,1,ai,False,false,1.0,6.0,2.0,,3,1,6,4,2,18,nonbinary,British,high_school_or_equivalent,3,1,7,1,analytical,high,4,4,4,2,5,truth_source_labeled_persona_366.json
367,TS31,1,human,False,false,1.0,6.0,3.0,,4,2,5,3,4,24,nonbinary,US,undergraduate,2,4,6,6,analytical,low,4,2,1,5,1,truth_source_labeled_persona_367.json
367,TS71,1,ai,False,false,1.0,6.0,2.0,,4,2,5,3,4,24,nonbinary,US,undergraduate,2,4,6,6,analytical,low,4,2,1,5,1,truth_source_labeled_persona_367.json
367,TS54,1,ai,True,true,1.0,6.0,5.0,,4,2,5,3,4,24,nonbinary,US,undergraduate,2,4,6,6,analytical,low,4,2,1,5,1,truth_source_labeled_persona_367.json
367,TS9,1,human,True,true,1.0,5.0,4.0,,4,2,5,3,4,24,nonbinary,US,undergraduate,2,4,6,6,analytical,low,4,2,1,5,1,truth_source_labeled_persona_367.json
367,TS30,1,human,False,false,1.0,6.0,2.0,,4,2,5,3,4,24,nonbinary,US,undergraduate,2,4,6,6,analytical,low,4,2,1,5,1,truth_source_labeled_persona_367.json
368,TS0,1,human,True,true,1.0,5.0,4.0,,4,3,5,2,4,21,man,US,vocational_training,4,3,3,7,analytical,moderate,6,4,4,7,7,truth_source_labeled_persona_368.json
368,TS60,1,ai,False,false,1.0,6.0,2.0,,4,3,5,2,4,21,man,US,vocational_training,4,3,3,7,analytical,moderate,6,4,4,7,7,truth_source_labeled_persona_368.json
368,TS50,1,ai,True,true,1.0,6.0,5.0,,4,3,5,2,4,21,man,US,vocational_training,4,3,3,7,analytical,moderate,6,4,4,7,7,truth_source_labeled_persona_368.json
368,TS66,1,ai,False,false,1.0,1.0,2.0,,4,3,5,2,4,21,man,US,vocational_training,4,3,3,7,analytical,moderate,6,4,4,7,7,truth_source_labeled_persona_368.json
368,TS71,1,ai,False,false,1.0,6.0,2.0,,4,3,5,2,4,21,man,US,vocational_training,4,3,3,7,analytical,moderate,6,4,4,7,7,truth_source_labeled_persona_368.json
369,TS30,1,human,False,false,1.0,4.0,2.0,,2,5,4,3,2,24,man,Australian,high_school_or_equivalent,6,5,7,1,analytical,moderate,6,3,3,7,5,truth_source_labeled_persona_369.json
369,TS0,1,human,True,true,1.0,4.0,6.0,,2,5,4,3,2,24,man,Australian,high_school_or_equivalent,6,5,7,1,analytical,moderate,6,3,3,7,5,truth_source_labeled_persona_369.json
369,TS54,1,ai,True,true,1.0,6.0,5.0,,2,5,4,3,2,24,man,Australian,high_school_or_equivalent,6,5,7,1,analytical,moderate,6,3,3,7,5,truth_source_labeled_persona_369.json
369,TS71,1,ai,False,false,1.0,6.0,3.0,,2,5,4,3,2,24,man,Australian,high_school_or_equivalent,6,5,7,1,analytical,moderate,6,3,3,7,5,truth_source_labeled_persona_369.json
369,TS38,1,human,False,false,1.0,4.0,5.0,,2,5,4,3,2,24,man,Australian,high_school_or_equivalent,6,5,7,1,analytical,moderate,6,3,3,7,5,truth_source_labeled_persona_369.json
370,TS30,1,human,False,false,1.0,6.0,1.0,,3,2,5,4,3,22,woman,US,some_college,3,3,4,1,intuitive,moderate,3,5,4,3,4,truth_source_labeled_persona_370.json
370,TS66,1,ai,False,false,1.0,6.0,2.0,,3,2,5,4,3,22,woman,US,some_college,3,3,4,1,intuitive,moderate,3,5,4,3,4,truth_source_labeled_persona_370.json
370,TS38,1,human,False,false,1.0,4.0,5.0,,3,2,5,4,3,22,woman,US,some_college,3,3,4,1,intuitive,moderate,3,5,4,3,4,truth_source_labeled_persona_370.json
370,TS9,1,human,True,true,1.0,6.0,5.0,,3,2,5,4,3,22,woman,US,some_college,3,3,4,1,intuitive,moderate,3,5,4,3,4,truth_source_labeled_persona_370.json
370,TS71,1,ai,False,false,1.0,2.0,2.0,,3,2,5,4,3,22,woman,US,some_college,3,3,4,1,intuitive,moderate,3,5,4,3,4,truth_source_labeled_persona_370.json
371,TS38,1,human,False,unsure,,2.0,3.0,,5,4,6,5,3,25,woman,US,vocational_training,5,4,1,2,mixed,high,4,4,5,2,1,truth_source_labeled_persona_371.json
371,TS71,1,ai,False,false,1.0,6.0,1.0,,5,4,6,5,3,25,woman,US,vocational_training,5,4,1,2,mixed,high,4,4,5,2,1,truth_source_labeled_persona_371.json
371,TS30,1,human,False,false,1.0,6.0,5.0,,5,4,6,5,3,25,woman,US,vocational_training,5,4,1,2,mixed,high,4,4,5,2,1,truth_source_labeled_persona_371.json
371,TS54,1,ai,True,true,1.0,5.0,2.0,,5,4,6,5,3,25,woman,US,vocational_training,5,4,1,2,mixed,high,4,4,5,2,1,truth_source_labeled_persona_371.json
371,TS0,1,human,True,unsure,,4.0,6.0,,5,4,6,5,3,25,woman,US,vocational_training,5,4,1,2,mixed,high,4,4,5,2,1,truth_source_labeled_persona_371.json
372,TS9,1,human,True,true,1.0,4.0,5.0,,2,1,3,5,4,22,nonbinary,US,bachelors_degree,2,1,3,3,mixed,low,5,1,7,4,4,truth_source_labeled_persona_372.json
372,TS60,1,ai,False,false,1.0,1.0,2.0,,2,1,3,5,4,22,nonbinary,US,bachelors_degree,2,1,3,3,mixed,low,5,1,7,4,4,truth_source_labeled_persona_372.json
372,TS54,1,ai,True,true,1.0,6.0,4.0,,2,1,3,5,4,22,nonbinary,US,bachelors_degree,2,1,3,3,mixed,low,5,1,7,4,4,truth_source_labeled_persona_372.json
372,TS71,1,ai,False,false,1.0,6.0,2.0,,2,1,3,5,4,22,nonbinary,US,bachelors_degree,2,1,3,3,mixed,low,5,1,7,4,4,truth_source_labeled_persona_372.json
372,TS30,1,human,False,false,1.0,6.0,5.0,,2,1,3,5,4,22,nonbinary,US,bachelors_degree,2,1,3,3,mixed,low,5,1,7,4,4,truth_source_labeled_persona_372.json
373,TS66,1,ai,False,false,1.0,6.0,2.0,,4,4,5,3,6,25,prefer_not_to_say,British,graduate_student,2,4,4,5,intuitive,moderate,5,6,2,1,1,truth_source_labeled_persona_373.json
373,TS0,1,human,True,true,1.0,5.0,6.0,,4,4,5,3,6,25,prefer_not_to_say,British,graduate_student,2,4,4,5,intuitive,moderate,5,6,2,1,1,truth_source_labeled_persona_373.json
373,TS38,1,human,False,unsure,,2.0,3.0,,4,4,5,3,6,25,prefer_not_to_say,British,graduate_student,2,4,4,5,intuitive,moderate,5,6,2,1,1,truth_source_labeled_persona_373.json
373,TS30,1,human,False,false,1.0,1.0,2.0,,4,4,5,3,6,25,prefer_not_to_say,British,graduate_student,2,4,4,5,intuitive,moderate,5,6,2,1,1,truth_source_labeled_persona_373.json
373,TS71,1,ai,False,false,1.0,6.0,2.0,,4,4,5,3,6,25,prefer_not_to_say,British,graduate_student,2,4,4,5,intuitive,moderate,5,6,2,1,1,truth_source_labeled_persona_373.json
374,TS30,1,human,False,false,1.0,5.0,2.0,,6,4,5,4,3,19,prefer_not_to_say,Dutch,vocational_training,6,4,3,3,analytical,moderate,3,7,5,7,5,truth_source_labeled_persona_374.json
374,TS0,1,human,True,true,1.0,6.0,5.0,,6,4,5,4,3,19,prefer_not_to_say,Dutch,vocational_training,6,4,3,3,analytical,moderate,3,7,5,7,5,truth_source_labeled_persona_374.json
374,TS71,1,ai,False,false,1.0,6.0,2.0,,6,4,5,4,3,19,prefer_not_to_say,Dutch,vocational_training,6,4,3,3,analytical,moderate,3,7,5,7,5,truth_source_labeled_persona_374.json
374,TS38,1,human,False,false,1.0,4.0,3.0,,6,4,5,4,3,19,prefer_not_to_say,Dutch,vocational_training,6,4,3,3,analytical,moderate,3,7,5,7,5,truth_source_labeled_persona_374.json
374,TS54,1,ai,True,true,1.0,6.0,2.0,,6,4,5,4,3,19,prefer_not_to_say,Dutch,vocational_training,6,4,3,3,analytical,moderate,3,7,5,7,5,truth_source_labeled_persona_374.json
375,TS0,1,human,True,false,0.0,6.0,3.0,,4,4,5,3,2,18,nonbinary,US,bachelors_degree,4,4,1,3,analytical,moderate,7,6,4,7,1,truth_source_labeled_persona_375.json
375,TS71,1,ai,False,false,1.0,2.0,1.0,,4,4,5,3,2,18,nonbinary,US,bachelors_degree,4,4,1,3,analytical,moderate,7,6,4,7,1,truth_source_labeled_persona_375.json
375,TS38,1,human,False,true,0.0,4.0,5.0,,4,4,5,3,2,18,nonbinary,US,bachelors_degree,4,4,1,3,analytical,moderate,7,6,4,7,1,truth_source_labeled_persona_375.json
375,TS66,1,ai,False,false,1.0,6.0,1.0,,4,4,5,3,2,18,nonbinary,US,bachelors_degree,4,4,1,3,analytical,moderate,7,6,4,7,1,truth_source_labeled_persona_375.json
375,TS30,1,human,False,false,1.0,6.0,5.0,,4,4,5,3,2,18,nonbinary,US,bachelors_degree,4,4,1,3,analytical,moderate,7,6,4,7,1,truth_source_labeled_persona_375.json
376,TS0,1,human,True,false,0.0,5.0,3.0,,5,4,6,3,5,23,prefer_not_to_say,German,bachelors_degree,5,4,2,3,analytical,high,3,4,4,7,4,truth_source_labeled_persona_376.json
376,TS54,1,ai,True,true,1.0,6.0,4.0,,5,4,6,3,5,23,prefer_not_to_say,German,bachelors_degree,5,4,2,3,analytical,high,3,4,4,7,4,truth_source_labeled_persona_376.json
376,TS38,1,human,False,true,0.0,4.0,5.0,,5,4,6,3,5,23,prefer_not_to_say,German,bachelors_degree,5,4,2,3,analytical,high,3,4,4,7,4,truth_source_labeled_persona_376.json
376,TS49,1,ai,True,true,1.0,6.0,3.0,,5,4,6,3,5,23,prefer_not_to_say,German,bachelors_degree,5,4,2,3,analytical,high,3,4,4,7,4,truth_source_labeled_persona_376.json
376,TS50,1,ai,True,true,1.0,5.0,4.0,,5,4,6,3,5,23,prefer_not_to_say,German,bachelors_degree,5,4,2,3,analytical,high,3,4,4,7,4,truth_source_labeled_persona_376.json
377,TS71,1,ai,False,false,1.0,6.0,2.0,,4,6,5,2,4,25,prefer_not_to_say,US,undergraduate,4,6,3,7,mixed,moderate,1,4,3,3,4,truth_source_labeled_persona_377.json
377,TS66,1,ai,False,false,1.0,6.0,2.0,,4,6,5,2,4,25,prefer_not_to_say,US,undergraduate,4,6,3,7,mixed,moderate,1,4,3,3,4,truth_source_labeled_persona_377.json
377,TS0,1,human,True,true,1.0,6.0,5.0,,4,6,5,2,4,25,prefer_not_to_say,US,undergraduate,4,6,3,7,mixed,moderate,1,4,3,3,4,truth_source_labeled_persona_377.json
377,TS38,1,human,False,true,0.0,5.0,4.0,,4,6,5,2,4,25,prefer_not_to_say,US,undergraduate,4,6,3,7,mixed,moderate,1,4,3,3,4,truth_source_labeled_persona_377.json
377,TS30,1,human,False,false,1.0,6.0,5.0,,4,6,5,2,4,25,prefer_not_to_say,US,undergraduate,4,6,3,7,mixed,moderate,1,4,3,3,4,truth_source_labeled_persona_377.json
378,TS71,1,ai,False,false,1.0,6.0,2.0,,4,3,6,5,4,23,man,US,bachelors_degree,4,1,5,5,mixed,high,2,6,2,6,6,truth_source_labeled_persona_378.json
378,TS0,1,human,True,true,1.0,6.0,5.0,,4,3,6,5,4,23,man,US,bachelors_degree,4,1,5,5,mixed,high,2,6,2,6,6,truth_source_labeled_persona_378.json
378,TS54,1,ai,True,true,1.0,6.0,2.0,,4,3,6,5,4,23,man,US,bachelors_degree,4,1,5,5,mixed,high,2,6,2,6,6,truth_source_labeled_persona_378.json
378,TS38,1,human,False,unsure,,2.0,4.0,,4,3,6,5,4,23,man,US,bachelors_degree,4,1,5,5,mixed,high,2,6,2,6,6,truth_source_labeled_persona_378.json
378,TS8,1,human,True,true,1.0,5.0,6.0,,4,3,6,5,4,23,man,US,bachelors_degree,4,1,5,5,mixed,high,2,6,2,6,6,truth_source_labeled_persona_378.json
379,TS49,1,ai,True,true,1.0,5.0,4.0,,3,4,5,6,5,24,prefer_not_to_say,British,bachelors_degree,5,4,3,6,analytical,high,7,6,4,3,1,truth_source_labeled_persona_379.json
379,TS0,1,human,True,true,1.0,6.0,5.0,,3,4,5,6,5,24,prefer_not_to_say,British,bachelors_degree,5,4,3,6,analytical,high,7,6,4,3,1,truth_source_labeled_persona_379.json
379,TS38,1,human,False,unsure,,4.0,6.0,,3,4,5,6,5,24,prefer_not_to_say,British,bachelors_degree,5,4,3,6,analytical,high,7,6,4,3,1,truth_source_labeled_persona_379.json
379,TS54,1,ai,True,true,1.0,5.0,3.0,,3,4,5,6,5,24,prefer_not_to_say,British,bachelors_degree,5,4,3,6,analytical,high,7,6,4,3,1,truth_source_labeled_persona_379.json
379,TS50,1,ai,True,true,1.0,6.0,4.0,,3,4,5,6,5,24,prefer_not_to_say,British,bachelors_degree,5,4,3,6,analytical,high,7,6,4,3,1,truth_source_labeled_persona_379.json
380,TS31,1,human,False,false,1.0,5.0,2.0,,6,2,5,4,3,19,prefer_not_to_say,Australian,some_college,6,2,5,6,analytical,moderate,4,6,6,2,4,truth_source_labeled_persona_380.json
380,TS54,1,ai,True,true,1.0,6.0,4.0,,6,2,5,4,3,19,prefer_not_to_say,Australian,some_college,6,2,5,6,analytical,moderate,4,6,6,2,4,truth_source_labeled_persona_380.json
380,TS71,1,ai,False,false,1.0,6.0,2.0,,6,2,5,4,3,19,prefer_not_to_say,Australian,some_college,6,2,5,6,analytical,moderate,4,6,6,2,4,truth_source_labeled_persona_380.json
380,TS30,1,human,False,false,1.0,5.0,4.0,,6,2,5,4,3,19,prefer_not_to_say,Australian,some_college,6,2,5,6,analytical,moderate,4,6,6,2,4,truth_source_labeled_persona_380.json
380,TS0,1,human,True,true,1.0,6.0,5.0,,6,2,5,4,3,19,prefer_not_to_say,Australian,some_college,6,2,5,6,analytical,moderate,4,6,6,2,4,truth_source_labeled_persona_380.json
381,TS71,1,ai,False,false,1.0,6.0,2.0,,5,3,4,6,5,24,woman,British,high_school_or_equivalent,1,5,3,4,mixed,moderate,5,5,1,2,3,truth_source_labeled_persona_381.json
381,TS79,1,ai,False,false,1.0,7.0,2.0,,5,3,4,6,5,24,woman,British,high_school_or_equivalent,1,5,3,4,mixed,moderate,5,5,1,2,3,truth_source_labeled_persona_381.json
381,TS0,1,human,True,true,1.0,6.0,5.0,,5,3,4,6,5,24,woman,British,high_school_or_equivalent,1,5,3,4,mixed,moderate,5,5,1,2,3,truth_source_labeled_persona_381.json
381,TS54,1,ai,True,true,1.0,6.0,4.0,,5,3,4,6,5,24,woman,British,high_school_or_equivalent,1,5,3,4,mixed,moderate,5,5,1,2,3,truth_source_labeled_persona_381.json
381,TS31,1,human,False,false,1.0,6.0,4.0,,5,3,4,6,5,24,woman,British,high_school_or_equivalent,1,5,3,4,mixed,moderate,5,5,1,2,3,truth_source_labeled_persona_381.json
382,TS31,1,human,False,false,1.0,6.0,2.0,,5,6,4,5,6,22,man,US,high_school_or_equivalent,3,6,1,4,analytical,moderate,4,4,2,3,6,truth_source_labeled_persona_382.json
382,TS71,1,ai,False,false,1.0,6.0,2.0,,5,6,4,5,6,22,man,US,high_school_or_equivalent,3,6,1,4,analytical,moderate,4,4,2,3,6,truth_source_labeled_persona_382.json
382,TS0,1,human,True,true,1.0,6.0,4.0,,5,6,4,5,6,22,man,US,high_school_or_equivalent,3,6,1,4,analytical,moderate,4,4,2,3,6,truth_source_labeled_persona_382.json
382,TS66,1,ai,False,false,1.0,6.0,2.0,,5,6,4,5,6,22,man,US,high_school_or_equivalent,3,6,1,4,analytical,moderate,4,4,2,3,6,truth_source_labeled_persona_382.json
382,TS50,1,ai,True,true,1.0,6.0,4.0,,5,6,4,5,6,22,man,US,high_school_or_equivalent,3,6,1,4,analytical,moderate,4,4,2,3,6,truth_source_labeled_persona_382.json
383,TS38,1,human,False,false,1.0,4.0,3.0,,5,4,6,3,5,25,nonbinary,British,vocational_training,5,4,3,5,mixed,moderate,7,4,2,2,7,truth_source_labeled_persona_383.json
383,TS30,1,human,False,false,1.0,6.0,2.0,,5,4,6,3,5,25,nonbinary,British,vocational_training,5,4,3,5,mixed,moderate,7,4,2,2,7,truth_source_labeled_persona_383.json
383,TS54,1,ai,True,true,1.0,6.0,4.0,,5,4,6,3,5,25,nonbinary,British,vocational_training,5,4,3,5,mixed,moderate,7,4,2,2,7,truth_source_labeled_persona_383.json
383,TS71,1,ai,False,false,1.0,6.0,2.0,,5,4,6,3,5,25,nonbinary,British,vocational_training,5,4,3,5,mixed,moderate,7,4,2,2,7,truth_source_labeled_persona_383.json
383,TS9,1,human,True,true,1.0,6.0,5.0,,5,4,6,3,5,25,nonbinary,British,vocational_training,5,4,3,5,mixed,moderate,7,4,2,2,7,truth_source_labeled_persona_383.json
384,TS0,1,human,True,true,1.0,5.0,4.0,,3,4,5,4,3,19,prefer_not_to_say,US,some_college,3,4,6,2,analytical,low,3,7,1,7,4,truth_source_labeled_persona_384.json
384,TS54,1,ai,True,true,1.0,6.0,5.0,,3,4,5,4,3,19,prefer_not_to_say,US,some_college,3,4,6,2,analytical,low,3,7,1,7,4,truth_source_labeled_persona_384.json
384,TS71,1,ai,False,false,1.0,7.0,2.0,,3,4,5,4,3,19,prefer_not_to_say,US,some_college,3,4,6,2,analytical,low,3,7,1,7,4,truth_source_labeled_persona_384.json
384,TS38,1,human,False,unsure,,5.0,6.0,,3,4,5,4,3,19,prefer_not_to_say,US,some_college,3,4,6,2,analytical,low,3,7,1,7,4,truth_source_labeled_persona_384.json
384,TS30,1,human,False,false,1.0,7.0,4.0,,3,4,5,4,3,19,prefer_not_to_say,US,some_college,3,4,6,2,analytical,low,3,7,1,7,4,truth_source_labeled_persona_384.json
385,TS0,1,human,True,true,1.0,4.0,5.0,,6,4,5,3,5,23,nonbinary,Canadian,some_college,6,4,4,5,mixed,moderate,1,5,5,5,7,truth_source_labeled_persona_385.json
385,TS71,1,ai,False,false,1.0,2.0,2.0,,6,4,5,3,5,23,nonbinary,Canadian,some_college,6,4,4,5,mixed,moderate,1,5,5,5,7,truth_source_labeled_persona_385.json
385,TS50,1,ai,True,true,1.0,4.0,3.0,,6,4,5,3,5,23,nonbinary,Canadian,some_college,6,4,4,5,mixed,moderate,1,5,5,5,7,truth_source_labeled_persona_385.json
385,TS54,1,ai,True,true,1.0,5.0,6.0,,6,4,5,3,5,23,nonbinary,Canadian,some_college,6,4,4,5,mixed,moderate,1,5,5,5,7,truth_source_labeled_persona_385.json
385,TS38,1,human,False,unsure,,4.0,5.0,,6,4,5,3,5,23,nonbinary,Canadian,some_college,6,4,4,5,mixed,moderate,1,5,5,5,7,truth_source_labeled_persona_385.json
386,TS30,1,human,False,false,1.0,6.0,2.0,,4,3,5,4,5,21,nonbinary,British,vocational_training,7,1,3,4,mixed,moderate,6,5,4,5,3,truth_source_labeled_persona_386.json
386,TS0,1,human,True,true,1.0,4.0,5.0,,4,3,5,4,5,21,nonbinary,British,vocational_training,7,1,3,4,mixed,moderate,6,5,4,5,3,truth_source_labeled_persona_386.json
386,TS54,1,ai,True,true,1.0,6.0,3.0,,4,3,5,4,5,21,nonbinary,British,vocational_training,7,1,3,4,mixed,moderate,6,5,4,5,3,truth_source_labeled_persona_386.json
386,TS38,1,human,False,false,1.0,4.0,2.0,,4,3,5,4,5,21,nonbinary,British,vocational_training,7,1,3,4,mixed,moderate,6,5,4,5,3,truth_source_labeled_persona_386.json
386,TS71,1,ai,False,false,1.0,1.0,1.0,,4,3,5,4,5,21,nonbinary,British,vocational_training,7,1,3,4,mixed,moderate,6,5,4,5,3,truth_source_labeled_persona_386.json
387,TS0,1,human,True,false,0.0,4.0,2.0,,2,1,5,6,3,24,woman,US,bachelors_degree,2,1,7,1,intuitive,low,3,5,6,4,3,truth_source_labeled_persona_387.json
387,TS71,1,ai,False,false,1.0,5.0,3.0,,2,1,5,6,3,24,woman,US,bachelors_degree,2,1,7,1,intuitive,low,3,5,6,4,3,truth_source_labeled_persona_387.json
387,TS60,1,ai,False,false,1.0,5.0,2.0,,2,1,5,6,3,24,woman,US,bachelors_degree,2,1,7,1,intuitive,low,3,5,6,4,3,truth_source_labeled_persona_387.json
387,TS50,1,ai,True,true,1.0,6.0,5.0,,2,1,5,6,3,24,woman,US,bachelors_degree,2,1,7,1,intuitive,low,3,5,6,4,3,truth_source_labeled_persona_387.json
387,TS54,1,ai,True,true,1.0,6.0,5.0,,2,1,5,6,3,24,woman,US,bachelors_degree,2,1,7,1,intuitive,low,3,5,6,4,3,truth_source_labeled_persona_387.json
388,TS71,1,ai,False,false,1.0,5.0,2.0,,4,3,6,5,2,24,man,US,undergraduate,1,4,7,6,analytical,high,1,4,4,4,3,truth_source_labeled_persona_388.json
388,TS54,1,ai,True,true,1.0,6.0,6.0,,4,3,6,5,2,24,man,US,undergraduate,1,4,7,6,analytical,high,1,4,4,4,3,truth_source_labeled_persona_388.json
388,TS50,1,ai,True,true,1.0,7.0,6.0,,4,3,6,5,2,24,man,US,undergraduate,1,4,7,6,analytical,high,1,4,4,4,3,truth_source_labeled_persona_388.json
388,TS0,1,human,True,true,1.0,6.0,5.0,,4,3,6,5,2,24,man,US,undergraduate,1,4,7,6,analytical,high,1,4,4,4,3,truth_source_labeled_persona_388.json
388,TS31,1,human,False,false,1.0,5.0,2.0,,4,3,6,5,2,24,man,US,undergraduate,1,4,7,6,analytical,high,1,4,4,4,3,truth_source_labeled_persona_388.json
389,TS38,1,human,False,unsure,,4.0,2.0,,4,3,5,4,2,25,nonbinary,Australian,graduate_student,4,3,3,7,analytical,moderate,6,5,4,2,1,truth_source_labeled_persona_389.json
389,TS0,1,human,True,true,1.0,5.0,4.0,,4,3,5,4,2,25,nonbinary,Australian,graduate_student,4,3,3,7,analytical,moderate,6,5,4,2,1,truth_source_labeled_persona_389.json
389,TS54,1,ai,True,true,1.0,6.0,5.0,,4,3,5,4,2,25,nonbinary,Australian,graduate_student,4,3,3,7,analytical,moderate,6,5,4,2,1,truth_source_labeled_persona_389.json
389,TS71,1,ai,False,false,1.0,2.0,2.0,,4,3,5,4,2,25,nonbinary,Australian,graduate_student,4,3,3,7,analytical,moderate,6,5,4,2,1,truth_source_labeled_persona_389.json
389,TS50,1,ai,True,true,1.0,6.0,5.0,,4,3,5,4,2,25,nonbinary,Australian,graduate_student,4,3,3,7,analytical,moderate,6,5,4,2,1,truth_source_labeled_persona_389.json
390,TS66,1,ai,False,false,1.0,6.0,2.0,,6,5,6,4,3,20,prefer_not_to_say,British,undergraduate,6,5,5,4,analytical,moderate,1,2,4,2,6,truth_source_labeled_persona_390.json
390,TS71,1,ai,False,false,1.0,6.0,2.0,,6,5,6,4,3,20,prefer_not_to_say,British,undergraduate,6,5,5,4,analytical,moderate,1,2,4,2,6,truth_source_labeled_persona_390.json
390,TS50,1,ai,True,true,1.0,6.0,5.0,,6,5,6,4,3,20,prefer_not_to_say,British,undergraduate,6,5,5,4,analytical,moderate,1,2,4,2,6,truth_source_labeled_persona_390.json
390,TS0,1,human,True,true,1.0,4.0,5.0,,6,5,6,4,3,20,prefer_not_to_say,British,undergraduate,6,5,5,4,analytical,moderate,1,2,4,2,6,truth_source_labeled_persona_390.json
390,TS38,1,human,False,false,1.0,4.0,6.0,,6,5,6,4,3,20,prefer_not_to_say,British,undergraduate,6,5,5,4,analytical,moderate,1,2,4,2,6,truth_source_labeled_persona_390.json
391,TS9,1,human,True,unsure,,4.0,5.0,,4,2,5,6,4,20,nonbinary,Canadian,high_school_or_equivalent,4,2,6,4,intuitive,moderate,3,3,4,4,4,truth_source_labeled_persona_391.json
391,TS54,1,ai,True,true,1.0,6.0,2.0,,4,2,5,6,4,20,nonbinary,Canadian,high_school_or_equivalent,4,2,6,4,intuitive,moderate,3,3,4,4,4,truth_source_labeled_persona_391.json
391,TS79,1,ai,False,false,1.0,7.0,2.0,,4,2,5,6,4,20,nonbinary,Canadian,high_school_or_equivalent,4,2,6,4,intuitive,moderate,3,3,4,4,4,truth_source_labeled_persona_391.json
391,TS31,1,human,False,false,1.0,6.0,5.0,,4,2,5,6,4,20,nonbinary,Canadian,high_school_or_equivalent,4,2,6,4,intuitive,moderate,3,3,4,4,4,truth_source_labeled_persona_391.json
391,TS49,1,ai,True,true,1.0,6.0,4.0,,4,2,5,6,4,20,nonbinary,Canadian,high_school_or_equivalent,4,2,6,4,intuitive,moderate,3,3,4,4,4,truth_source_labeled_persona_391.json
392,TS49,1,ai,True,true,1.0,4.0,3.0,,4,6,5,3,5,21,prefer_not_to_say,Australian,high_school_or_equivalent,6,6,5,5,mixed,moderate,6,4,1,6,3,truth_source_labeled_persona_392.json
392,TS31,1,human,False,false,1.0,5.0,6.0,,4,6,5,3,5,21,prefer_not_to_say,Australian,high_school_or_equivalent,6,6,5,5,mixed,moderate,6,4,1,6,3,truth_source_labeled_persona_392.json
392,TS8,1,human,True,true,1.0,6.0,7.0,,4,6,5,3,5,21,prefer_not_to_say,Australian,high_school_or_equivalent,6,6,5,5,mixed,moderate,6,4,1,6,3,truth_source_labeled_persona_392.json
392,TS54,1,ai,True,true,1.0,5.0,4.0,,4,6,5,3,5,21,prefer_not_to_say,Australian,high_school_or_equivalent,6,6,5,5,mixed,moderate,6,4,1,6,3,truth_source_labeled_persona_392.json
392,TS0,1,human,True,false,0.0,4.0,6.0,,4,6,5,3,5,21,prefer_not_to_say,Australian,high_school_or_equivalent,6,6,5,5,mixed,moderate,6,4,1,6,3,truth_source_labeled_persona_392.json
393,TS0,1,human,True,unsure,,3.0,4.0,,4,1,5,3,2,20,prefer_not_to_say,US,undergraduate,4,1,4,6,analytical,moderate,4,2,2,5,2,truth_source_labeled_persona_393.json
393,TS50,1,ai,True,true,1.0,4.0,3.0,,4,1,5,3,2,20,prefer_not_to_say,US,undergraduate,4,1,4,6,analytical,moderate,4,2,2,5,2,truth_source_labeled_persona_393.json
393,TS31,1,human,False,false,1.0,2.0,5.0,,4,1,5,3,2,20,prefer_not_to_say,US,undergraduate,4,1,4,6,analytical,moderate,4,2,2,5,2,truth_source_labeled_persona_393.json
393,TS54,1,ai,True,true,1.0,6.0,2.0,,4,1,5,3,2,20,prefer_not_to_say,US,undergraduate,4,1,4,6,analytical,moderate,4,2,2,5,2,truth_source_labeled_persona_393.json
393,TS71,1,ai,False,false,1.0,6.0,2.0,,4,1,5,3,2,20,prefer_not_to_say,US,undergraduate,4,1,4,6,analytical,moderate,4,2,2,5,2,truth_source_labeled_persona_393.json
394,TS50,1,ai,True,true,1.0,4.0,2.0,,4,3,5,5,4,20,prefer_not_to_say,Canadian,bachelors_degree,4,3,7,4,analytical,low,6,4,1,4,6,truth_source_labeled_persona_394.json
394,TS66,1,ai,False,false,1.0,6.0,2.0,,4,3,5,5,4,20,prefer_not_to_say,Canadian,bachelors_degree,4,3,7,4,analytical,low,6,4,1,4,6,truth_source_labeled_persona_394.json
394,TS49,1,ai,True,true,1.0,5.0,4.0,,4,3,5,5,4,20,prefer_not_to_say,Canadian,bachelors_degree,4,3,7,4,analytical,low,6,4,1,4,6,truth_source_labeled_persona_394.json
394,TS0,1,human,True,true,1.0,4.0,5.0,,4,3,5,5,4,20,prefer_not_to_say,Canadian,bachelors_degree,4,3,7,4,analytical,low,6,4,1,4,6,truth_source_labeled_persona_394.json
394,TS31,1,human,False,false,1.0,6.0,4.0,,4,3,5,5,4,20,prefer_not_to_say,Canadian,bachelors_degree,4,3,7,4,analytical,low,6,4,1,4,6,truth_source_labeled_persona_394.json
395,TS50,1,ai,True,true,1.0,5.0,2.0,,4,3,6,5,4,22,woman,Canadian,vocational_training,1,3,4,7,analytical,low,4,4,3,4,2,truth_source_labeled_persona_395.json
395,TS31,1,human,False,false,1.0,5.0,4.0,,4,3,6,5,4,22,woman,Canadian,vocational_training,1,3,4,7,analytical,low,4,4,3,4,2,truth_source_labeled_persona_395.json
395,TS9,1,human,True,true,1.0,5.0,6.0,,4,3,6,5,4,22,woman,Canadian,vocational_training,1,3,4,7,analytical,low,4,4,3,4,2,truth_source_labeled_persona_395.json
395,TS54,1,ai,True,true,1.0,6.0,5.0,,4,3,6,5,4,22,woman,Canadian,vocational_training,1,3,4,7,analytical,low,4,4,3,4,2,truth_source_labeled_persona_395.json
395,TS49,1,ai,True,true,1.0,6.0,6.0,,4,3,6,5,4,22,woman,Canadian,vocational_training,1,3,4,7,analytical,low,4,4,3,4,2,truth_source_labeled_persona_395.json
396,TS50,1,ai,True,true,1.0,4.0,2.0,,6,3,5,4,2,19,woman,Australian,undergraduate,6,3,4,7,mixed,high,6,6,6,4,6,truth_source_labeled_persona_396.json
396,TS9,1,human,True,true,1.0,6.0,5.0,,6,3,5,4,2,19,woman,Australian,undergraduate,6,3,4,7,mixed,high,6,6,6,4,6,truth_source_labeled_persona_396.json
396,TS31,1,human,False,false,1.0,2.0,4.0,,6,3,5,4,2,19,woman,Australian,undergraduate,6,3,4,7,mixed,high,6,6,6,4,6,truth_source_labeled_persona_396.json
396,TS54,1,ai,True,true,1.0,6.0,2.0,,6,3,5,4,2,19,woman,Australian,undergraduate,6,3,4,7,mixed,high,6,6,6,4,6,truth_source_labeled_persona_396.json
396,TS49,1,ai,True,true,1.0,6.0,4.0,,6,3,5,4,2,19,woman,Australian,undergraduate,6,3,4,7,mixed,high,6,6,6,4,6,truth_source_labeled_persona_396.json
397,TS21,1,human,False,false,1.0,5.0,3.0,,4,1,5,2,3,20,nonbinary,Dutch,some_college,4,1,3,4,analytical,moderate,4,6,3,5,4,truth_source_labeled_persona_397.json
397,TS31,1,human,False,false,1.0,6.0,2.0,,4,1,5,2,3,20,nonbinary,Dutch,some_college,4,1,3,4,analytical,moderate,4,6,3,5,4,truth_source_labeled_persona_397.json
397,TS54,1,ai,True,true,1.0,6.0,5.0,,4,1,5,2,3,20,nonbinary,Dutch,some_college,4,1,3,4,analytical,moderate,4,6,3,5,4,truth_source_labeled_persona_397.json
397,TS50,1,ai,True,true,1.0,5.0,6.0,,4,1,5,2,3,20,nonbinary,Dutch,some_college,4,1,3,4,analytical,moderate,4,6,3,5,4,truth_source_labeled_persona_397.json
397,TS49,1,ai,True,true,1.0,6.0,6.0,,4,1,5,2,3,20,nonbinary,Dutch,some_college,4,1,3,4,analytical,moderate,4,6,3,5,4,truth_source_labeled_persona_397.json
398,TS31,1,human,False,false,1.0,6.0,2.0,,2,4,5,3,2,18,woman,Canadian,some_college,2,4,3,4,mixed,low,3,4,2,2,4,truth_source_labeled_persona_398.json
398,TS35,1,human,False,false,1.0,4.0,5.0,,2,4,5,3,2,18,woman,Canadian,some_college,2,4,3,4,mixed,low,3,4,2,2,4,truth_source_labeled_persona_398.json
398,TS21,1,human,False,false,1.0,3.0,4.0,,2,4,5,3,2,18,woman,Canadian,some_college,2,4,3,4,mixed,low,3,4,2,2,4,truth_source_labeled_persona_398.json
398,TS66,1,ai,False,false,1.0,6.0,2.0,,2,4,5,3,2,18,woman,Canadian,some_college,2,4,3,4,mixed,low,3,4,2,2,4,truth_source_labeled_persona_398.json
398,TS79,1,ai,False,false,1.0,6.0,2.0,,2,4,5,3,2,18,woman,Canadian,some_college,2,4,3,4,mixed,low,3,4,2,2,4,truth_source_labeled_persona_398.json
399,TS60,1,ai,False,false,1.0,6.0,2.0,,5,7,2,3,4,21,prefer_not_to_say,US,high_school_or_equivalent,5,7,6,2,mixed,moderate,2,5,4,6,2,truth_source_labeled_persona_399.json
399,TS21,1,human,False,false,1.0,5.0,6.0,,5,7,2,3,4,21,prefer_not_to_say,US,high_school_or_equivalent,5,7,6,2,mixed,moderate,2,5,4,6,2,truth_source_labeled_persona_399.json
399,TS42,1,ai,True,true,1.0,6.0,4.0,,5,7,2,3,4,21,prefer_not_to_say,US,high_school_or_equivalent,5,7,6,2,mixed,moderate,2,5,4,6,2,truth_source_labeled_persona_399.json
399,TS49,1,ai,True,true,1.0,6.0,5.0,,5,7,2,3,4,21,prefer_not_to_say,US,high_school_or_equivalent,5,7,6,2,mixed,moderate,2,5,4,6,2,truth_source_labeled_persona_399.json
399,TS79,1,ai,False,false,1.0,6.0,3.0,,5,7,2,3,4,21,prefer_not_to_say,US,high_school_or_equivalent,5,7,6,2,mixed,moderate,2,5,4,6,2,truth_source_labeled_persona_399.json
400,TS49,1,ai,True,true,1.0,5.0,3.0,,5,4,6,5,3,18,man,British,graduate_student,5,4,3,1,mixed,moderate,5,4,7,2,4,truth_source_labeled_persona_400.json
400,TS66,1,ai,False,false,1.0,6.0,2.0,,5,4,6,5,3,18,man,British,graduate_student,5,4,3,1,mixed,moderate,5,4,7,2,4,truth_source_labeled_persona_400.json
400,TS50,1,ai,True,true,1.0,6.0,5.0,,5,4,6,5,3,18,man,British,graduate_student,5,4,3,1,mixed,moderate,5,4,7,2,4,truth_source_labeled_persona_400.json
400,TS31,1,human,False,false,1.0,4.0,6.0,,5,4,6,5,3,18,man,British,graduate_student,5,4,3,1,mixed,moderate,5,4,7,2,4,truth_source_labeled_persona_400.json
400,TS9,1,human,True,true,1.0,6.0,5.0,,5,4,6,5,3,18,man,British,graduate_student,5,4,3,1,mixed,moderate,5,4,7,2,4,truth_source_labeled_persona_400.json
401,TS31,1,human,False,false,1.0,6.0,2.0,,2,4,5,3,2,21,nonbinary,German,vocational_training,1,6,4,6,mixed,low,5,4,1,4,1,truth_source_labeled_persona_401.json
401,TS9,1,human,True,true,1.0,5.0,4.0,,2,4,5,3,2,21,nonbinary,German,vocational_training,1,6,4,6,mixed,low,5,4,1,4,1,truth_source_labeled_persona_401.json
401,TS49,1,ai,True,true,1.0,6.0,3.0,,2,4,5,3,2,21,nonbinary,German,vocational_training,1,6,4,6,mixed,low,5,4,1,4,1,truth_source_labeled_persona_401.json
401,TS50,1,ai,True,true,1.0,5.0,5.0,,2,4,5,3,2,21,nonbinary,German,vocational_training,1,6,4,6,mixed,low,5,4,1,4,1,truth_source_labeled_persona_401.json
401,TS66,1,ai,False,false,1.0,1.0,1.0,,2,4,5,3,2,21,nonbinary,German,vocational_training,1,6,4,6,mixed,low,5,4,1,4,1,truth_source_labeled_persona_401.json
402,TS66,1,ai,False,false,1.0,6.0,2.0,,4,4,5,3,4,24,nonbinary,Canadian,some_college,4,4,7,5,mixed,moderate,4,7,4,3,2,truth_source_labeled_persona_402.json
402,TS49,1,ai,True,true,1.0,6.0,5.0,,4,4,5,3,4,24,nonbinary,Canadian,some_college,4,4,7,5,mixed,moderate,4,7,4,3,2,truth_source_labeled_persona_402.json
402,TS79,1,ai,False,false,1.0,7.0,1.0,,4,4,5,3,4,24,nonbinary,Canadian,some_college,4,4,7,5,mixed,moderate,4,7,4,3,2,truth_source_labeled_persona_402.json
402,TS9,1,human,True,true,1.0,5.0,6.0,,4,4,5,3,4,24,nonbinary,Canadian,some_college,4,4,7,5,mixed,moderate,4,7,4,3,2,truth_source_labeled_persona_402.json
402,TS31,1,human,False,false,1.0,4.0,3.0,,4,4,5,3,4,24,nonbinary,Canadian,some_college,4,4,7,5,mixed,moderate,4,7,4,3,2,truth_source_labeled_persona_402.json
403,TS9,1,human,True,true,1.0,4.0,5.0,,6,3,4,5,4,23,nonbinary,Canadian,graduate_student,6,3,3,6,mixed,moderate,7,4,6,7,3,truth_source_labeled_persona_403.json
403,TS79,1,ai,False,false,1.0,6.0,2.0,,6,3,4,5,4,23,nonbinary,Canadian,graduate_student,6,3,3,6,mixed,moderate,7,4,6,7,3,truth_source_labeled_persona_403.json
403,TS31,1,human,False,false,1.0,6.0,5.0,,6,3,4,5,4,23,nonbinary,Canadian,graduate_student,6,3,3,6,mixed,moderate,7,4,6,7,3,truth_source_labeled_persona_403.json
403,TS66,1,ai,False,false,1.0,6.0,2.0,,6,3,4,5,4,23,nonbinary,Canadian,graduate_student,6,3,3,6,mixed,moderate,7,4,6,7,3,truth_source_labeled_persona_403.json
403,TS49,1,ai,True,true,1.0,6.0,5.0,,6,3,4,5,4,23,nonbinary,Canadian,graduate_student,6,3,3,6,mixed,moderate,7,4,6,7,3,truth_source_labeled_persona_403.json
404,TS50,1,ai,True,true,1.0,4.0,2.0,,2,3,5,4,2,24,woman,Australian,bachelors_degree,1,3,4,5,analytical,high,7,1,2,1,3,truth_source_labeled_persona_404.json
404,TS9,1,human,True,true,1.0,5.0,6.0,,2,3,5,4,2,24,woman,Australian,bachelors_degree,1,3,4,5,analytical,high,7,1,2,1,3,truth_source_labeled_persona_404.json
404,TS6,1,human,True,true,1.0,2.0,5.0,,2,3,5,4,2,24,woman,Australian,bachelors_degree,1,3,4,5,analytical,high,7,1,2,1,3,truth_source_labeled_persona_404.json
404,TS66,1,ai,False,false,1.0,2.0,1.0,,2,3,5,4,2,24,woman,Australian,bachelors_degree,1,3,4,5,analytical,high,7,1,2,1,3,truth_source_labeled_persona_404.json
404,TS75,1,ai,False,false,1.0,6.0,2.0,,2,3,5,4,2,24,woman,Australian,bachelors_degree,1,3,4,5,analytical,high,7,1,2,1,3,truth_source_labeled_persona_404.json
405,TS9,1,human,True,true,1.0,5.0,4.0,,3,4,6,2,5,24,prefer_not_to_say,US,undergraduate,3,3,4,1,intuitive,high,4,4,5,1,4,truth_source_labeled_persona_405.json
405,TS31,1,human,False,false,1.0,6.0,3.0,,3,4,6,2,5,24,prefer_not_to_say,US,undergraduate,3,3,4,1,intuitive,high,4,4,5,1,4,truth_source_labeled_persona_405.json
405,TS66,1,ai,False,false,1.0,6.0,2.0,,3,4,6,2,5,24,prefer_not_to_say,US,undergraduate,3,3,4,1,intuitive,high,4,4,5,1,4,truth_source_labeled_persona_405.json
405,TS49,1,ai,True,true,1.0,6.0,5.0,,3,4,6,2,5,24,prefer_not_to_say,US,undergraduate,3,3,4,1,intuitive,high,4,4,5,1,4,truth_source_labeled_persona_405.json
405,TS50,1,ai,True,true,1.0,6.0,5.0,,3,4,6,2,5,24,prefer_not_to_say,US,undergraduate,3,3,4,1,intuitive,high,4,4,5,1,4,truth_source_labeled_persona_405.json
406,TS31,1,human,False,false,1.0,6.0,2.0,,3,2,6,5,4,25,man,US,vocational_training,7,1,3,4,mixed,high,3,1,4,2,5,truth_source_labeled_persona_406.json
406,TS66,1,ai,False,false,1.0,7.0,1.0,,3,2,6,5,4,25,man,US,vocational_training,7,1,3,4,mixed,high,3,1,4,2,5,truth_source_labeled_persona_406.json
406,TS50,1,ai,True,true,1.0,6.0,5.0,,3,2,6,5,4,25,man,US,vocational_training,7,1,3,4,mixed,high,3,1,4,2,5,truth_source_labeled_persona_406.json
406,TS49,1,ai,True,true,1.0,5.0,6.0,,3,2,6,5,4,25,man,US,vocational_training,7,1,3,4,mixed,high,3,1,4,2,5,truth_source_labeled_persona_406.json
406,TS9,1,human,True,true,1.0,4.0,5.0,,3,2,6,5,4,25,man,US,vocational_training,7,1,3,4,mixed,high,3,1,4,2,5,truth_source_labeled_persona_406.json
407,TS31,1,human,False,false,1.0,6.0,2.0,,4,2,6,5,3,21,man,US,high_school_or_equivalent,4,2,7,1,intuitive,low,7,2,6,3,7,truth_source_labeled_persona_407.json
407,TS79,1,ai,False,false,1.0,7.0,1.0,,4,2,6,5,3,21,man,US,high_school_or_equivalent,4,2,7,1,intuitive,low,7,2,6,3,7,truth_source_labeled_persona_407.json
407,TS9,1,human,True,true,1.0,6.0,5.0,,4,2,6,5,3,21,man,US,high_school_or_equivalent,4,2,7,1,intuitive,low,7,2,6,3,7,truth_source_labeled_persona_407.json
407,TS49,1,ai,True,true,1.0,6.0,4.0,,4,2,6,5,3,21,man,US,high_school_or_equivalent,4,2,7,1,intuitive,low,7,2,6,3,7,truth_source_labeled_persona_407.json
407,TS66,1,ai,False,false,1.0,7.0,1.0,,4,2,6,5,3,21,man,US,high_school_or_equivalent,4,2,7,1,intuitive,low,7,2,6,3,7,truth_source_labeled_persona_407.json
408,TS50,1,ai,True,true,1.0,5.0,3.0,,3,2,4,5,6,22,woman,Dutch,some_college,1,2,1,7,mixed,moderate,1,5,7,3,4,truth_source_labeled_persona_408.json
408,TS31,1,human,False,false,1.0,6.0,4.0,,3,2,4,5,6,22,woman,Dutch,some_college,1,2,1,7,mixed,moderate,1,5,7,3,4,truth_source_labeled_persona_408.json
408,TS9,1,human,True,true,1.0,5.0,6.0,,3,2,4,5,6,22,woman,Dutch,some_college,1,2,1,7,mixed,moderate,1,5,7,3,4,truth_source_labeled_persona_408.json
408,TS49,1,ai,True,true,1.0,6.0,5.0,,3,2,4,5,6,22,woman,Dutch,some_college,1,2,1,7,mixed,moderate,1,5,7,3,4,truth_source_labeled_persona_408.json
408,TS66,1,ai,False,false,1.0,6.0,3.0,,3,2,4,5,6,22,woman,Dutch,some_college,1,2,1,7,mixed,moderate,1,5,7,3,4,truth_source_labeled_persona_408.json
409,TS75,1,ai,False,false,1.0,6.0,2.0,,3,4,5,6,2,25,nonbinary,Dutch,some_college,3,7,3,6,mixed,moderate,6,3,2,7,7,truth_source_labeled_persona_409.json
409,TS21,1,human,False,false,1.0,2.0,4.0,,3,4,5,6,2,25,nonbinary,Dutch,some_college,3,7,3,6,mixed,moderate,6,3,2,7,7,truth_source_labeled_persona_409.json
409,TS49,1,ai,True,true,1.0,4.0,3.0,,3,4,5,6,2,25,nonbinary,Dutch,some_college,3,7,3,6,mixed,moderate,6,3,2,7,7,truth_source_labeled_persona_409.json
409,TS13,1,human,True,true,1.0,5.0,6.0,,3,4,5,6,2,25,nonbinary,Dutch,some_college,3,7,3,6,mixed,moderate,6,3,2,7,7,truth_source_labeled_persona_409.json
409,TS50,1,ai,True,true,1.0,6.0,2.0,,3,4,5,6,2,25,nonbinary,Dutch,some_college,3,7,3,6,mixed,moderate,6,3,2,7,7,truth_source_labeled_persona_409.json
410,TS42,1,ai,True,unsure,,4.0,3.0,,3,3,4,5,2,22,nonbinary,US,high_school_or_equivalent,3,3,1,3,analytical,moderate,4,5,3,1,5,truth_source_labeled_persona_410.json
410,TS35,1,human,False,unsure,,4.0,6.0,,3,3,4,5,2,22,nonbinary,US,high_school_or_equivalent,3,3,1,3,analytical,moderate,4,5,3,1,5,truth_source_labeled_persona_410.json
410,TS20,1,human,False,false,1.0,5.0,6.0,,3,3,4,5,2,22,nonbinary,US,high_school_or_equivalent,3,3,1,3,analytical,moderate,4,5,3,1,5,truth_source_labeled_persona_410.json
410,TS50,1,ai,True,true,1.0,4.0,5.0,,3,3,4,5,2,22,nonbinary,US,high_school_or_equivalent,3,3,1,3,analytical,moderate,4,5,3,1,5,truth_source_labeled_persona_410.json
410,TS31,1,human,False,false,1.0,3.0,4.0,,3,3,4,5,2,22,nonbinary,US,high_school_or_equivalent,3,3,1,3,analytical,moderate,4,5,3,1,5,truth_source_labeled_persona_410.json
411,TS21,1,human,False,false,1.0,4.0,3.0,,4,2,6,5,3,24,prefer_not_to_say,US,some_college,7,2,4,4,mixed,high,4,1,7,4,4,truth_source_labeled_persona_411.json
411,TS66,1,ai,False,false,1.0,6.0,2.0,,4,2,6,5,3,24,prefer_not_to_say,US,some_college,7,2,4,4,mixed,high,4,1,7,4,4,truth_source_labeled_persona_411.json
411,TS31,1,human,False,false,1.0,6.0,3.0,,4,2,6,5,3,24,prefer_not_to_say,US,some_college,7,2,4,4,mixed,high,4,1,7,4,4,truth_source_labeled_persona_411.json
411,TS50,1,ai,True,true,1.0,4.0,2.0,,4,2,6,5,3,24,prefer_not_to_say,US,some_college,7,2,4,4,mixed,high,4,1,7,4,4,truth_source_labeled_persona_411.json
411,TS49,1,ai,True,true,1.0,6.0,5.0,,4,2,6,5,3,24,prefer_not_to_say,US,some_college,7,2,4,4,mixed,high,4,1,7,4,4,truth_source_labeled_persona_411.json
412,TS49,1,ai,True,true,1.0,4.0,2.0,,6,2,5,4,3,24,nonbinary,US,some_college,6,2,3,5,intuitive,moderate,7,3,1,7,3,truth_source_labeled_persona_412.json
412,TS20,1,human,False,false,1.0,6.0,4.0,,6,2,5,4,3,24,nonbinary,US,some_college,6,2,3,5,intuitive,moderate,7,3,1,7,3,truth_source_labeled_persona_412.json
412,TS66,1,ai,False,false,1.0,6.0,2.0,,6,2,5,4,3,24,nonbinary,US,some_college,6,2,3,5,intuitive,moderate,7,3,1,7,3,truth_source_labeled_persona_412.json
412,TS50,1,ai,True,true,1.0,6.0,5.0,,6,2,5,4,3,24,nonbinary,US,some_college,6,2,3,5,intuitive,moderate,7,3,1,7,3,truth_source_labeled_persona_412.json
412,TS31,1,human,False,false,1.0,5.0,4.0,,6,2,5,4,3,24,nonbinary,US,some_college,6,2,3,5,intuitive,moderate,7,3,1,7,3,truth_source_labeled_persona_412.json
413,TS13,1,human,True,true,1.0,4.0,5.0,,6,3,4,5,6,23,man,Australian,bachelors_degree,6,3,1,6,mixed,low,2,3,1,1,5,truth_source_labeled_persona_413.json
413,TS21,1,human,False,false,1.0,3.0,4.0,,6,3,4,5,6,23,man,Australian,bachelors_degree,6,3,1,6,mixed,low,2,3,1,1,5,truth_source_labeled_persona_413.json
413,TS50,1,ai,True,true,1.0,5.0,2.0,,6,3,4,5,6,23,man,Australian,bachelors_degree,6,3,1,6,mixed,low,2,3,1,1,5,truth_source_labeled_persona_413.json
413,TS35,1,human,False,false,1.0,6.0,5.0,,6,3,4,5,6,23,man,Australian,bachelors_degree,6,3,1,6,mixed,low,2,3,1,1,5,truth_source_labeled_persona_413.json
413,TS75,1,ai,False,false,1.0,7.0,2.0,,6,3,4,5,6,23,man,Australian,bachelors_degree,6,3,1,6,mixed,low,2,3,1,1,5,truth_source_labeled_persona_413.json
414,TS50,1,ai,True,true,1.0,4.0,3.0,,4,2,6,5,3,24,man,German,high_school_or_equivalent,4,1,3,5,mixed,high,5,7,4,7,6,truth_source_labeled_persona_414.json
414,TS42,1,ai,True,true,1.0,5.0,4.0,,4,2,6,5,3,24,man,German,high_school_or_equivalent,4,1,3,5,mixed,high,5,7,4,7,6,truth_source_labeled_persona_414.json
414,TS9,1,human,True,true,1.0,4.0,5.0,,4,2,6,5,3,24,man,German,high_school_or_equivalent,4,1,3,5,mixed,high,5,7,4,7,6,truth_source_labeled_persona_414.json
414,TS49,1,ai,True,true,1.0,6.0,6.0,,4,2,6,5,3,24,man,German,high_school_or_equivalent,4,1,3,5,mixed,high,5,7,4,7,6,truth_source_labeled_persona_414.json
414,TS75,1,ai,False,false,1.0,6.0,2.0,,4,2,6,5,3,24,man,German,high_school_or_equivalent,4,1,3,5,mixed,high,5,7,4,7,6,truth_source_labeled_persona_414.json
415,TS31,1,human,False,false,1.0,6.0,2.0,,4,3,5,5,4,20,nonbinary,US,some_college,4,3,7,4,analytical,moderate,5,6,6,6,4,truth_source_labeled_persona_415.json
415,TS50,1,ai,True,true,1.0,6.0,4.0,,4,3,5,5,4,20,nonbinary,US,some_college,4,3,7,4,analytical,moderate,5,6,6,6,4,truth_source_labeled_persona_415.json
415,TS49,1,ai,True,true,1.0,7.0,6.0,,4,3,5,5,4,20,nonbinary,US,some_college,4,3,7,4,analytical,moderate,5,6,6,6,4,truth_source_labeled_persona_415.json
415,TS9,1,human,True,true,1.0,6.0,5.0,,4,3,5,5,4,20,nonbinary,US,some_college,4,3,7,4,analytical,moderate,5,6,6,6,4,truth_source_labeled_persona_415.json
415,TS66,1,ai,False,false,1.0,2.0,3.0,,4,3,5,5,4,20,nonbinary,US,some_college,4,3,7,4,analytical,moderate,5,6,6,6,4,truth_source_labeled_persona_415.json
416,TS31,1,human,False,false,1.0,6.0,2.0,,2,4,6,5,3,24,man,US,graduate_student,2,7,4,6,mixed,low,4,3,6,7,6,truth_source_labeled_persona_416.json
416,TS66,1,ai,False,false,1.0,6.0,2.0,,2,4,6,5,3,24,man,US,graduate_student,2,7,4,6,mixed,low,4,3,6,7,6,truth_source_labeled_persona_416.json
416,TS50,1,ai,True,true,1.0,6.0,6.0,,2,4,6,5,3,24,man,US,graduate_student,2,7,4,6,mixed,low,4,3,6,7,6,truth_source_labeled_persona_416.json
416,TS49,1,ai,True,true,1.0,6.0,6.0,,2,4,6,5,3,24,man,US,graduate_student,2,7,4,6,mixed,low,4,3,6,7,6,truth_source_labeled_persona_416.json
416,TS9,1,human,True,true,1.0,5.0,4.0,,2,4,6,5,3,24,man,US,graduate_student,2,7,4,6,mixed,low,4,3,6,7,6,truth_source_labeled_persona_416.json
417,TS31,1,human,False,false,1.0,6.0,2.0,,3,1,5,4,6,25,nonbinary,US,bachelors_degree,3,1,1,6,mixed,low,3,7,6,3,7,truth_source_labeled_persona_417.json
417,TS6,1,human,True,true,1.0,6.0,5.0,,3,1,5,4,6,25,nonbinary,US,bachelors_degree,3,1,1,6,mixed,low,3,7,6,3,7,truth_source_labeled_persona_417.json
417,TS66,1,ai,False,false,1.0,6.0,1.0,,3,1,5,4,6,25,nonbinary,US,bachelors_degree,3,1,1,6,mixed,low,3,7,6,3,7,truth_source_labeled_persona_417.json
417,TS50,1,ai,True,true,1.0,6.0,6.0,,3,1,5,4,6,25,nonbinary,US,bachelors_degree,3,1,1,6,mixed,low,3,7,6,3,7,truth_source_labeled_persona_417.json
417,TS9,1,human,True,true,1.0,6.0,5.0,,3,1,5,4,6,25,nonbinary,US,bachelors_degree,3,1,1,6,mixed,low,3,7,6,3,7,truth_source_labeled_persona_417.json
418,TS20,1,human,False,false,1.0,6.0,2.0,,5,6,4,5,5,23,prefer_not_to_say,US,vocational_training,3,3,3,4,intuitive,low,3,1,4,6,1,truth_source_labeled_persona_418.json
418,TS35,1,human,False,true,0.0,5.0,4.0,,5,6,4,5,5,23,prefer_not_to_say,US,vocational_training,3,3,3,4,intuitive,low,3,1,4,6,1,truth_source_labeled_persona_418.json
418,TS66,1,ai,False,false,1.0,6.0,1.0,,5,6,4,5,5,23,prefer_not_to_say,US,vocational_training,3,3,3,4,intuitive,low,3,1,4,6,1,truth_source_labeled_persona_418.json
418,TS31,1,human,False,false,1.0,6.0,2.0,,5,6,4,5,5,23,prefer_not_to_say,US,vocational_training,3,3,3,4,intuitive,low,3,1,4,6,1,truth_source_labeled_persona_418.json
418,TS79,1,ai,False,true,0.0,6.0,1.0,,5,6,4,5,5,23,prefer_not_to_say,US,vocational_training,3,3,3,4,intuitive,low,3,1,4,6,1,truth_source_labeled_persona_418.json
419,TS66,1,ai,False,false,1.0,6.0,2.0,,7,3,4,5,4,21,woman,Dutch,some_college,7,3,1,4,mixed,moderate,7,3,5,7,4,truth_source_labeled_persona_419.json
419,TS49,1,ai,True,true,1.0,5.0,4.0,,7,3,4,5,4,21,woman,Dutch,some_college,7,3,1,4,mixed,moderate,7,3,5,7,4,truth_source_labeled_persona_419.json
419,TS79,1,ai,False,false,1.0,6.0,2.0,,7,3,4,5,4,21,woman,Dutch,some_college,7,3,1,4,mixed,moderate,7,3,5,7,4,truth_source_labeled_persona_419.json
419,TS60,1,ai,False,false,1.0,6.0,2.0,,7,3,4,5,4,21,woman,Dutch,some_college,7,3,1,4,mixed,moderate,7,3,5,7,4,truth_source_labeled_persona_419.json
419,TS9,1,human,True,true,1.0,5.0,5.0,,7,3,4,5,4,21,woman,Dutch,some_college,7,3,1,4,mixed,moderate,7,3,5,7,4,truth_source_labeled_persona_419.json
420,TS42,1,ai,True,true,1.0,3.0,4.0,,3,2,5,4,4,18,man,Dutch,some_college,3,2,1,7,mixed,moderate,1,4,4,1,7,truth_source_labeled_persona_420.json
420,TS9,1,human,True,true,1.0,4.0,5.0,,3,2,5,4,4,18,man,Dutch,some_college,3,2,1,7,mixed,moderate,1,4,4,1,7,truth_source_labeled_persona_420.json
420,TS60,1,ai,False,false,1.0,2.0,2.0,,3,2,5,4,4,18,man,Dutch,some_college,3,2,1,7,mixed,moderate,1,4,4,1,7,truth_source_labeled_persona_420.json
420,TS49,1,ai,True,true,1.0,6.0,6.0,,3,2,5,4,4,18,man,Dutch,some_college,3,2,1,7,mixed,moderate,1,4,4,1,7,truth_source_labeled_persona_420.json
420,TS79,1,ai,False,false,1.0,6.0,2.0,,3,2,5,4,4,18,man,Dutch,some_college,3,2,1,7,mixed,moderate,1,4,4,1,7,truth_source_labeled_persona_420.json
421,TS8,1,human,True,true,1.0,4.0,5.0,,3,4,6,5,3,20,nonbinary,US,undergraduate,3,4,2,5,mixed,low,4,7,5,6,4,truth_source_labeled_persona_421.json
421,TS9,1,human,True,true,1.0,5.0,6.0,,3,4,6,5,3,20,nonbinary,US,undergraduate,3,4,2,5,mixed,low,4,7,5,6,4,truth_source_labeled_persona_421.json
421,TS66,1,ai,False,false,1.0,6.0,2.0,,3,4,6,5,3,20,nonbinary,US,undergraduate,3,4,2,5,mixed,low,4,7,5,6,4,truth_source_labeled_persona_421.json
421,TS31,1,human,False,false,1.0,6.0,5.0,,3,4,6,5,3,20,nonbinary,US,undergraduate,3,4,2,5,mixed,low,4,7,5,6,4,truth_source_labeled_persona_421.json
421,TS49,1,ai,True,true,1.0,6.0,4.0,,3,4,6,5,3,20,nonbinary,US,undergraduate,3,4,2,5,mixed,low,4,7,5,6,4,truth_source_labeled_persona_421.json
422,TS66,1,ai,False,false,1.0,6.0,2.0,,4,2,5,3,4,21,woman,US,some_college,4,2,4,3,intuitive,moderate,2,2,5,1,4,truth_source_labeled_persona_422.json
422,TS79,1,ai,False,false,1.0,6.0,2.0,,4,2,5,3,4,21,woman,US,some_college,4,2,4,3,intuitive,moderate,2,2,5,1,4,truth_source_labeled_persona_422.json
422,TS49,1,ai,True,true,1.0,6.0,5.0,,4,2,5,3,4,21,woman,US,some_college,4,2,4,3,intuitive,moderate,2,2,5,1,4,truth_source_labeled_persona_422.json
422,TS9,1,human,True,true,1.0,4.0,6.0,,4,2,5,3,4,21,woman,US,some_college,4,2,4,3,intuitive,moderate,2,2,5,1,4,truth_source_labeled_persona_422.json
422,TS60,1,ai,False,false,1.0,6.0,2.0,,4,2,5,3,4,21,woman,US,some_college,4,2,4,3,intuitive,moderate,2,2,5,1,4,truth_source_labeled_persona_422.json
423,TS79,1,ai,False,false,1.0,6.0,1.0,,3,4,6,5,2,21,man,US,vocational_training,3,4,3,7,analytical,low,4,5,3,6,1,truth_source_labeled_persona_423.json
423,TS66,1,ai,False,false,1.0,6.0,2.0,,3,4,6,5,2,21,man,US,vocational_training,3,4,3,7,analytical,low,4,5,3,6,1,truth_source_labeled_persona_423.json
423,TS6,1,human,True,true,1.0,5.0,5.0,,3,4,6,5,2,21,man,US,vocational_training,3,4,3,7,analytical,low,4,5,3,6,1,truth_source_labeled_persona_423.json
423,TS60,1,ai,False,false,1.0,6.0,2.0,,3,4,6,5,2,21,man,US,vocational_training,3,4,3,7,analytical,low,4,5,3,6,1,truth_source_labeled_persona_423.json
423,TS9,1,human,True,true,1.0,5.0,6.0,,3,4,6,5,2,21,man,US,vocational_training,3,4,3,7,analytical,low,4,5,3,6,1,truth_source_labeled_persona_423.json
424,TS28,1,human,False,false,1.0,6.0,2.0,,4,3,5,3,4,23,woman,Australian,high_school_or_equivalent,7,3,2,7,analytical,moderate,3,4,2,3,2,truth_source_labeled_persona_424.json
424,TS6,1,human,True,true,1.0,4.0,5.0,,4,3,5,3,4,23,woman,Australian,high_school_or_equivalent,7,3,2,7,analytical,moderate,3,4,2,3,2,truth_source_labeled_persona_424.json
424,TS21,1,human,False,false,1.0,6.0,4.0,,4,3,5,3,4,23,woman,Australian,high_school_or_equivalent,7,3,2,7,analytical,moderate,3,4,2,3,2,truth_source_labeled_persona_424.json
424,TS42,1,ai,True,true,1.0,6.0,2.0,,4,3,5,3,4,23,woman,Australian,high_school_or_equivalent,7,3,2,7,analytical,moderate,3,4,2,3,2,truth_source_labeled_persona_424.json
424,TS60,1,ai,False,false,1.0,1.0,1.0,,4,3,5,3,4,23,woman,Australian,high_school_or_equivalent,7,3,2,7,analytical,moderate,3,4,2,3,2,truth_source_labeled_persona_424.json
425,TS13,1,human,True,true,1.0,5.0,4.0,,5,3,6,4,2,19,woman,German,bachelors_degree,5,5,1,1,mixed,high,7,2,4,7,1,truth_source_labeled_persona_425.json
425,TS9,1,human,True,true,1.0,4.0,5.0,,5,3,6,4,2,19,woman,German,bachelors_degree,5,5,1,1,mixed,high,7,2,4,7,1,truth_source_labeled_persona_425.json
425,TS6,1,human,True,false,0.0,3.0,4.0,,5,3,6,4,2,19,woman,German,bachelors_degree,5,5,1,1,mixed,high,7,2,4,7,1,truth_source_labeled_persona_425.json
425,TS79,1,ai,False,false,1.0,6.0,2.0,,5,3,6,4,2,19,woman,German,bachelors_degree,5,5,1,1,mixed,high,7,2,4,7,1,truth_source_labeled_persona_425.json
425,TS60,1,ai,False,false,1.0,6.0,2.0,,5,3,6,4,2,19,woman,German,bachelors_degree,5,5,1,1,mixed,high,7,2,4,7,1,truth_source_labeled_persona_425.json
426,TS60,1,ai,False,false,1.0,4.0,2.0,,4,3,5,6,2,25,man,US,bachelors_degree,7,3,4,1,mixed,low,6,6,2,1,5,truth_source_labeled_persona_426.json
426,TS66,1,ai,False,false,1.0,6.0,2.0,,4,3,5,6,2,25,man,US,bachelors_degree,7,3,4,1,mixed,low,6,6,2,1,5,truth_source_labeled_persona_426.json
426,TS49,1,ai,True,true,1.0,6.0,5.0,,4,3,5,6,2,25,man,US,bachelors_degree,7,3,4,1,mixed,low,6,6,2,1,5,truth_source_labeled_persona_426.json
426,TS21,1,human,False,false,1.0,6.0,5.0,,4,3,5,6,2,25,man,US,bachelors_degree,7,3,4,1,mixed,low,6,6,2,1,5,truth_source_labeled_persona_426.json
426,TS79,1,ai,False,false,1.0,6.0,2.0,,4,3,5,6,2,25,man,US,bachelors_degree,7,3,4,1,mixed,low,6,6,2,1,5,truth_source_labeled_persona_426.json
427,TS66,1,ai,False,false,1.0,6.0,2.0,,4,4,5,3,2,22,prefer_not_to_say,Dutch,some_college,4,4,1,4,analytical,moderate,4,1,4,4,1,truth_source_labeled_persona_427.json
427,TS20,1,human,False,false,1.0,6.0,5.0,,4,4,5,3,2,22,prefer_not_to_say,Dutch,some_college,4,4,1,4,analytical,moderate,4,1,4,4,1,truth_source_labeled_persona_427.json
427,TS11,1,human,True,false,0.0,5.0,6.0,,4,4,5,3,2,22,prefer_not_to_say,Dutch,some_college,4,4,1,4,analytical,moderate,4,1,4,4,1,truth_source_labeled_persona_427.json
427,TS79,1,ai,False,false,1.0,7.0,1.0,,4,4,5,3,2,22,prefer_not_to_say,Dutch,some_college,4,4,1,4,analytical,moderate,4,1,4,4,1,truth_source_labeled_persona_427.json
427,TS60,1,ai,False,false,1.0,6.0,2.0,,4,4,5,3,2,22,prefer_not_to_say,Dutch,some_college,4,4,1,4,analytical,moderate,4,1,4,4,1,truth_source_labeled_persona_427.json
428,TS35,1,human,False,false,1.0,4.0,3.0,,2,1,5,4,3,22,nonbinary,Canadian,high_school_or_equivalent,2,1,2,3,mixed,moderate,6,1,2,6,3,truth_source_labeled_persona_428.json
428,TS66,1,ai,False,false,1.0,7.0,1.0,,2,1,5,4,3,22,nonbinary,Canadian,high_school_or_equivalent,2,1,2,3,mixed,moderate,6,1,2,6,3,truth_source_labeled_persona_428.json
428,TS60,1,ai,False,false,1.0,7.0,1.0,,2,1,5,4,3,22,nonbinary,Canadian,high_school_or_equivalent,2,1,2,3,mixed,moderate,6,1,2,6,3,truth_source_labeled_persona_428.json
428,TS21,1,human,False,false,1.0,6.0,4.0,,2,1,5,4,3,22,nonbinary,Canadian,high_school_or_equivalent,2,1,2,3,mixed,moderate,6,1,2,6,3,truth_source_labeled_persona_428.json
428,TS8,1,human,True,true,1.0,5.0,6.0,,2,1,5,4,3,22,nonbinary,Canadian,high_school_or_equivalent,2,1,2,3,mixed,moderate,6,1,2,6,3,truth_source_labeled_persona_428.json
429,TS21,1,human,False,false,1.0,6.0,2.0,,4,5,6,3,4,20,prefer_not_to_say,US,undergraduate,7,6,4,1,mixed,high,5,7,4,6,3,truth_source_labeled_persona_429.json
429,TS79,1,ai,False,false,1.0,6.0,1.0,,4,5,6,3,4,20,prefer_not_to_say,US,undergraduate,7,6,4,1,mixed,high,5,7,4,6,3,truth_source_labeled_persona_429.json
429,TS36,1,human,False,false,1.0,6.0,2.0,,4,5,6,3,4,20,prefer_not_to_say,US,undergraduate,7,6,4,1,mixed,high,5,7,4,6,3,truth_source_labeled_persona_429.json
429,TS35,1,human,False,false,1.0,4.0,3.0,,4,5,6,3,4,20,prefer_not_to_say,US,undergraduate,7,6,4,1,mixed,high,5,7,4,6,3,truth_source_labeled_persona_429.json
429,TS42,1,ai,True,true,1.0,6.0,5.0,,4,5,6,3,4,20,prefer_not_to_say,US,undergraduate,7,6,4,1,mixed,high,5,7,4,6,3,truth_source_labeled_persona_429.json
430,TS21,1,human,False,false,1.0,4.0,2.0,,4,5,6,3,2,18,nonbinary,British,undergraduate,4,5,2,4,mixed,moderate,4,2,1,5,4,truth_source_labeled_persona_430.json
430,TS35,1,human,False,true,0.0,4.0,3.0,,4,5,6,3,2,18,nonbinary,British,undergraduate,4,5,2,4,mixed,moderate,4,2,1,5,4,truth_source_labeled_persona_430.json
430,TS79,1,ai,False,false,1.0,7.0,2.0,,4,5,6,3,2,18,nonbinary,British,undergraduate,4,5,2,4,mixed,moderate,4,2,1,5,4,truth_source_labeled_persona_430.json
430,TS42,1,ai,True,true,1.0,5.0,4.0,,4,5,6,3,2,18,nonbinary,British,undergraduate,4,5,2,4,mixed,moderate,4,2,1,5,4,truth_source_labeled_persona_430.json
430,TS60,1,ai,False,false,1.0,6.0,2.0,,4,5,6,3,2,18,nonbinary,British,undergraduate,4,5,2,4,mixed,moderate,4,2,1,5,4,truth_source_labeled_persona_430.json
431,TS35,1,human,False,false,1.0,5.0,6.0,,3,5,4,2,4,24,prefer_not_to_say,US,graduate_student,3,5,4,2,mixed,moderate,7,4,6,4,2,truth_source_labeled_persona_431.json
431,TS60,1,ai,False,false,1.0,5.0,2.0,,3,5,4,2,4,24,prefer_not_to_say,US,graduate_student,3,5,4,2,mixed,moderate,7,4,6,4,2,truth_source_labeled_persona_431.json
431,TS42,1,ai,True,true,1.0,6.0,5.0,,3,5,4,2,4,24,prefer_not_to_say,US,graduate_student,3,5,4,2,mixed,moderate,7,4,6,4,2,truth_source_labeled_persona_431.json
431,TS79,1,ai,False,false,1.0,7.0,2.0,,3,5,4,2,4,24,prefer_not_to_say,US,graduate_student,3,5,4,2,mixed,moderate,7,4,6,4,2,truth_source_labeled_persona_431.json
431,TS21,1,human,False,false,1.0,6.0,4.0,,3,5,4,2,4,24,prefer_not_to_say,US,graduate_student,3,5,4,2,mixed,moderate,7,4,6,4,2,truth_source_labeled_persona_431.json
432,TS21,1,human,False,false,1.0,4.0,5.0,,5,7,3,4,6,24,prefer_not_to_say,British,graduate_student,5,7,2,4,analytical,moderate,3,1,4,2,2,truth_source_labeled_persona_432.json
432,TS8,1,human,True,true,1.0,5.0,6.0,,5,7,3,4,6,24,prefer_not_to_say,British,graduate_student,5,7,2,4,analytical,moderate,3,1,4,2,2,truth_source_labeled_persona_432.json
432,TS35,1,human,False,true,0.0,6.0,5.0,,5,7,3,4,6,24,prefer_not_to_say,British,graduate_student,5,7,2,4,analytical,moderate,3,1,4,2,2,truth_source_labeled_persona_432.json
432,TS60,1,ai,False,false,1.0,1.0,2.0,,5,7,3,4,6,24,prefer_not_to_say,British,graduate_student,5,7,2,4,analytical,moderate,3,1,4,2,2,truth_source_labeled_persona_432.json
432,TS13,1,human,True,true,1.0,5.0,6.0,,5,7,3,4,6,24,prefer_not_to_say,British,graduate_student,5,7,2,4,analytical,moderate,3,1,4,2,2,truth_source_labeled_persona_432.json
433,TS75,1,ai,False,false,1.0,6.0,2.0,,3,4,5,6,5,23,woman,Canadian,graduate_student,1,4,1,6,intuitive,low,7,6,4,3,3,truth_source_labeled_persona_433.json
433,TS35,1,human,False,true,0.0,5.0,6.0,,3,4,5,6,5,23,woman,Canadian,graduate_student,1,4,1,6,intuitive,low,7,6,4,3,3,truth_source_labeled_persona_433.json
433,TS79,1,ai,False,false,1.0,7.0,1.0,,3,4,5,6,5,23,woman,Canadian,graduate_student,1,4,1,6,intuitive,low,7,6,4,3,3,truth_source_labeled_persona_433.json
433,TS40,1,ai,True,true,1.0,6.0,5.0,,3,4,5,6,5,23,woman,Canadian,graduate_student,1,4,1,6,intuitive,low,7,6,4,3,3,truth_source_labeled_persona_433.json
433,TS21,1,human,False,false,1.0,3.0,4.0,,3,4,5,6,5,23,woman,Canadian,graduate_student,1,4,1,6,intuitive,low,7,6,4,3,3,truth_source_labeled_persona_433.json
434,TS60,1,ai,False,false,1.0,5.0,2.0,,2,4,6,5,3,19,man,Canadian,vocational_training,2,2,4,2,intuitive,low,5,3,4,1,4,truth_source_labeled_persona_434.json
434,TS8,1,human,True,true,1.0,4.0,5.0,,2,4,6,5,3,19,man,Canadian,vocational_training,2,2,4,2,intuitive,low,5,3,4,1,4,truth_source_labeled_persona_434.json
434,TS20,1,human,False,false,1.0,2.0,4.0,,2,4,6,5,3,19,man,Canadian,vocational_training,2,2,4,2,intuitive,low,5,3,4,1,4,truth_source_labeled_persona_434.json
434,TS35,1,human,False,true,0.0,3.0,5.0,,2,4,6,5,3,19,man,Canadian,vocational_training,2,2,4,2,intuitive,low,5,3,4,1,4,truth_source_labeled_persona_434.json
434,TS42,1,ai,True,true,1.0,4.0,3.0,,2,4,6,5,3,19,man,Canadian,vocational_training,2,2,4,2,intuitive,low,5,3,4,1,4,truth_source_labeled_persona_434.json
435,TS42,1,ai,True,true,1.0,5.0,4.0,,2,3,5,4,2,18,man,US,some_college,1,3,2,5,mixed,moderate,5,6,4,2,2,truth_source_labeled_persona_435.json
435,TS28,1,human,False,false,1.0,6.0,6.0,,2,3,5,4,2,18,man,US,some_college,1,3,2,5,mixed,moderate,5,6,4,2,2,truth_source_labeled_persona_435.json
435,TS21,1,human,False,false,1.0,6.0,6.0,,2,3,5,4,2,18,man,US,some_college,1,3,2,5,mixed,moderate,5,6,4,2,2,truth_source_labeled_persona_435.json
435,TS35,1,human,False,unsure,,3.0,5.0,,2,3,5,4,2,18,man,US,some_college,1,3,2,5,mixed,moderate,5,6,4,2,2,truth_source_labeled_persona_435.json
435,TS60,1,ai,False,false,1.0,6.0,2.0,,2,3,5,4,2,18,man,US,some_college,1,3,2,5,mixed,moderate,5,6,4,2,2,truth_source_labeled_persona_435.json
436,TS75,1,ai,False,false,1.0,6.0,2.0,,3,2,5,4,3,25,nonbinary,Dutch,undergraduate,3,3,3,7,analytical,high,5,5,4,6,6,truth_source_labeled_persona_436.json
436,TS42,1,ai,True,true,1.0,6.0,4.0,,3,2,5,4,3,25,nonbinary,Dutch,undergraduate,3,3,3,7,analytical,high,5,5,4,6,6,truth_source_labeled_persona_436.json
436,TS35,1,human,False,true,0.0,5.0,6.0,,3,2,5,4,3,25,nonbinary,Dutch,undergraduate,3,3,3,7,analytical,high,5,5,4,6,6,truth_source_labeled_persona_436.json
436,TS21,1,human,False,false,1.0,6.0,5.0,,3,2,5,4,3,25,nonbinary,Dutch,undergraduate,3,3,3,7,analytical,high,5,5,4,6,6,truth_source_labeled_persona_436.json
436,TS79,1,ai,False,false,1.0,6.0,2.0,,3,2,5,4,3,25,nonbinary,Dutch,undergraduate,3,3,3,7,analytical,high,5,5,4,6,6,truth_source_labeled_persona_436.json
437,TS79,1,ai,False,false,1.0,6.0,2.0,,4,2,5,3,4,22,nonbinary,Australian,bachelors_degree,4,1,3,5,intuitive,moderate,5,6,4,6,1,truth_source_labeled_persona_437.json
437,TS42,1,ai,True,true,1.0,6.0,5.0,,4,2,5,3,4,22,nonbinary,Australian,bachelors_degree,4,1,3,5,intuitive,moderate,5,6,4,6,1,truth_source_labeled_persona_437.json
437,TS60,1,ai,False,false,1.0,7.0,2.0,,4,2,5,3,4,22,nonbinary,Australian,bachelors_degree,4,1,3,5,intuitive,moderate,5,6,4,6,1,truth_source_labeled_persona_437.json
437,TS21,1,human,False,false,1.0,5.0,6.0,,4,2,5,3,4,22,nonbinary,Australian,bachelors_degree,4,1,3,5,intuitive,moderate,5,6,4,6,1,truth_source_labeled_persona_437.json
437,TS35,1,human,False,false,1.0,6.0,5.0,,4,2,5,3,4,22,nonbinary,Australian,bachelors_degree,4,1,3,5,intuitive,moderate,5,6,4,6,1,truth_source_labeled_persona_437.json
438,TS21,1,human,False,false,1.0,4.0,2.0,,4,3,6,5,2,20,nonbinary,Canadian,undergraduate,7,3,6,2,mixed,high,4,5,5,4,2,truth_source_labeled_persona_438.json
438,TS6,1,human,True,true,1.0,5.0,4.0,,4,3,6,5,2,20,nonbinary,Canadian,undergraduate,7,3,6,2,mixed,high,4,5,5,4,2,truth_source_labeled_persona_438.json
438,TS75,1,ai,False,false,1.0,6.0,2.0,,4,3,6,5,2,20,nonbinary,Canadian,undergraduate,7,3,6,2,mixed,high,4,5,5,4,2,truth_source_labeled_persona_438.json
438,TS79,1,ai,False,false,1.0,6.0,1.0,,4,3,6,5,2,20,nonbinary,Canadian,undergraduate,7,3,6,2,mixed,high,4,5,5,4,2,truth_source_labeled_persona_438.json
438,TS42,1,ai,True,true,1.0,6.0,4.0,,4,3,6,5,2,20,nonbinary,Canadian,undergraduate,7,3,6,2,mixed,high,4,5,5,4,2,truth_source_labeled_persona_438.json
439,TS42,1,ai,True,true,1.0,5.0,4.0,,4,6,3,5,4,24,nonbinary,US,bachelors_degree,4,6,7,4,mixed,low,7,5,2,7,3,truth_source_labeled_persona_439.json
439,TS20,1,human,False,false,1.0,4.0,5.0,,4,6,3,5,4,24,nonbinary,US,bachelors_degree,4,6,7,4,mixed,low,7,5,2,7,3,truth_source_labeled_persona_439.json
439,TS75,1,ai,False,false,1.0,5.0,2.0,,4,6,3,5,4,24,nonbinary,US,bachelors_degree,4,6,7,4,mixed,low,7,5,2,7,3,truth_source_labeled_persona_439.json
439,TS35,1,human,False,false,1.0,4.0,6.0,,4,6,3,5,4,24,nonbinary,US,bachelors_degree,4,6,7,4,mixed,low,7,5,2,7,3,truth_source_labeled_persona_439.json
439,TS8,1,human,True,true,1.0,5.0,6.0,,4,6,3,5,4,24,nonbinary,US,bachelors_degree,4,6,7,4,mixed,low,7,5,2,7,3,truth_source_labeled_persona_439.json
440,TS35,1,human,False,true,0.0,4.0,3.0,,3,5,4,5,2,23,woman,Canadian,some_college,2,7,3,1,analytical,moderate,5,6,3,5,5,truth_source_labeled_persona_440.json
440,TS79,1,ai,False,false,1.0,6.0,2.0,,3,5,4,5,2,23,woman,Canadian,some_college,2,7,3,1,analytical,moderate,5,6,3,5,5,truth_source_labeled_persona_440.json
440,TS60,1,ai,False,false,1.0,6.0,1.0,,3,5,4,5,2,23,woman,Canadian,some_college,2,7,3,1,analytical,moderate,5,6,3,5,5,truth_source_labeled_persona_440.json
440,TS21,1,human,False,false,1.0,6.0,5.0,,3,5,4,5,2,23,woman,Canadian,some_college,2,7,3,1,analytical,moderate,5,6,3,5,5,truth_source_labeled_persona_440.json
440,TS42,1,ai,True,true,1.0,4.0,3.0,,3,5,4,5,2,23,woman,Canadian,some_college,2,7,3,1,analytical,moderate,5,6,3,5,5,truth_source_labeled_persona_440.json
441,TS35,1,human,False,false,1.0,4.0,3.0,,5,2,6,4,3,19,woman,US,bachelors_degree,7,4,2,5,mixed,high,1,7,5,5,5,truth_source_labeled_persona_441.json
441,TS75,1,ai,False,false,1.0,6.0,2.0,,5,2,6,4,3,19,woman,US,bachelors_degree,7,4,2,5,mixed,high,1,7,5,5,5,truth_source_labeled_persona_441.json
441,TS13,1,human,True,true,1.0,4.0,5.0,,5,2,6,4,3,19,woman,US,bachelors_degree,7,4,2,5,mixed,high,1,7,5,5,5,truth_source_labeled_persona_441.json
441,TS79,1,ai,False,false,1.0,6.0,1.0,,5,2,6,4,3,19,woman,US,bachelors_degree,7,4,2,5,mixed,high,1,7,5,5,5,truth_source_labeled_persona_441.json
441,TS21,1,human,False,false,1.0,2.0,5.0,,5,2,6,4,3,19,woman,US,bachelors_degree,7,4,2,5,mixed,high,1,7,5,5,5,truth_source_labeled_persona_441.json
442,TS8,1,human,True,true,1.0,6.0,5.0,,4,5,3,5,4,20,woman,Australian,bachelors_degree,4,5,4,4,mixed,moderate,1,1,4,5,2,truth_source_labeled_persona_442.json
442,TS40,1,ai,True,true,1.0,5.0,4.0,,4,5,3,5,4,20,woman,Australian,bachelors_degree,4,5,4,4,mixed,moderate,1,1,4,5,2,truth_source_labeled_persona_442.json
442,TS35,1,human,False,false,1.0,6.0,5.0,,4,5,3,5,4,20,woman,Australian,bachelors_degree,4,5,4,4,mixed,moderate,1,1,4,5,2,truth_source_labeled_persona_442.json
442,TS3,1,human,True,false,0.0,6.0,5.0,,4,5,3,5,4,20,woman,Australian,bachelors_degree,4,5,4,4,mixed,moderate,1,1,4,5,2,truth_source_labeled_persona_442.json
442,TS60,1,ai,False,false,1.0,6.0,2.0,,4,5,3,5,4,20,woman,Australian,bachelors_degree,4,5,4,4,mixed,moderate,1,1,4,5,2,truth_source_labeled_persona_442.json
443,TS60,1,ai,False,false,1.0,6.0,2.0,,2,3,5,4,5,23,nonbinary,Dutch,graduate_student,2,7,5,5,mixed,high,4,5,5,5,4,truth_source_labeled_persona_443.json
443,TS35,1,human,False,false,1.0,6.0,6.0,,2,3,5,4,5,23,nonbinary,Dutch,graduate_student,2,7,5,5,mixed,high,4,5,5,5,4,truth_source_labeled_persona_443.json
443,TS79,1,ai,False,false,1.0,7.0,1.0,,2,3,5,4,5,23,nonbinary,Dutch,graduate_student,2,7,5,5,mixed,high,4,5,5,5,4,truth_source_labeled_persona_443.json
443,TS42,1,ai,True,true,1.0,6.0,5.0,,2,3,5,4,5,23,nonbinary,Dutch,graduate_student,2,7,5,5,mixed,high,4,5,5,5,4,truth_source_labeled_persona_443.json
443,TS21,1,human,False,false,1.0,6.0,4.0,,2,3,5,4,5,23,nonbinary,Dutch,graduate_student,2,7,5,5,mixed,high,4,5,5,5,4,truth_source_labeled_persona_443.json
444,TS21,1,human,False,false,1.0,6.0,3.0,,5,2,4,3,4,25,prefer_not_to_say,US,some_college,7,1,7,2,mixed,low,7,1,4,4,2,truth_source_labeled_persona_444.json
444,TS42,1,ai,True,true,1.0,5.0,4.0,,5,2,4,3,4,25,prefer_not_to_say,US,some_college,7,1,7,2,mixed,low,7,1,4,4,2,truth_source_labeled_persona_444.json
444,TS60,1,ai,False,false,1.0,1.0,2.0,,5,2,4,3,4,25,prefer_not_to_say,US,some_college,7,1,7,2,mixed,low,7,1,4,4,2,truth_source_labeled_persona_444.json
444,TS35,1,human,False,true,0.0,4.0,5.0,,5,2,4,3,4,25,prefer_not_to_say,US,some_college,7,1,7,2,mixed,low,7,1,4,4,2,truth_source_labeled_persona_444.json
444,TS79,1,ai,False,false,1.0,7.0,2.0,,5,2,4,3,4,25,prefer_not_to_say,US,some_college,7,1,7,2,mixed,low,7,1,4,4,2,truth_source_labeled_persona_444.json
445,TS79,1,ai,False,false,1.0,6.0,2.0,,5,3,4,5,2,20,woman,Canadian,undergraduate,5,3,7,2,mixed,low,2,2,4,7,3,truth_source_labeled_persona_445.json
445,TS60,1,ai,False,false,1.0,6.0,2.0,,5,3,4,5,2,20,woman,Canadian,undergraduate,5,3,7,2,mixed,low,2,2,4,7,3,truth_source_labeled_persona_445.json
445,TS42,1,ai,True,true,1.0,6.0,5.0,,5,3,4,5,2,20,woman,Canadian,undergraduate,5,3,7,2,mixed,low,2,2,4,7,3,truth_source_labeled_persona_445.json
445,TS21,1,human,False,false,1.0,6.0,4.0,,5,3,4,5,2,20,woman,Canadian,undergraduate,5,3,7,2,mixed,low,2,2,4,7,3,truth_source_labeled_persona_445.json
445,TS35,1,human,False,false,1.0,6.0,5.0,,5,3,4,5,2,20,woman,Canadian,undergraduate,5,3,7,2,mixed,low,2,2,4,7,3,truth_source_labeled_persona_445.json
446,TS79,1,ai,False,false,1.0,6.0,2.0,,2,4,6,5,3,18,nonbinary,German,undergraduate,1,2,4,4,intuitive,high,7,4,1,7,2,truth_source_labeled_persona_446.json
446,TS42,1,ai,True,true,1.0,5.0,4.0,,2,4,6,5,3,18,nonbinary,German,undergraduate,1,2,4,4,intuitive,high,7,4,1,7,2,truth_source_labeled_persona_446.json
446,TS21,1,human,False,false,1.0,6.0,5.0,,2,4,6,5,3,18,nonbinary,German,undergraduate,1,2,4,4,intuitive,high,7,4,1,7,2,truth_source_labeled_persona_446.json
446,TS35,1,human,False,false,1.0,2.0,3.0,,2,4,6,5,3,18,nonbinary,German,undergraduate,1,2,4,4,intuitive,high,7,4,1,7,2,truth_source_labeled_persona_446.json
446,TS60,1,ai,False,false,1.0,6.0,2.0,,2,4,6,5,3,18,nonbinary,German,undergraduate,1,2,4,4,intuitive,high,7,4,1,7,2,truth_source_labeled_persona_446.json
447,TS60,1,ai,False,false,1.0,6.0,2.0,,4,3,6,5,4,25,woman,British,high_school_or_equivalent,7,3,6,1,intuitive,low,3,4,5,4,1,truth_source_labeled_persona_447.json
447,TS6,1,human,True,true,1.0,5.0,6.0,,4,3,6,5,4,25,woman,British,high_school_or_equivalent,7,3,6,1,intuitive,low,3,4,5,4,1,truth_source_labeled_persona_447.json
447,TS42,1,ai,True,true,1.0,6.0,5.0,,4,3,6,5,4,25,woman,British,high_school_or_equivalent,7,3,6,1,intuitive,low,3,4,5,4,1,truth_source_labeled_persona_447.json
447,TS21,1,human,False,false,1.0,6.0,4.0,,4,3,6,5,4,25,woman,British,high_school_or_equivalent,7,3,6,1,intuitive,low,3,4,5,4,1,truth_source_labeled_persona_447.json
447,TS79,1,ai,False,false,1.0,6.0,2.0,,4,3,6,5,4,25,woman,British,high_school_or_equivalent,7,3,6,1,intuitive,low,3,4,5,4,1,truth_source_labeled_persona_447.json
448,TS60,1,ai,False,false,1.0,6.0,2.0,,4,3,5,6,4,18,prefer_not_to_say,German,undergraduate,4,1,6,5,analytical,moderate,3,7,1,6,5,truth_source_labeled_persona_448.json
448,TS79,1,ai,False,false,1.0,6.0,2.0,,4,3,5,6,4,18,prefer_not_to_say,German,undergraduate,4,1,6,5,analytical,moderate,3,7,1,6,5,truth_source_labeled_persona_448.json
448,TS3,1,human,True,true,1.0,6.0,5.0,,4,3,5,6,4,18,prefer_not_to_say,German,undergraduate,4,1,6,5,analytical,moderate,3,7,1,6,5,truth_source_labeled_persona_448.json
448,TS13,1,human,True,true,1.0,6.0,5.0,,4,3,5,6,4,18,prefer_not_to_say,German,undergraduate,4,1,6,5,analytical,moderate,3,7,1,6,5,truth_source_labeled_persona_448.json
448,TS35,1,human,False,true,0.0,5.0,4.0,,4,3,5,6,4,18,prefer_not_to_say,German,undergraduate,4,1,6,5,analytical,moderate,3,7,1,6,5,truth_source_labeled_persona_448.json
449,TS21,1,human,False,false,1.0,4.0,3.0,,3,4,5,4,6,18,woman,Dutch,high_school_or_equivalent,6,4,3,4,mixed,moderate,3,2,2,5,7,truth_source_labeled_persona_449.json
449,TS60,1,ai,False,false,1.0,5.0,2.0,,3,4,5,4,6,18,woman,Dutch,high_school_or_equivalent,6,4,3,4,mixed,moderate,3,2,2,5,7,truth_source_labeled_persona_449.json
449,TS8,1,human,True,true,1.0,4.0,5.0,,3,4,5,4,6,18,woman,Dutch,high_school_or_equivalent,6,4,3,4,mixed,moderate,3,2,2,5,7,truth_source_labeled_persona_449.json
449,TS42,1,ai,True,true,1.0,4.0,3.0,,3,4,5,4,6,18,woman,Dutch,high_school_or_equivalent,6,4,3,4,mixed,moderate,3,2,2,5,7,truth_source_labeled_persona_449.json
449,TS35,1,human,False,false,1.0,5.0,4.0,,3,4,5,4,6,18,woman,Dutch,high_school_or_equivalent,6,4,3,4,mixed,moderate,3,2,2,5,7,truth_source_labeled_persona_449.json
450,TS20,1,human,False,false,1.0,6.0,4.0,,4,3,5,6,2,25,woman,US,graduate_student,4,3,7,5,mixed,moderate,5,1,7,4,4,truth_source_labeled_persona_450.json
450,TS35,1,human,False,true,0.0,5.0,6.0,,4,3,5,6,2,25,woman,US,graduate_student,4,3,7,5,mixed,moderate,5,1,7,4,4,truth_source_labeled_persona_450.json
450,TS60,1,ai,False,false,1.0,1.0,2.0,,4,3,5,6,2,25,woman,US,graduate_student,4,3,7,5,mixed,moderate,5,1,7,4,4,truth_source_labeled_persona_450.json
450,TS42,1,ai,True,true,1.0,5.0,6.0,,4,3,5,6,2,25,woman,US,graduate_student,4,3,7,5,mixed,moderate,5,1,7,4,4,truth_source_labeled_persona_450.json
450,TS8,1,human,True,true,1.0,6.0,5.0,,4,3,5,6,2,25,woman,US,graduate_student,4,3,7,5,mixed,moderate,5,1,7,4,4,truth_source_labeled_persona_450.json
451,TS35,1,human,False,unsure,,4.0,5.0,,4,3,6,5,4,22,woman,US,bachelors_degree,4,3,1,3,intuitive,moderate,6,7,2,5,4,truth_source_labeled_persona_451.json
451,TS42,1,ai,True,true,1.0,6.0,2.0,,4,3,6,5,4,22,woman,US,bachelors_degree,4,3,1,3,intuitive,moderate,6,7,2,5,4,truth_source_labeled_persona_451.json
451,TS60,1,ai,False,false,1.0,6.0,2.0,,4,3,6,5,4,22,woman,US,bachelors_degree,4,3,1,3,intuitive,moderate,6,7,2,5,4,truth_source_labeled_persona_451.json
451,TS8,1,human,True,true,1.0,5.0,6.0,,4,3,6,5,4,22,woman,US,bachelors_degree,4,3,1,3,intuitive,moderate,6,7,2,5,4,truth_source_labeled_persona_451.json
451,TS21,1,human,False,false,1.0,3.0,4.0,,4,3,6,5,4,22,woman,US,bachelors_degree,4,3,1,3,intuitive,moderate,6,7,2,5,4,truth_source_labeled_persona_451.json
452,TS35,1,human,False,true,0.0,4.0,5.0,,4,2,6,5,3,24,prefer_not_to_say,US,some_college,4,2,5,3,mixed,high,6,4,6,6,3,truth_source_labeled_persona_452.json
452,TS60,1,ai,False,false,1.0,6.0,2.0,,4,2,6,5,3,24,prefer_not_to_say,US,some_college,4,2,5,3,mixed,high,6,4,6,6,3,truth_source_labeled_persona_452.json
452,TS21,1,human,False,false,1.0,6.0,5.0,,4,2,6,5,3,24,prefer_not_to_say,US,some_college,4,2,5,3,mixed,high,6,4,6,6,3,truth_source_labeled_persona_452.json
452,TS13,1,human,True,true,1.0,4.0,5.0,,4,2,6,5,3,24,prefer_not_to_say,US,some_college,4,2,5,3,mixed,high,6,4,6,6,3,truth_source_labeled_persona_452.json
452,TS8,1,human,True,true,1.0,5.0,6.0,,4,2,6,5,3,24,prefer_not_to_say,US,some_college,4,2,5,3,mixed,high,6,4,6,6,3,truth_source_labeled_persona_452.json
453,TS8,1,human,True,unsure,,3.0,4.0,,5,2,6,3,4,21,nonbinary,US,graduate_student,5,2,7,1,mixed,high,3,2,5,5,7,truth_source_labeled_persona_453.json
453,TS42,1,ai,True,true,1.0,5.0,3.0,,5,2,6,3,4,21,nonbinary,US,graduate_student,5,2,7,1,mixed,high,3,2,5,5,7,truth_source_labeled_persona_453.json
453,TS36,1,human,False,false,1.0,4.0,5.0,,5,2,6,3,4,21,nonbinary,US,graduate_student,5,2,7,1,mixed,high,3,2,5,5,7,truth_source_labeled_persona_453.json
453,TS35,1,human,False,true,0.0,5.0,6.0,,5,2,6,3,4,21,nonbinary,US,graduate_student,5,2,7,1,mixed,high,3,2,5,5,7,truth_source_labeled_persona_453.json
453,TS3,1,human,True,true,1.0,4.0,5.0,,5,2,6,3,4,21,nonbinary,US,graduate_student,5,2,7,1,mixed,high,3,2,5,5,7,truth_source_labeled_persona_453.json
454,TS8,1,human,True,true,1.0,4.0,5.0,,6,3,5,4,2,18,nonbinary,Dutch,graduate_student,6,3,3,7,mixed,high,4,3,5,4,4,truth_source_labeled_persona_454.json
454,TS42,1,ai,True,true,1.0,6.0,2.0,,6,3,5,4,2,18,nonbinary,Dutch,graduate_student,6,3,3,7,mixed,high,4,3,5,4,4,truth_source_labeled_persona_454.json
454,TS21,1,human,False,false,1.0,4.0,5.0,,6,3,5,4,2,18,nonbinary,Dutch,graduate_student,6,3,3,7,mixed,high,4,3,5,4,4,truth_source_labeled_persona_454.json
454,TS75,1,ai,False,false,1.0,7.0,2.0,,6,3,5,4,2,18,nonbinary,Dutch,graduate_student,6,3,3,7,mixed,high,4,3,5,4,4,truth_source_labeled_persona_454.json
454,TS6,1,human,True,true,1.0,6.0,5.0,,6,3,5,4,2,18,nonbinary,Dutch,graduate_student,6,3,3,7,mixed,high,4,3,5,4,4,truth_source_labeled_persona_454.json
455,TS21,1,human,False,false,1.0,6.0,5.0,,2,4,3,5,6,25,woman,Dutch,bachelors_degree,2,4,4,4,intuitive,low,7,2,3,2,1,truth_source_labeled_persona_455.json
455,TS75,1,ai,False,false,1.0,6.0,2.0,,2,4,3,5,6,25,woman,Dutch,bachelors_degree,2,4,4,4,intuitive,low,7,2,3,2,1,truth_source_labeled_persona_455.json
455,TS28,1,human,False,false,1.0,7.0,6.0,,2,4,3,5,6,25,woman,Dutch,bachelors_degree,2,4,4,4,intuitive,low,7,2,3,2,1,truth_source_labeled_persona_455.json
455,TS42,1,ai,True,true,1.0,6.0,4.0,,2,4,3,5,6,25,woman,Dutch,bachelors_degree,2,4,4,4,intuitive,low,7,2,3,2,1,truth_source_labeled_persona_455.json
455,TS6,1,human,True,false,0.0,3.0,5.0,,2,4,3,5,6,25,woman,Dutch,bachelors_degree,2,4,4,4,intuitive,low,7,2,3,2,1,truth_source_labeled_persona_455.json
456,TS35,1,human,False,false,1.0,5.0,4.0,,4,3,5,5,4,23,man,British,graduate_student,6,3,3,3,analytical,low,4,3,5,7,4,truth_source_labeled_persona_456.json
456,TS21,1,human,False,true,0.0,4.0,5.0,,4,3,5,5,4,23,man,British,graduate_student,6,3,3,3,analytical,low,4,3,5,7,4,truth_source_labeled_persona_456.json
456,TS75,1,ai,False,false,1.0,7.0,2.0,,4,3,5,5,4,23,man,British,graduate_student,6,3,3,3,analytical,low,4,3,5,7,4,truth_source_labeled_persona_456.json
456,TS42,1,ai,True,true,1.0,6.0,4.0,,4,3,5,5,4,23,man,British,graduate_student,6,3,3,3,analytical,low,4,3,5,7,4,truth_source_labeled_persona_456.json
456,TS8,1,human,True,true,1.0,5.0,6.0,,4,3,5,5,4,23,man,British,graduate_student,6,3,3,3,analytical,low,4,3,5,7,4,truth_source_labeled_persona_456.json
457,TS20,1,human,False,false,1.0,5.0,2.0,,3,2,4,5,3,25,man,Canadian,high_school_or_equivalent,3,1,3,5,analytical,low,6,4,4,6,5,truth_source_labeled_persona_457.json
457,TS8,1,human,True,true,1.0,6.0,5.0,,3,2,4,5,3,25,man,Canadian,high_school_or_equivalent,3,1,3,5,analytical,low,6,4,4,6,5,truth_source_labeled_persona_457.json
457,TS42,1,ai,True,true,1.0,4.0,3.0,,3,2,4,5,3,25,man,Canadian,high_school_or_equivalent,3,1,3,5,analytical,low,6,4,4,6,5,truth_source_labeled_persona_457.json
457,TS35,1,human,False,unsure,,3.0,4.0,,3,2,4,5,3,25,man,Canadian,high_school_or_equivalent,3,1,3,5,analytical,low,6,4,4,6,5,truth_source_labeled_persona_457.json
457,TS75,1,ai,False,false,1.0,6.0,1.0,,3,2,4,5,3,25,man,Canadian,high_school_or_equivalent,3,1,3,5,analytical,low,6,4,4,6,5,truth_source_labeled_persona_457.json
458,TS75,1,ai,False,false,1.0,6.0,2.0,,5,3,4,4,5,25,prefer_not_to_say,Australian,high_school_or_equivalent,7,3,3,4,mixed,low,4,7,3,7,4,truth_source_labeled_persona_458.json
458,TS8,1,human,True,true,1.0,6.0,5.0,,5,3,4,4,5,25,prefer_not_to_say,Australian,high_school_or_equivalent,7,3,3,4,mixed,low,4,7,3,7,4,truth_source_labeled_persona_458.json
458,TS42,1,ai,True,true,1.0,6.0,2.0,,5,3,4,4,5,25,prefer_not_to_say,Australian,high_school_or_equivalent,7,3,3,4,mixed,low,4,7,3,7,4,truth_source_labeled_persona_458.json
458,TS20,1,human,False,false,1.0,6.0,5.0,,5,3,4,4,5,25,prefer_not_to_say,Australian,high_school_or_equivalent,7,3,3,4,mixed,low,4,7,3,7,4,truth_source_labeled_persona_458.json
458,TS35,1,human,False,false,1.0,4.0,3.0,,5,3,4,4,5,25,prefer_not_to_say,Australian,high_school_or_equivalent,7,3,3,4,mixed,low,4,7,3,7,4,truth_source_labeled_persona_458.json
459,TS36,1,human,False,false,1.0,5.0,4.0,,3,5,2,4,6,20,man,US,bachelors_degree,3,5,3,4,mixed,low,1,1,5,4,4,truth_source_labeled_persona_459.json
459,TS8,1,human,True,true,1.0,6.0,5.0,,3,5,2,4,6,20,man,US,bachelors_degree,3,5,3,4,mixed,low,1,1,5,4,4,truth_source_labeled_persona_459.json
459,TS6,1,human,True,true,1.0,6.0,5.0,,3,5,2,4,6,20,man,US,bachelors_degree,3,5,3,4,mixed,low,1,1,5,4,4,truth_source_labeled_persona_459.json
459,TS20,1,human,False,false,1.0,4.0,3.0,,3,5,2,4,6,20,man,US,bachelors_degree,3,5,3,4,mixed,low,1,1,5,4,4,truth_source_labeled_persona_459.json
459,TS13,1,human,True,true,1.0,5.0,6.0,,3,5,2,4,6,20,man,US,bachelors_degree,3,5,3,4,mixed,low,1,1,5,4,4,truth_source_labeled_persona_459.json
460,TS11,1,human,True,true,1.0,4.0,5.0,,5,4,6,5,4,23,nonbinary,Australian,bachelors_degree,5,4,2,4,mixed,moderate,3,4,2,4,1,truth_source_labeled_persona_460.json
460,TS20,1,human,False,false,1.0,3.0,4.0,,5,4,6,5,4,23,nonbinary,Australian,bachelors_degree,5,4,2,4,mixed,moderate,3,4,2,4,1,truth_source_labeled_persona_460.json
460,TS36,1,human,False,false,1.0,5.0,4.0,,5,4,6,5,4,23,nonbinary,Australian,bachelors_degree,5,4,2,4,mixed,moderate,3,4,2,4,1,truth_source_labeled_persona_460.json
460,TS42,1,ai,True,true,1.0,4.0,3.0,,5,4,6,5,4,23,nonbinary,Australian,bachelors_degree,5,4,2,4,mixed,moderate,3,4,2,4,1,truth_source_labeled_persona_460.json
460,TS8,1,human,True,true,1.0,4.0,5.0,,5,4,6,5,4,23,nonbinary,Australian,bachelors_degree,5,4,2,4,mixed,moderate,3,4,2,4,1,truth_source_labeled_persona_460.json
461,TS8,1,human,True,true,1.0,5.0,6.0,,2,6,5,3,4,22,man,Canadian,vocational_training,2,6,2,3,intuitive,high,6,2,5,5,2,truth_source_labeled_persona_461.json
461,TS20,1,human,False,false,1.0,5.0,6.0,,2,6,5,3,4,22,man,Canadian,vocational_training,2,6,2,3,intuitive,high,6,2,5,5,2,truth_source_labeled_persona_461.json
461,TS13,1,human,True,true,1.0,6.0,5.0,,2,6,5,3,4,22,man,Canadian,vocational_training,2,6,2,3,intuitive,high,6,2,5,5,2,truth_source_labeled_persona_461.json
461,TS36,1,human,False,false,1.0,6.0,4.0,,2,6,5,3,4,22,man,Canadian,vocational_training,2,6,2,3,intuitive,high,6,2,5,5,2,truth_source_labeled_persona_461.json
461,TS6,1,human,True,true,1.0,3.0,5.0,,2,6,5,3,4,22,man,Canadian,vocational_training,2,6,2,3,intuitive,high,6,2,5,5,2,truth_source_labeled_persona_461.json
462,TS75,1,ai,False,false,1.0,6.0,2.0,,2,3,6,5,4,19,woman,Canadian,vocational_training,2,3,5,5,mixed,moderate,2,4,4,4,4,truth_source_labeled_persona_462.json
462,TS13,1,human,True,true,1.0,6.0,5.0,,2,3,6,5,4,19,woman,Canadian,vocational_training,2,3,5,5,mixed,moderate,2,4,4,4,4,truth_source_labeled_persona_462.json
462,TS8,1,human,True,true,1.0,6.0,5.0,,2,3,6,5,4,19,woman,Canadian,vocational_training,2,3,5,5,mixed,moderate,2,4,4,4,4,truth_source_labeled_persona_462.json
462,TS11,1,human,True,true,1.0,4.0,4.0,,2,3,6,5,4,19,woman,Canadian,vocational_training,2,3,5,5,mixed,moderate,2,4,4,4,4,truth_source_labeled_persona_462.json
462,TS20,1,human,False,false,1.0,4.0,5.0,,2,3,6,5,4,19,woman,Canadian,vocational_training,2,3,5,5,mixed,moderate,2,4,4,4,4,truth_source_labeled_persona_462.json
463,TS3,1,human,True,false,0.0,4.0,5.0,,5,3,6,4,5,19,woman,US,graduate_student,5,3,4,6,mixed,moderate,4,1,7,5,4,truth_source_labeled_persona_463.json
463,TS13,1,human,True,true,1.0,6.0,5.0,,5,3,6,4,5,19,woman,US,graduate_student,5,3,4,6,mixed,moderate,4,1,7,5,4,truth_source_labeled_persona_463.json
463,TS29,1,human,False,false,1.0,1.0,2.0,,5,3,6,4,5,19,woman,US,graduate_student,5,3,4,6,mixed,moderate,4,1,7,5,4,truth_source_labeled_persona_463.json
463,TS6,1,human,True,true,1.0,6.0,5.0,,5,3,6,4,5,19,woman,US,graduate_student,5,3,4,6,mixed,moderate,4,1,7,5,4,truth_source_labeled_persona_463.json
463,TS8,1,human,True,true,1.0,5.0,6.0,,5,3,6,4,5,19,woman,US,graduate_student,5,3,4,6,mixed,moderate,4,1,7,5,4,truth_source_labeled_persona_463.json
464,TS11,1,human,True,true,1.0,4.0,6.0,,3,5,4,5,3,21,nonbinary,German,undergraduate,1,7,4,2,intuitive,moderate,7,6,3,7,3,truth_source_labeled_persona_464.json
464,TS75,1,ai,False,false,1.0,6.0,2.0,,3,5,4,5,3,21,nonbinary,German,undergraduate,1,7,4,2,intuitive,moderate,7,6,3,7,3,truth_source_labeled_persona_464.json
464,TS8,1,human,True,true,1.0,6.0,5.0,,3,5,4,5,3,21,nonbinary,German,undergraduate,1,7,4,2,intuitive,moderate,7,6,3,7,3,truth_source_labeled_persona_464.json
464,TS13,1,human,True,true,1.0,5.0,6.0,,3,5,4,5,3,21,nonbinary,German,undergraduate,1,7,4,2,intuitive,moderate,7,6,3,7,3,truth_source_labeled_persona_464.json
464,TS20,1,human,False,false,1.0,6.0,5.0,,3,5,4,5,3,21,nonbinary,German,undergraduate,1,7,4,2,intuitive,moderate,7,6,3,7,3,truth_source_labeled_persona_464.json
465,TS28,1,human,False,false,1.0,6.0,4.0,,6,3,5,4,2,18,nonbinary,US,some_college,6,3,3,4,mixed,moderate,3,3,2,1,3,truth_source_labeled_persona_465.json
465,TS13,1,human,True,true,1.0,6.0,5.0,,6,3,5,4,2,18,nonbinary,US,some_college,6,3,3,4,mixed,moderate,3,3,2,1,3,truth_source_labeled_persona_465.json
465,TS20,1,human,False,false,1.0,6.0,5.0,,6,3,5,4,2,18,nonbinary,US,some_college,6,3,3,4,mixed,moderate,3,3,2,1,3,truth_source_labeled_persona_465.json
465,TS75,1,ai,False,false,1.0,6.0,2.0,,6,3,5,4,2,18,nonbinary,US,some_college,6,3,3,4,mixed,moderate,3,3,2,1,3,truth_source_labeled_persona_465.json
465,TS6,1,human,True,false,0.0,5.0,6.0,,6,3,5,4,2,18,nonbinary,US,some_college,6,3,3,4,mixed,moderate,3,3,2,1,3,truth_source_labeled_persona_465.json
466,TS40,1,ai,True,true,1.0,4.0,3.0,,3,2,6,4,3,18,nonbinary,British,high_school_or_equivalent,3,1,7,1,analytical,high,4,4,4,2,5,truth_source_labeled_persona_466.json
466,TS28,1,human,False,false,1.0,5.0,6.0,,3,2,6,4,3,18,nonbinary,British,high_school_or_equivalent,3,1,7,1,analytical,high,4,4,4,2,5,truth_source_labeled_persona_466.json
466,TS6,1,human,True,true,1.0,4.0,5.0,,3,2,6,4,3,18,nonbinary,British,high_school_or_equivalent,3,1,7,1,analytical,high,4,4,4,2,5,truth_source_labeled_persona_466.json
466,TS20,1,human,False,true,0.0,3.0,4.0,,3,2,6,4,3,18,nonbinary,British,high_school_or_equivalent,3,1,7,1,analytical,high,4,4,4,2,5,truth_source_labeled_persona_466.json
466,TS75,1,ai,False,false,1.0,2.0,2.0,,3,2,6,4,3,18,nonbinary,British,high_school_or_equivalent,3,1,7,1,analytical,high,4,4,4,2,5,truth_source_labeled_persona_466.json
467,TS40,1,ai,True,true,1.0,4.0,3.0,,2,4,6,5,3,24,nonbinary,US,undergraduate,2,4,6,6,analytical,low,4,2,1,5,1,truth_source_labeled_persona_467.json
467,TS3,1,human,True,true,1.0,6.0,5.0,,2,4,6,5,3,24,nonbinary,US,undergraduate,2,4,6,6,analytical,low,4,2,1,5,1,truth_source_labeled_persona_467.json
467,TS29,1,human,False,false,1.0,7.0,2.0,,2,4,6,5,3,24,nonbinary,US,undergraduate,2,4,6,6,analytical,low,4,2,1,5,1,truth_source_labeled_persona_467.json
467,TS8,1,human,True,true,1.0,5.0,6.0,,2,4,6,5,3,24,nonbinary,US,undergraduate,2,4,6,6,analytical,low,4,2,1,5,1,truth_source_labeled_persona_467.json
467,TS6,1,human,True,true,1.0,3.0,4.0,,2,4,6,5,3,24,nonbinary,US,undergraduate,2,4,6,6,analytical,low,4,2,1,5,1,truth_source_labeled_persona_467.json
468,TS13,1,human,True,true,1.0,5.0,6.0,,4,3,5,2,4,21,man,US,vocational_training,4,3,3,7,analytical,moderate,6,4,4,7,7,truth_source_labeled_persona_468.json
468,TS6,1,human,True,true,1.0,4.0,5.0,,4,3,5,2,4,21,man,US,vocational_training,4,3,3,7,analytical,moderate,6,4,4,7,7,truth_source_labeled_persona_468.json
468,TS3,1,human,True,true,1.0,6.0,5.0,,4,3,5,2,4,21,man,US,vocational_training,4,3,3,7,analytical,moderate,6,4,4,7,7,truth_source_labeled_persona_468.json
468,TS75,1,ai,False,false,1.0,6.0,2.0,,4,3,5,2,4,21,man,US,vocational_training,4,3,3,7,analytical,moderate,6,4,4,7,7,truth_source_labeled_persona_468.json
468,TS8,1,human,True,true,1.0,5.0,6.0,,4,3,5,2,4,21,man,US,vocational_training,4,3,3,7,analytical,moderate,6,4,4,7,7,truth_source_labeled_persona_468.json
469,TS13,1,human,True,true,1.0,4.0,5.0,,6,5,4,3,2,24,man,Australian,high_school_or_equivalent,6,5,7,1,analytical,moderate,6,3,3,7,5,truth_source_labeled_persona_469.json
469,TS20,1,human,False,false,1.0,4.0,6.0,,6,5,4,3,2,24,man,Australian,high_school_or_equivalent,6,5,7,1,analytical,moderate,6,3,3,7,5,truth_source_labeled_persona_469.json
469,TS6,1,human,True,true,1.0,3.0,4.0,,6,5,4,3,2,24,man,Australian,high_school_or_equivalent,6,5,7,1,analytical,moderate,6,3,3,7,5,truth_source_labeled_persona_469.json
469,TS75,1,ai,False,false,1.0,1.0,2.0,,6,5,4,3,2,24,man,Australian,high_school_or_equivalent,6,5,7,1,analytical,moderate,6,3,3,7,5,truth_source_labeled_persona_469.json
469,TS8,1,human,True,true,1.0,4.0,5.0,,6,5,4,3,2,24,man,Australian,high_school_or_equivalent,6,5,7,1,analytical,moderate,6,3,3,7,5,truth_source_labeled_persona_469.json
470,TS8,1,human,True,true,1.0,4.0,6.0,,3,3,6,4,2,22,woman,US,some_college,3,3,4,1,intuitive,moderate,3,5,4,3,4,truth_source_labeled_persona_470.json
470,TS11,1,human,True,true,1.0,4.0,5.0,,3,3,6,4,2,22,woman,US,some_college,3,3,4,1,intuitive,moderate,3,5,4,3,4,truth_source_labeled_persona_470.json
470,TS13,1,human,True,true,1.0,4.0,6.0,,3,3,6,4,2,22,woman,US,some_college,3,3,4,1,intuitive,moderate,3,5,4,3,4,truth_source_labeled_persona_470.json
470,TS20,1,human,False,true,0.0,4.0,6.0,,3,3,6,4,2,22,woman,US,some_college,3,3,4,1,intuitive,moderate,3,5,4,3,4,truth_source_labeled_persona_470.json
470,TS75,1,ai,False,false,1.0,5.0,2.0,,3,3,6,4,2,22,woman,US,some_college,3,3,4,1,intuitive,moderate,3,5,4,3,4,truth_source_labeled_persona_470.json
471,TS6,1,human,True,true,1.0,4.0,3.0,,5,4,6,3,2,25,woman,US,vocational_training,5,4,1,2,mixed,high,4,4,5,2,1,truth_source_labeled_persona_471.json
471,TS75,1,ai,False,false,1.0,6.0,2.0,,5,4,6,3,2,25,woman,US,vocational_training,5,4,1,2,mixed,high,4,4,5,2,1,truth_source_labeled_persona_471.json
471,TS28,1,human,False,false,1.0,6.0,5.0,,5,4,6,3,2,25,woman,US,vocational_training,5,4,1,2,mixed,high,4,4,5,2,1,truth_source_labeled_persona_471.json
471,TS20,1,human,False,false,1.0,4.0,5.0,,5,4,6,3,2,25,woman,US,vocational_training,5,4,1,2,mixed,high,4,4,5,2,1,truth_source_labeled_persona_471.json
471,TS13,1,human,True,true,1.0,5.0,4.0,,5,4,6,3,2,25,woman,US,vocational_training,5,4,1,2,mixed,high,4,4,5,2,1,truth_source_labeled_persona_471.json
472,TS13,1,human,True,true,1.0,4.0,5.0,,2,1,4,5,3,22,nonbinary,US,bachelors_degree,2,1,3,3,mixed,low,5,1,7,4,4,truth_source_labeled_persona_472.json
472,TS75,1,ai,False,false,1.0,6.0,2.0,,2,1,4,5,3,22,nonbinary,US,bachelors_degree,2,1,3,3,mixed,low,5,1,7,4,4,truth_source_labeled_persona_472.json
472,TS20,1,human,False,false,1.0,4.0,5.0,,2,1,4,5,3,22,nonbinary,US,bachelors_degree,2,1,3,3,mixed,low,5,1,7,4,4,truth_source_labeled_persona_472.json
472,TS6,1,human,True,true,1.0,5.0,6.0,,2,1,4,5,3,22,nonbinary,US,bachelors_degree,2,1,3,3,mixed,low,5,1,7,4,4,truth_source_labeled_persona_472.json
472,TS28,1,human,False,false,1.0,6.0,5.0,,2,1,4,5,3,22,nonbinary,US,bachelors_degree,2,1,3,3,mixed,low,5,1,7,4,4,truth_source_labeled_persona_472.json
473,TS8,1,human,True,true,1.0,4.0,6.0,,2,4,5,3,6,25,prefer_not_to_say,British,graduate_student,2,4,4,5,intuitive,moderate,5,6,2,1,1,truth_source_labeled_persona_473.json
473,TS40,1,ai,True,true,1.0,5.0,3.0,,2,4,5,3,6,25,prefer_not_to_say,British,graduate_student,2,4,4,5,intuitive,moderate,5,6,2,1,1,truth_source_labeled_persona_473.json
473,TS58,1,ai,True,true,1.0,6.0,5.0,,2,4,5,3,6,25,prefer_not_to_say,British,graduate_student,2,4,4,5,intuitive,moderate,5,6,2,1,1,truth_source_labeled_persona_473.json
473,TS75,1,ai,False,false,1.0,6.0,2.0,,2,4,5,3,6,25,prefer_not_to_say,British,graduate_student,2,4,4,5,intuitive,moderate,5,6,2,1,1,truth_source_labeled_persona_473.json
473,TS3,1,human,True,true,1.0,6.0,6.0,,2,4,5,3,6,25,prefer_not_to_say,British,graduate_student,2,4,4,5,intuitive,moderate,5,6,2,1,1,truth_source_labeled_persona_473.json
474,TS11,1,human,True,true,1.0,5.0,6.0,,6,4,5,4,3,19,prefer_not_to_say,Dutch,vocational_training,6,4,3,3,analytical,moderate,3,7,5,7,5,truth_source_labeled_persona_474.json
474,TS13,1,human,True,true,1.0,5.0,6.0,,6,4,5,4,3,19,prefer_not_to_say,Dutch,vocational_training,6,4,3,3,analytical,moderate,3,7,5,7,5,truth_source_labeled_persona_474.json
474,TS75,1,ai,False,false,1.0,2.0,1.0,,6,4,5,4,3,19,prefer_not_to_say,Dutch,vocational_training,6,4,3,3,analytical,moderate,3,7,5,7,5,truth_source_labeled_persona_474.json
474,TS8,1,human,True,true,1.0,5.0,6.0,,6,4,5,4,3,19,prefer_not_to_say,Dutch,vocational_training,6,4,3,3,analytical,moderate,3,7,5,7,5,truth_source_labeled_persona_474.json
474,TS20,1,human,False,false,1.0,3.0,5.0,,6,4,5,4,3,19,prefer_not_to_say,Dutch,vocational_training,6,4,3,3,analytical,moderate,3,7,5,7,5,truth_source_labeled_persona_474.json
475,TS6,1,human,True,true,1.0,5.0,4.0,,4,4,5,6,3,18,nonbinary,US,bachelors_degree,4,4,1,3,analytical,moderate,7,6,4,7,1,truth_source_labeled_persona_475.json
475,TS8,1,human,True,true,1.0,6.0,5.0,,4,4,5,6,3,18,nonbinary,US,bachelors_degree,4,4,1,3,analytical,moderate,7,6,4,7,1,truth_source_labeled_persona_475.json
475,TS36,1,human,False,false,1.0,4.0,3.0,,4,4,5,6,3,18,nonbinary,US,bachelors_degree,4,4,1,3,analytical,moderate,7,6,4,7,1,truth_source_labeled_persona_475.json
475,TS13,1,human,True,false,0.0,4.0,3.0,,4,4,5,6,3,18,nonbinary,US,bachelors_degree,4,4,1,3,analytical,moderate,7,6,4,7,1,truth_source_labeled_persona_475.json
475,TS20,1,human,False,false,1.0,4.0,3.0,,4,4,5,6,3,18,nonbinary,US,bachelors_degree,4,4,1,3,analytical,moderate,7,6,4,7,1,truth_source_labeled_persona_475.json
476,TS13,1,human,True,true,1.0,5.0,6.0,,5,4,6,3,5,23,prefer_not_to_say,German,bachelors_degree,5,4,2,3,analytical,high,3,4,4,7,4,truth_source_labeled_persona_476.json
476,TS6,1,human,True,true,1.0,6.0,5.0,,5,4,6,3,5,23,prefer_not_to_say,German,bachelors_degree,5,4,2,3,analytical,high,3,4,4,7,4,truth_source_labeled_persona_476.json
476,TS3,1,human,True,true,1.0,6.0,6.0,,5,4,6,3,5,23,prefer_not_to_say,German,bachelors_degree,5,4,2,3,analytical,high,3,4,4,7,4,truth_source_labeled_persona_476.json
476,TS75,1,ai,False,false,1.0,1.0,2.0,,5,4,6,3,5,23,prefer_not_to_say,German,bachelors_degree,5,4,2,3,analytical,high,3,4,4,7,4,truth_source_labeled_persona_476.json
476,TS8,1,human,True,true,1.0,4.0,5.0,,5,4,6,3,5,23,prefer_not_to_say,German,bachelors_degree,5,4,2,3,analytical,high,3,4,4,7,4,truth_source_labeled_persona_476.json
477,TS3,1,human,True,true,1.0,5.0,6.0,,4,6,5,3,5,25,prefer_not_to_say,US,undergraduate,4,6,3,7,mixed,moderate,1,4,3,3,4,truth_source_labeled_persona_477.json
477,TS13,1,human,True,false,0.0,5.0,6.0,,4,6,5,3,5,25,prefer_not_to_say,US,undergraduate,4,6,3,7,mixed,moderate,1,4,3,3,4,truth_source_labeled_persona_477.json
477,TS28,1,human,False,false,1.0,7.0,4.0,,4,6,5,3,5,25,prefer_not_to_say,US,undergraduate,4,6,3,7,mixed,moderate,1,4,3,3,4,truth_source_labeled_persona_477.json
477,TS75,1,ai,False,false,1.0,7.0,2.0,,4,6,5,3,5,25,prefer_not_to_say,US,undergraduate,4,6,3,7,mixed,moderate,1,4,3,3,4,truth_source_labeled_persona_477.json
477,TS11,1,human,True,true,1.0,5.0,6.0,,4,6,5,3,5,25,prefer_not_to_say,US,undergraduate,4,6,3,7,mixed,moderate,1,4,3,3,4,truth_source_labeled_persona_477.json
478,TS75,1,ai,False,false,1.0,6.0,2.0,,4,1,5,2,3,23,man,US,bachelors_degree,4,1,5,5,mixed,high,2,6,2,6,6,truth_source_labeled_persona_478.json
478,TS28,1,human,False,false,1.0,6.0,6.0,,4,1,5,2,3,23,man,US,bachelors_degree,4,1,5,5,mixed,high,2,6,2,6,6,truth_source_labeled_persona_478.json
478,TS13,1,human,True,true,1.0,5.0,6.0,,4,1,5,2,3,23,man,US,bachelors_degree,4,1,5,5,mixed,high,2,6,2,6,6,truth_source_labeled_persona_478.json
478,TS20,1,human,False,false,1.0,3.0,5.0,,4,1,5,2,3,23,man,US,bachelors_degree,4,1,5,5,mixed,high,2,6,2,6,6,truth_source_labeled_persona_478.json
478,TS6,1,human,True,true,1.0,6.0,6.0,,4,1,5,2,3,23,man,US,bachelors_degree,4,1,5,5,mixed,high,2,6,2,6,6,truth_source_labeled_persona_478.json
479,TS20,1,human,False,false,1.0,6.0,2.0,,3,4,5,5,6,24,prefer_not_to_say,British,bachelors_degree,5,4,3,6,analytical,high,7,6,4,3,1,truth_source_labeled_persona_479.json
479,TS6,1,human,True,true,1.0,6.0,4.0,,3,4,5,5,6,24,prefer_not_to_say,British,bachelors_degree,5,4,3,6,analytical,high,7,6,4,3,1,truth_source_labeled_persona_479.json
479,TS13,1,human,True,false,0.0,4.0,5.0,,3,4,5,5,6,24,prefer_not_to_say,British,bachelors_degree,5,4,3,6,analytical,high,7,6,4,3,1,truth_source_labeled_persona_479.json
479,TS28,1,human,False,false,1.0,6.0,5.0,,3,4,5,5,6,24,prefer_not_to_say,British,bachelors_degree,5,4,3,6,analytical,high,7,6,4,3,1,truth_source_labeled_persona_479.json
479,TS75,1,ai,False,false,1.0,7.0,1.0,,3,4,5,5,6,24,prefer_not_to_say,British,bachelors_degree,5,4,3,6,analytical,high,7,6,4,3,1,truth_source_labeled_persona_479.json
480,TS6,1,human,True,true,1.0,4.0,5.0,,6,2,4,5,3,19,prefer_not_to_say,Australian,some_college,6,2,5,6,analytical,moderate,4,6,6,2,4,truth_source_labeled_persona_480.json
480,TS20,1,human,False,false,1.0,6.0,5.0,,6,2,4,5,3,19,prefer_not_to_say,Australian,some_college,6,2,5,6,analytical,moderate,4,6,6,2,4,truth_source_labeled_persona_480.json
480,TS28,1,human,False,false,1.0,6.0,5.0,,6,2,4,5,3,19,prefer_not_to_say,Australian,some_college,6,2,5,6,analytical,moderate,4,6,6,2,4,truth_source_labeled_persona_480.json
480,TS75,1,ai,False,false,1.0,1.0,2.0,,6,2,4,5,3,19,prefer_not_to_say,Australian,some_college,6,2,5,6,analytical,moderate,4,6,6,2,4,truth_source_labeled_persona_480.json
480,TS13,1,human,True,true,1.0,4.0,6.0,,6,2,4,5,3,19,prefer_not_to_say,Australian,some_college,6,2,5,6,analytical,moderate,4,6,6,2,4,truth_source_labeled_persona_480.json
481,TS20,1,human,False,false,1.0,6.0,3.0,,4,5,3,6,4,24,woman,British,high_school_or_equivalent,1,5,3,4,mixed,moderate,5,5,1,2,3,truth_source_labeled_persona_481.json
481,TS36,1,human,False,false,1.0,6.0,3.0,,4,5,3,6,4,24,woman,British,high_school_or_equivalent,1,5,3,4,mixed,moderate,5,5,1,2,3,truth_source_labeled_persona_481.json
481,TS28,1,human,False,false,1.0,6.0,5.0,,4,5,3,6,4,24,woman,British,high_school_or_equivalent,1,5,3,4,mixed,moderate,5,5,1,2,3,truth_source_labeled_persona_481.json
481,TS6,1,human,True,true,1.0,5.0,4.0,,4,5,3,6,4,24,woman,British,high_school_or_equivalent,1,5,3,4,mixed,moderate,5,5,1,2,3,truth_source_labeled_persona_481.json
481,TS40,1,ai,True,true,1.0,6.0,5.0,,4,5,3,6,4,24,woman,British,high_school_or_equivalent,1,5,3,4,mixed,moderate,5,5,1,2,3,truth_source_labeled_persona_481.json
482,TS75,1,ai,False,false,1.0,6.0,2.0,,3,6,5,4,5,22,man,US,high_school_or_equivalent,3,6,1,4,analytical,moderate,4,4,2,3,6,truth_source_labeled_persona_482.json
482,TS13,1,human,True,true,1.0,6.0,6.0,,3,6,5,4,5,22,man,US,high_school_or_equivalent,3,6,1,4,analytical,moderate,4,4,2,3,6,truth_source_labeled_persona_482.json
482,TS3,1,human,True,true,1.0,6.0,6.0,,3,6,5,4,5,22,man,US,high_school_or_equivalent,3,6,1,4,analytical,moderate,4,4,2,3,6,truth_source_labeled_persona_482.json
482,TS28,1,human,False,false,1.0,6.0,6.0,,3,6,5,4,5,22,man,US,high_school_or_equivalent,3,6,1,4,analytical,moderate,4,4,2,3,6,truth_source_labeled_persona_482.json
482,TS6,1,human,True,true,1.0,5.0,5.0,,3,6,5,4,5,22,man,US,high_school_or_equivalent,3,6,1,4,analytical,moderate,4,4,2,3,6,truth_source_labeled_persona_482.json
483,TS13,1,human,True,true,1.0,5.0,4.0,,5,4,3,2,6,25,nonbinary,British,vocational_training,5,4,3,5,mixed,moderate,7,4,2,2,7,truth_source_labeled_persona_483.json
483,TS29,1,human,False,false,1.0,7.0,1.0,,5,4,3,2,6,25,nonbinary,British,vocational_training,5,4,3,5,mixed,moderate,7,4,2,2,7,truth_source_labeled_persona_483.json
483,TS11,1,human,True,true,1.0,5.0,6.0,,5,4,3,2,6,25,nonbinary,British,vocational_training,5,4,3,5,mixed,moderate,7,4,2,2,7,truth_source_labeled_persona_483.json
483,TS20,1,human,False,false,1.0,6.0,5.0,,5,4,3,2,6,25,nonbinary,British,vocational_training,5,4,3,5,mixed,moderate,7,4,2,2,7,truth_source_labeled_persona_483.json
483,TS28,1,human,False,false,1.0,7.0,4.0,,5,4,3,2,6,25,nonbinary,British,vocational_training,5,4,3,5,mixed,moderate,7,4,2,2,7,truth_source_labeled_persona_483.json
484,TS36,1,human,False,false,1.0,6.0,2.0,,3,4,2,5,3,19,prefer_not_to_say,US,some_college,3,4,6,2,analytical,low,3,7,1,7,4,truth_source_labeled_persona_484.json
484,TS20,1,human,False,false,1.0,5.0,3.0,,3,4,2,5,3,19,prefer_not_to_say,US,some_college,3,4,6,2,analytical,low,3,7,1,7,4,truth_source_labeled_persona_484.json
484,TS28,1,human,False,false,1.0,6.0,2.0,,3,4,2,5,3,19,prefer_not_to_say,US,some_college,3,4,6,2,analytical,low,3,7,1,7,4,truth_source_labeled_persona_484.json
484,TS6,1,human,True,true,1.0,5.0,4.0,,3,4,2,5,3,19,prefer_not_to_say,US,some_college,3,4,6,2,analytical,low,3,7,1,7,4,truth_source_labeled_persona_484.json
484,TS40,1,ai,True,true,1.0,4.0,3.0,,3,4,2,5,3,19,prefer_not_to_say,US,some_college,3,4,6,2,analytical,low,3,7,1,7,4,truth_source_labeled_persona_484.json
485,TS40,1,ai,True,true,1.0,4.0,3.0,,4,6,5,3,2,23,nonbinary,Canadian,some_college,6,4,4,5,mixed,moderate,1,5,5,5,7,truth_source_labeled_persona_485.json
485,TS11,1,human,True,true,1.0,5.0,6.0,,4,6,5,3,2,23,nonbinary,Canadian,some_college,6,4,4,5,mixed,moderate,1,5,5,5,7,truth_source_labeled_persona_485.json
485,TS36,1,human,False,false,1.0,2.0,5.0,,4,6,5,3,2,23,nonbinary,Canadian,some_college,6,4,4,5,mixed,moderate,1,5,5,5,7,truth_source_labeled_persona_485.json
485,TS20,1,human,False,unsure,,3.0,6.0,,4,6,5,3,2,23,nonbinary,Canadian,some_college,6,4,4,5,mixed,moderate,1,5,5,5,7,truth_source_labeled_persona_485.json
485,TS28,1,human,False,false,1.0,6.0,4.0,,4,6,5,3,2,23,nonbinary,Canadian,some_college,6,4,4,5,mixed,moderate,1,5,5,5,7,truth_source_labeled_persona_485.json
486,TS67,1,ai,False,false,1.0,6.0,2.0,,4,2,5,3,4,21,nonbinary,British,vocational_training,7,1,3,4,mixed,moderate,6,5,4,5,3,truth_source_labeled_persona_486.json
486,TS20,1,human,False,false,1.0,5.0,4.0,,4,2,5,3,4,21,nonbinary,British,vocational_training,7,1,3,4,mixed,moderate,6,5,4,5,3,truth_source_labeled_persona_486.json
486,TS28,1,human,False,false,1.0,6.0,5.0,,4,2,5,3,4,21,nonbinary,British,vocational_training,7,1,3,4,mixed,moderate,6,5,4,5,3,truth_source_labeled_persona_486.json
486,TS6,1,human,True,true,1.0,5.0,4.0,,4,2,5,3,4,21,nonbinary,British,vocational_training,7,1,3,4,mixed,moderate,6,5,4,5,3,truth_source_labeled_persona_486.json
486,TS13,1,human,True,true,1.0,4.0,5.0,,4,2,5,3,4,21,nonbinary,British,vocational_training,7,1,3,4,mixed,moderate,6,5,4,5,3,truth_source_labeled_persona_486.json
487,TS6,1,human,True,false,0.0,4.0,3.0,,2,1,6,5,3,24,woman,US,bachelors_degree,2,1,7,1,intuitive,low,3,5,6,4,3,truth_source_labeled_persona_487.json
487,TS36,1,human,False,false,1.0,6.0,5.0,,2,1,6,5,3,24,woman,US,bachelors_degree,2,1,7,1,intuitive,low,3,5,6,4,3,truth_source_labeled_persona_487.json
487,TS28,1,human,False,false,1.0,6.0,4.0,,2,1,6,5,3,24,woman,US,bachelors_degree,2,1,7,1,intuitive,low,3,5,6,4,3,truth_source_labeled_persona_487.json
487,TS20,1,human,False,false,1.0,4.0,5.0,,2,1,6,5,3,24,woman,US,bachelors_degree,2,1,7,1,intuitive,low,3,5,6,4,3,truth_source_labeled_persona_487.json
487,TS13,1,human,True,true,1.0,5.0,6.0,,2,1,6,5,3,24,woman,US,bachelors_degree,2,1,7,1,intuitive,low,3,5,6,4,3,truth_source_labeled_persona_487.json
488,TS40,1,ai,True,true,1.0,4.0,2.0,,4,2,6,5,3,24,man,US,undergraduate,1,4,7,6,analytical,high,1,4,4,4,3,truth_source_labeled_persona_488.json
488,TS6,1,human,True,true,1.0,4.0,5.0,,4,2,6,5,3,24,man,US,undergraduate,1,4,7,6,analytical,high,1,4,4,4,3,truth_source_labeled_persona_488.json
488,TS3,1,human,True,true,1.0,6.0,6.0,,4,2,6,5,3,24,man,US,undergraduate,1,4,7,6,analytical,high,1,4,4,4,3,truth_source_labeled_persona_488.json
488,TS28,1,human,False,false,1.0,6.0,5.0,,4,2,6,5,3,24,man,US,undergraduate,1,4,7,6,analytical,high,1,4,4,4,3,truth_source_labeled_persona_488.json
488,TS36,1,human,False,false,1.0,6.0,5.0,,4,2,6,5,3,24,man,US,undergraduate,1,4,7,6,analytical,high,1,4,4,4,3,truth_source_labeled_persona_488.json
489,TS3,1,human,True,true,1.0,5.0,6.0,,4,3,5,6,4,25,nonbinary,Australian,graduate_student,4,3,3,7,analytical,moderate,6,5,4,2,1,truth_source_labeled_persona_489.json
489,TS6,1,human,True,true,1.0,6.0,5.0,,4,3,5,6,4,25,nonbinary,Australian,graduate_student,4,3,3,7,analytical,moderate,6,5,4,2,1,truth_source_labeled_persona_489.json
489,TS28,1,human,False,false,1.0,5.0,6.0,,4,3,5,6,4,25,nonbinary,Australian,graduate_student,4,3,3,7,analytical,moderate,6,5,4,2,1,truth_source_labeled_persona_489.json
489,TS40,1,ai,True,true,1.0,6.0,3.0,,4,3,5,6,4,25,nonbinary,Australian,graduate_student,4,3,3,7,analytical,moderate,6,5,4,2,1,truth_source_labeled_persona_489.json
489,TS36,1,human,False,false,1.0,6.0,5.0,,4,3,5,6,4,25,nonbinary,Australian,graduate_student,4,3,3,7,analytical,moderate,6,5,4,2,1,truth_source_labeled_persona_489.json
490,TS28,1,human,False,false,1.0,6.0,3.0,,6,5,3,4,2,20,prefer_not_to_say,British,undergraduate,6,5,5,4,analytical,moderate,1,2,4,2,6,truth_source_labeled_persona_490.json
490,TS13,1,human,True,true,1.0,6.0,5.0,,6,5,3,4,2,20,prefer_not_to_say,British,undergraduate,6,5,5,4,analytical,moderate,1,2,4,2,6,truth_source_labeled_persona_490.json
490,TS15,1,human,True,true,1.0,6.0,5.0,,6,5,3,4,2,20,prefer_not_to_say,British,undergraduate,6,5,5,4,analytical,moderate,1,2,4,2,6,truth_source_labeled_persona_490.json
490,TS36,1,human,False,false,1.0,6.0,4.0,,6,5,3,4,2,20,prefer_not_to_say,British,undergraduate,6,5,5,4,analytical,moderate,1,2,4,2,6,truth_source_labeled_persona_490.json
490,TS6,1,human,True,true,1.0,5.0,4.0,,6,5,3,4,2,20,prefer_not_to_say,British,undergraduate,6,5,5,4,analytical,moderate,1,2,4,2,6,truth_source_labeled_persona_490.json
491,TS13,1,human,True,true,1.0,5.0,6.0,,4,2,6,3,4,20,nonbinary,Canadian,high_school_or_equivalent,4,2,6,4,intuitive,moderate,3,3,4,4,4,truth_source_labeled_persona_491.json
491,TS58,1,ai,True,true,1.0,4.0,3.0,,4,2,6,3,4,20,nonbinary,Canadian,high_school_or_equivalent,4,2,6,4,intuitive,moderate,3,3,4,4,4,truth_source_labeled_persona_491.json
491,TS28,1,human,False,true,0.0,6.0,5.0,,4,2,6,3,4,20,nonbinary,Canadian,high_school_or_equivalent,4,2,6,4,intuitive,moderate,3,3,4,4,4,truth_source_labeled_persona_491.json
491,TS3,1,human,True,true,1.0,5.0,6.0,,4,2,6,3,4,20,nonbinary,Canadian,high_school_or_equivalent,4,2,6,4,intuitive,moderate,3,3,4,4,4,truth_source_labeled_persona_491.json
491,TS36,1,human,False,false,1.0,6.0,5.0,,4,2,6,3,4,20,nonbinary,Canadian,high_school_or_equivalent,4,2,6,4,intuitive,moderate,3,3,4,4,4,truth_source_labeled_persona_491.json
492,TS28,1,human,False,false,1.0,6.0,2.0,,6,5,4,3,2,21,prefer_not_to_say,Australian,high_school_or_equivalent,6,6,5,5,mixed,moderate,6,4,1,6,3,truth_source_labeled_persona_492.json
492,TS40,1,ai,True,true,1.0,4.0,5.0,,6,5,4,3,2,21,prefer_not_to_say,Australian,high_school_or_equivalent,6,6,5,5,mixed,moderate,6,4,1,6,3,truth_source_labeled_persona_492.json
492,TS3,1,human,True,true,1.0,5.0,6.0,,6,5,4,3,2,21,prefer_not_to_say,Australian,high_school_or_equivalent,6,6,5,5,mixed,moderate,6,4,1,6,3,truth_source_labeled_persona_492.json
492,TS36,1,human,False,false,1.0,4.0,3.0,,6,5,4,3,2,21,prefer_not_to_say,Australian,high_school_or_equivalent,6,6,5,5,mixed,moderate,6,4,1,6,3,truth_source_labeled_persona_492.json
492,TS11,1,human,True,true,1.0,4.0,5.0,,6,5,4,3,2,21,prefer_not_to_say,Australian,high_school_or_equivalent,6,6,5,5,mixed,moderate,6,4,1,6,3,truth_source_labeled_persona_492.json
493,TS3,1,human,True,false,0.0,6.0,2.0,,4,2,5,3,4,20,prefer_not_to_say,US,undergraduate,4,1,4,6,analytical,moderate,4,2,2,5,2,truth_source_labeled_persona_493.json
493,TS29,1,human,False,false,1.0,6.0,2.0,,4,2,5,3,4,20,prefer_not_to_say,US,undergraduate,4,1,4,6,analytical,moderate,4,2,2,5,2,truth_source_labeled_persona_493.json
493,TS40,1,ai,True,true,1.0,4.0,3.0,,4,2,5,3,4,20,prefer_not_to_say,US,undergraduate,4,1,4,6,analytical,moderate,4,2,2,5,2,truth_source_labeled_persona_493.json
493,TS28,1,human,False,false,1.0,6.0,5.0,,4,2,5,3,4,20,prefer_not_to_say,US,undergraduate,4,1,4,6,analytical,moderate,4,2,2,5,2,truth_source_labeled_persona_493.json
493,TS11,1,human,True,true,1.0,4.0,5.0,,4,2,5,3,4,20,prefer_not_to_say,US,undergraduate,4,1,4,6,analytical,moderate,4,2,2,5,2,truth_source_labeled_persona_493.json
494,TS52,1,ai,True,true,1.0,6.0,2.0,,4,3,5,6,4,20,prefer_not_to_say,Canadian,bachelors_degree,4,3,7,4,analytical,low,6,4,1,4,6,truth_source_labeled_persona_494.json
494,TS28,1,human,False,false,1.0,6.0,5.0,,4,3,5,6,4,20,prefer_not_to_say,Canadian,bachelors_degree,4,3,7,4,analytical,low,6,4,1,4,6,truth_source_labeled_persona_494.json
494,TS36,1,human,False,false,1.0,6.0,5.0,,4,3,5,6,4,20,prefer_not_to_say,Canadian,bachelors_degree,4,3,7,4,analytical,low,6,4,1,4,6,truth_source_labeled_persona_494.json
494,TS15,1,human,True,true,1.0,6.0,7.0,,4,3,5,6,4,20,prefer_not_to_say,Canadian,bachelors_degree,4,3,7,4,analytical,low,6,4,1,4,6,truth_source_labeled_persona_494.json
494,TS11,1,human,True,false,0.0,4.0,6.0,,4,3,5,6,4,20,prefer_not_to_say,Canadian,bachelors_degree,4,3,7,4,analytical,low,6,4,1,4,6,truth_source_labeled_persona_494.json
495,TS3,1,human,True,unsure,,4.0,6.0,,3,4,5,6,2,22,woman,Canadian,vocational_training,1,3,4,7,analytical,low,4,4,3,4,2,truth_source_labeled_persona_495.json
495,TS11,1,human,True,true,1.0,5.0,6.0,,3,4,5,6,2,22,woman,Canadian,vocational_training,1,3,4,7,analytical,low,4,4,3,4,2,truth_source_labeled_persona_495.json
495,TS40,1,ai,True,true,1.0,4.0,3.0,,3,4,5,6,2,22,woman,Canadian,vocational_training,1,3,4,7,analytical,low,4,4,3,4,2,truth_source_labeled_persona_495.json
495,TS36,1,human,False,false,1.0,5.0,6.0,,3,4,5,6,2,22,woman,Canadian,vocational_training,1,3,4,7,analytical,low,4,4,3,4,2,truth_source_labeled_persona_495.json
495,TS28,1,human,False,false,1.0,6.0,5.0,,3,4,5,6,2,22,woman,Canadian,vocational_training,1,3,4,7,analytical,low,4,4,3,4,2,truth_source_labeled_persona_495.json
496,TS11,1,human,True,unsure,,4.0,5.0,,6,3,5,4,2,19,woman,Australian,undergraduate,6,3,4,7,mixed,high,6,6,6,4,6,truth_source_labeled_persona_496.json
496,TS3,1,human,True,true,1.0,6.0,6.0,,6,3,5,4,2,19,woman,Australian,undergraduate,6,3,4,7,mixed,high,6,6,6,4,6,truth_source_labeled_persona_496.json
496,TS36,1,human,False,false,1.0,2.0,2.0,,6,3,5,4,2,19,woman,Australian,undergraduate,6,3,4,7,mixed,high,6,6,6,4,6,truth_source_labeled_persona_496.json
496,TS40,1,ai,True,true,1.0,6.0,4.0,,6,3,5,4,2,19,woman,Australian,undergraduate,6,3,4,7,mixed,high,6,6,6,4,6,truth_source_labeled_persona_496.json
496,TS28,1,human,False,false,1.0,6.0,5.0,,6,3,5,4,2,19,woman,Australian,undergraduate,6,3,4,7,mixed,high,6,6,6,4,6,truth_source_labeled_persona_496.json
497,TS11,1,human,True,unsure,,4.0,3.0,,4,5,6,3,2,20,nonbinary,Dutch,some_college,4,1,3,4,analytical,moderate,4,6,3,5,4,truth_source_labeled_persona_497.json
497,TS3,1,human,True,true,1.0,4.0,5.0,,4,5,6,3,2,20,nonbinary,Dutch,some_college,4,1,3,4,analytical,moderate,4,6,3,5,4,truth_source_labeled_persona_497.json
497,TS36,1,human,False,false,1.0,6.0,4.0,,4,5,6,3,2,20,nonbinary,Dutch,some_college,4,1,3,4,analytical,moderate,4,6,3,5,4,truth_source_labeled_persona_497.json
497,TS40,1,ai,True,true,1.0,5.0,3.0,,4,5,6,3,2,20,nonbinary,Dutch,some_college,4,1,3,4,analytical,moderate,4,6,3,5,4,truth_source_labeled_persona_497.json
497,TS28,1,human,False,false,1.0,4.0,5.0,,4,5,6,3,2,20,nonbinary,Dutch,some_college,4,1,3,4,analytical,moderate,4,6,3,5,4,truth_source_labeled_persona_497.json
498,TS36,1,human,False,false,1.0,6.0,2.0,,2,4,6,5,3,18,woman,Canadian,some_college,2,4,3,4,mixed,low,3,4,2,2,4,truth_source_labeled_persona_498.json
498,TS11,1,human,True,true,1.0,4.0,5.0,,2,4,6,5,3,18,woman,Canadian,some_college,2,4,3,4,mixed,low,3,4,2,2,4,truth_source_labeled_persona_498.json
498,TS28,1,human,False,false,1.0,6.0,3.0,,2,4,6,5,3,18,woman,Canadian,some_college,2,4,3,4,mixed,low,3,4,2,2,4,truth_source_labeled_persona_498.json
498,TS40,1,ai,True,true,1.0,5.0,4.0,,2,4,6,5,3,18,woman,Canadian,some_college,2,4,3,4,mixed,low,3,4,2,2,4,truth_source_labeled_persona_498.json
498,TS3,1,human,True,true,1.0,6.0,5.0,,2,4,6,5,3,18,woman,Canadian,some_college,2,4,3,4,mixed,low,3,4,2,2,4,truth_source_labeled_persona_498.json
499,TS40,1,ai,True,true,1.0,4.0,5.0,,5,3,4,6,2,21,prefer_not_to_say,US,high_school_or_equivalent,5,7,6,2,mixed,moderate,2,5,4,6,2,truth_source_labeled_persona_499.json
499,TS28,1,human,False,false,1.0,6.0,7.0,,5,3,4,6,2,21,prefer_not_to_say,US,high_school_or_equivalent,5,7,6,2,mixed,moderate,2,5,4,6,2,truth_source_labeled_persona_499.json
499,TS11,1,human,True,true,1.0,4.0,6.0,,5,3,4,6,2,21,prefer_not_to_say,US,high_school_or_equivalent,5,7,6,2,mixed,moderate,2,5,4,6,2,truth_source_labeled_persona_499.json
499,TS36,1,human,False,false,1.0,4.0,5.0,,5,3,4,6,2,21,prefer_not_to_say,US,high_school_or_equivalent,5,7,6,2,mixed,moderate,2,5,4,6,2,truth_source_labeled_persona_499.json
499,TS15,1,human,True,true,1.0,5.0,6.0,,5,3,4,6,2,21,prefer_not_to_say,US,high_school_or_equivalent,5,7,6,2,mixed,moderate,2,5,4,6,2,truth_source_labeled_persona_499.json
500,TS32,1,human,False,false,1.0,5.0,2.0,,5,4,6,5,3,18,man,British,graduate_student,5,4,3,1,mixed,moderate,5,4,7,2,4,truth_source_labeled_persona_500.json
500,TS36,1,human,False,false,1.0,5.0,2.0,,5,4,6,5,3,18,man,British,graduate_student,5,4,3,1,mixed,moderate,5,4,7,2,4,truth_source_labeled_persona_500.json
500,TS28,1,human,False,false,1.0,6.0,3.0,,5,4,6,5,3,18,man,British,graduate_student,5,4,3,1,mixed,moderate,5,4,7,2,4,truth_source_labeled_persona_500.json
500,TS12,1,human,True,false,0.0,4.0,2.0,,5,4,6,5,3,18,man,British,graduate_student,5,4,3,1,mixed,moderate,5,4,7,2,4,truth_source_labeled_persona_500.json
500,TS52,1,ai,True,true,1.0,6.0,5.0,,5,4,6,5,3,18,man,British,graduate_student,5,4,3,1,mixed,moderate,5,4,7,2,4,truth_source_labeled_persona_500.json
1,TS36,0,human,False,false,1.0,6.0,4.0,2.0,4,3,2,5,4,21,woman,US,vocational_training,4,7,5,4,mixed,low,4,6,4,7,4,truth_source_unlabeled_persona_001.json
1,TS58,0,ai,True,true,1.0,6.0,6.0,2.0,4,3,2,5,4,21,woman,US,vocational_training,4,7,5,4,mixed,low,4,6,4,7,4,truth_source_unlabeled_persona_001.json
1,TS19,0,human,True,true,1.0,6.0,5.0,2.0,4,3,2,5,4,21,woman,US,vocational_training,4,7,5,4,mixed,low,4,6,4,7,4,truth_source_unlabeled_persona_001.json
1,TS7,0,human,True,false,0.0,6.0,4.0,2.0,4,3,2,5,4,21,woman,US,vocational_training,4,7,5,4,mixed,low,4,6,4,7,4,truth_source_unlabeled_persona_001.json
1,TS3,0,human,True,false,0.0,6.0,5.0,2.0,4,3,2,5,4,21,woman,US,vocational_training,4,7,5,4,mixed,low,4,6,4,7,4,truth_source_unlabeled_persona_001.json
2,TS36,0,human,False,false,1.0,5.0,3.0,2.0,4,5,6,3,2,18,nonbinary,German,graduate_student,4,5,1,5,analytical,moderate,1,2,5,4,6,truth_source_unlabeled_persona_002.json
2,TS3,0,human,True,true,1.0,6.0,5.0,1.0,4,5,6,3,2,18,nonbinary,German,graduate_student,4,5,1,5,analytical,moderate,1,2,5,4,6,truth_source_unlabeled_persona_002.json
2,TS40,0,ai,True,true,1.0,4.0,4.0,3.0,4,5,6,3,2,18,nonbinary,German,graduate_student,4,5,1,5,analytical,moderate,1,2,5,4,6,truth_source_unlabeled_persona_002.json
2,TS7,0,human,True,false,0.0,6.0,3.0,2.0,4,5,6,3,2,18,nonbinary,German,graduate_student,4,5,1,5,analytical,moderate,1,2,5,4,6,truth_source_unlabeled_persona_002.json
2,TS11,0,human,True,unsure,,3.0,2.0,4.0,4,5,6,3,2,18,nonbinary,German,graduate_student,4,5,1,5,analytical,moderate,1,2,5,4,6,truth_source_unlabeled_persona_002.json
3,TS36,0,human,False,false,1.0,5.0,3.0,2.0,2,6,5,3,4,20,man,Canadian,vocational_training,2,6,1,7,analytical,low,4,6,3,3,6,truth_source_unlabeled_persona_003.json
3,TS52,0,ai,True,true,1.0,6.0,7.0,1.0,2,6,5,3,4,20,man,Canadian,vocational_training,2,6,1,7,analytical,low,4,6,3,3,6,truth_source_unlabeled_persona_003.json
3,TS26,0,human,False,false,1.0,5.0,2.0,4.0,2,6,5,3,4,20,man,Canadian,vocational_training,2,6,1,7,analytical,low,4,6,3,3,6,truth_source_unlabeled_persona_003.json
3,TS11,0,human,True,false,0.0,4.0,5.0,3.0,2,6,5,3,4,20,man,Canadian,vocational_training,2,6,1,7,analytical,low,4,6,3,3,6,truth_source_unlabeled_persona_003.json
3,TS57,0,ai,True,true,1.0,6.0,7.0,1.0,2,6,5,3,4,20,man,Canadian,vocational_training,2,6,1,7,analytical,low,4,6,3,3,6,truth_source_unlabeled_persona_003.json
4,TS7,0,human,True,true,1.0,5.0,4.0,2.0,5,4,6,3,5,20,prefer_not_to_say,US,high_school_or_equivalent,7,7,7,1,mixed,high,2,4,1,4,5,truth_source_unlabeled_persona_004.json
4,TS12,0,human,True,true,1.0,5.0,4.0,2.0,5,4,6,3,5,20,prefer_not_to_say,US,high_school_or_equivalent,7,7,7,1,mixed,high,2,4,1,4,5,truth_source_unlabeled_persona_004.json
4,TS40,0,ai,True,true,1.0,5.0,5.0,3.0,5,4,6,3,5,20,prefer_not_to_say,US,high_school_or_equivalent,7,7,7,1,mixed,high,2,4,1,4,5,truth_source_unlabeled_persona_004.json
4,TS36,0,human,False,false,1.0,5.0,3.0,2.0,5,4,6,3,5,20,prefer_not_to_say,US,high_school_or_equivalent,7,7,7,1,mixed,high,2,4,1,4,5,truth_source_unlabeled_persona_004.json
4,TS15,0,human,True,true,1.0,5.0,4.0,2.0,5,4,6,3,5,20,prefer_not_to_say,US,high_school_or_equivalent,7,7,7,1,mixed,high,2,4,1,4,5,truth_source_unlabeled_persona_004.json
5,TS3,0,human,True,false,0.0,4.0,5.0,2.0,3,4,6,5,2,25,woman,Canadian,undergraduate,2,3,4,2,mixed,moderate,6,3,2,4,4,truth_source_unlabeled_persona_005.json
5,TS40,0,ai,True,true,1.0,6.0,6.0,3.0,3,4,6,5,2,25,woman,Canadian,undergraduate,2,3,4,2,mixed,moderate,6,3,2,4,4,truth_source_unlabeled_persona_005.json
5,TS7,0,human,True,false,0.0,6.0,4.0,5.0,3,4,6,5,2,25,woman,Canadian,undergraduate,2,3,4,2,mixed,moderate,6,3,2,4,4,truth_source_unlabeled_persona_005.json
5,TS11,0,human,True,true,1.0,5.0,5.0,2.0,3,4,6,5,2,25,woman,Canadian,undergraduate,2,3,4,2,mixed,moderate,6,3,2,4,4,truth_source_unlabeled_persona_005.json
5,TS73,0,ai,False,false,1.0,6.0,3.0,5.0,3,4,6,5,2,25,woman,Canadian,undergraduate,2,3,4,2,mixed,moderate,6,3,2,4,4,truth_source_unlabeled_persona_005.json
6,TS7,0,human,True,false,0.0,6.0,2.0,3.0,3,4,5,6,2,22,nonbinary,US,some_college,3,4,5,5,mixed,moderate,1,3,2,6,3,truth_source_unlabeled_persona_006.json
6,TS12,0,human,True,unsure,,4.0,2.0,5.0,3,4,5,6,2,22,nonbinary,US,some_college,3,4,5,5,mixed,moderate,1,3,2,6,3,truth_source_unlabeled_persona_006.json
6,TS40,0,ai,True,true,1.0,5.0,4.0,2.0,3,4,5,6,2,22,nonbinary,US,some_college,3,4,5,5,mixed,moderate,1,3,2,6,3,truth_source_unlabeled_persona_006.json
6,TS29,0,human,False,false,1.0,6.0,1.0,5.0,3,4,5,6,2,22,nonbinary,US,some_college,3,4,5,5,mixed,moderate,1,3,2,6,3,truth_source_unlabeled_persona_006.json
6,TS3,0,human,True,true,1.0,6.0,4.0,2.0,3,4,5,6,2,22,nonbinary,US,some_college,3,4,5,5,mixed,moderate,1,3,2,6,3,truth_source_unlabeled_persona_006.json
7,TS36,0,human,False,false,1.0,6.0,3.0,2.0,6,6,5,4,5,25,nonbinary,German,graduate_student,6,6,5,5,analytical,high,4,1,1,1,1,truth_source_unlabeled_persona_007.json
7,TS3,0,human,True,false,0.0,6.0,3.0,2.0,6,6,5,4,5,25,nonbinary,German,graduate_student,6,6,5,5,analytical,high,4,1,1,1,1,truth_source_unlabeled_persona_007.json
7,TS40,0,ai,True,true,1.0,5.0,4.0,3.0,6,6,5,4,5,25,nonbinary,German,graduate_student,6,6,5,5,analytical,high,4,1,1,1,1,truth_source_unlabeled_persona_007.json
7,TS11,0,human,True,true,1.0,5.0,4.0,3.0,6,6,5,4,5,25,nonbinary,German,graduate_student,6,6,5,5,analytical,high,4,1,1,1,1,truth_source_unlabeled_persona_007.json
7,TS7,0,human,True,false,0.0,6.0,3.0,2.0,6,6,5,4,5,25,nonbinary,German,graduate_student,6,6,5,5,analytical,high,4,1,1,1,1,truth_source_unlabeled_persona_007.json
8,TS15,0,human,True,true,1.0,6.0,5.0,2.0,6,3,5,4,2,20,nonbinary,Australian,some_college,6,1,5,2,intuitive,low,5,4,4,4,3,truth_source_unlabeled_persona_008.json
8,TS36,0,human,False,false,1.0,6.0,5.0,2.0,6,3,5,4,2,20,nonbinary,Australian,some_college,6,1,5,2,intuitive,low,5,4,4,4,3,truth_source_unlabeled_persona_008.json
8,TS27,0,human,False,false,1.0,4.0,6.0,3.0,6,3,5,4,2,20,nonbinary,Australian,some_college,6,1,5,2,intuitive,low,5,4,4,4,3,truth_source_unlabeled_persona_008.json
8,TS40,0,ai,True,true,1.0,5.0,6.0,2.0,6,3,5,4,2,20,nonbinary,Australian,some_college,6,1,5,2,intuitive,low,5,4,4,4,3,truth_source_unlabeled_persona_008.json
8,TS11,0,human,True,unsure,,4.0,5.0,5.0,6,3,5,4,2,20,nonbinary,Australian,some_college,6,1,5,2,intuitive,low,5,4,4,4,3,truth_source_unlabeled_persona_008.json
9,TS11,0,human,True,true,1.0,4.0,5.0,2.0,4,3,5,4,5,18,nonbinary,British,bachelors_degree,7,2,2,5,analytical,moderate,1,5,4,6,3,truth_source_unlabeled_persona_009.json
9,TS29,0,human,False,false,1.0,6.0,2.0,5.0,4,3,5,4,5,18,nonbinary,British,bachelors_degree,7,2,2,5,analytical,moderate,1,5,4,6,3,truth_source_unlabeled_persona_009.json
9,TS15,0,human,True,true,1.0,6.0,5.0,3.0,4,3,5,4,5,18,nonbinary,British,bachelors_degree,7,2,2,5,analytical,moderate,1,5,4,6,3,truth_source_unlabeled_persona_009.json
9,TS40,0,ai,True,true,1.0,4.0,5.0,3.0,4,3,5,4,5,18,nonbinary,British,bachelors_degree,7,2,2,5,analytical,moderate,1,5,4,6,3,truth_source_unlabeled_persona_009.json
9,TS7,0,human,True,false,0.0,6.0,4.0,2.0,4,3,5,4,5,18,nonbinary,British,bachelors_degree,7,2,2,5,analytical,moderate,1,5,4,6,3,truth_source_unlabeled_persona_009.json
10,TS7,0,human,True,false,0.0,5.0,4.0,2.0,4,3,6,2,5,25,man,US,some_college,4,3,4,4,intuitive,moderate,1,4,7,1,1,truth_source_unlabeled_persona_010.json
10,TS15,0,human,True,true,1.0,6.0,6.0,5.0,4,3,6,2,5,25,man,US,some_college,4,3,4,4,intuitive,moderate,1,4,7,1,1,truth_source_unlabeled_persona_010.json
10,TS40,0,ai,True,true,1.0,5.0,5.0,4.0,4,3,6,2,5,25,man,US,some_college,4,3,4,4,intuitive,moderate,1,4,7,1,1,truth_source_unlabeled_persona_010.json
10,TS36,0,human,False,false,1.0,6.0,4.0,3.0,4,3,6,2,5,25,man,US,some_college,4,3,4,4,intuitive,moderate,1,4,7,1,1,truth_source_unlabeled_persona_010.json
10,TS12,0,human,True,true,1.0,4.0,5.0,2.0,4,3,6,2,5,25,man,US,some_college,4,3,4,4,intuitive,moderate,1,4,7,1,1,truth_source_unlabeled_persona_010.json
11,TS3,0,human,True,false,0.0,4.0,2.0,3.0,4,3,5,5,6,18,nonbinary,US,bachelors_degree,4,3,4,7,intuitive,moderate,3,5,6,5,1,truth_source_unlabeled_persona_011.json
11,TS36,0,human,False,false,1.0,5.0,3.0,2.0,4,3,5,5,6,18,nonbinary,US,bachelors_degree,4,3,4,7,intuitive,moderate,3,5,6,5,1,truth_source_unlabeled_persona_011.json
11,TS40,0,ai,True,true,1.0,6.0,5.0,2.0,4,3,5,5,6,18,nonbinary,US,bachelors_degree,4,3,4,7,intuitive,moderate,3,5,6,5,1,truth_source_unlabeled_persona_011.json
11,TS11,0,human,True,true,1.0,4.0,5.0,3.0,4,3,5,5,6,18,nonbinary,US,bachelors_degree,4,3,4,7,intuitive,moderate,3,5,6,5,1,truth_source_unlabeled_persona_011.json
11,TS7,0,human,True,false,0.0,5.0,3.0,2.0,4,3,5,5,6,18,nonbinary,US,bachelors_degree,4,3,4,7,intuitive,moderate,3,5,6,5,1,truth_source_unlabeled_persona_011.json
12,TS7,0,human,True,false,0.0,5.0,3.0,2.0,2,4,5,3,2,19,prefer_not_to_say,US,high_school_or_equivalent,1,6,7,4,mixed,low,4,4,4,3,5,truth_source_unlabeled_persona_012.json
12,TS15,0,human,True,true,1.0,6.0,6.0,5.0,2,4,5,3,2,19,prefer_not_to_say,US,high_school_or_equivalent,1,6,7,4,mixed,low,4,4,4,3,5,truth_source_unlabeled_persona_012.json
12,TS52,0,ai,True,true,1.0,6.0,6.0,5.0,2,4,5,3,2,19,prefer_not_to_say,US,high_school_or_equivalent,1,6,7,4,mixed,low,4,4,4,3,5,truth_source_unlabeled_persona_012.json
12,TS12,0,human,True,true,1.0,5.0,5.0,4.0,2,4,5,3,2,19,prefer_not_to_say,US,high_school_or_equivalent,1,6,7,4,mixed,low,4,4,4,3,5,truth_source_unlabeled_persona_012.json
12,TS29,0,human,False,false,1.0,6.0,2.0,1.0,2,4,5,3,2,19,prefer_not_to_say,US,high_school_or_equivalent,1,6,7,4,mixed,low,4,4,4,3,5,truth_source_unlabeled_persona_012.json
13,TS3,0,human,True,true,1.0,6.0,5.0,2.0,4,2,5,3,6,21,nonbinary,Australian,vocational_training,4,2,3,7,mixed,low,1,4,7,7,1,truth_source_unlabeled_persona_013.json
13,TS7,0,human,True,false,0.0,4.0,4.0,3.0,4,2,5,3,6,21,nonbinary,Australian,vocational_training,4,2,3,7,mixed,low,1,4,7,7,1,truth_source_unlabeled_persona_013.json
13,TS11,0,human,True,unsure,,4.0,4.0,3.0,4,2,5,3,6,21,nonbinary,Australian,vocational_training,4,2,3,7,mixed,low,1,4,7,7,1,truth_source_unlabeled_persona_013.json
13,TS73,0,ai,False,false,1.0,6.0,3.0,2.0,4,2,5,3,6,21,nonbinary,Australian,vocational_training,4,2,3,7,mixed,low,1,4,7,7,1,truth_source_unlabeled_persona_013.json
13,TS40,0,ai,True,true,1.0,5.0,6.0,4.0,4,2,5,3,6,21,nonbinary,Australian,vocational_training,4,2,3,7,mixed,low,1,4,7,7,1,truth_source_unlabeled_persona_013.json
14,TS3,0,human,True,true,1.0,4.0,5.0,3.0,4,7,5,6,4,19,prefer_not_to_say,German,vocational_training,4,7,6,4,analytical,moderate,4,2,2,4,3,truth_source_unlabeled_persona_014.json
14,TS7,0,human,True,unsure,,4.0,4.0,3.0,4,7,5,6,4,19,prefer_not_to_say,German,vocational_training,4,7,6,4,analytical,moderate,4,2,2,4,3,truth_source_unlabeled_persona_014.json
14,TS11,0,human,True,unsure,,3.0,4.0,2.0,4,7,5,6,4,19,prefer_not_to_say,German,vocational_training,4,7,6,4,analytical,moderate,4,2,2,4,3,truth_source_unlabeled_persona_014.json
14,TS40,0,ai,True,true,1.0,5.0,6.0,2.0,4,7,5,6,4,19,prefer_not_to_say,German,vocational_training,4,7,6,4,analytical,moderate,4,2,2,4,3,truth_source_unlabeled_persona_014.json
14,TS36,0,human,False,false,1.0,6.0,5.0,2.0,4,7,5,6,4,19,prefer_not_to_say,German,vocational_training,4,7,6,4,analytical,moderate,4,2,2,4,3,truth_source_unlabeled_persona_014.json
15,TS52,0,ai,True,true,1.0,6.0,5.0,1.0,4,1,5,6,2,24,prefer_not_to_say,US,graduate_student,4,1,3,4,analytical,moderate,5,7,2,4,6,truth_source_unlabeled_persona_015.json
15,TS3,0,human,True,true,1.0,6.0,5.0,1.0,4,1,5,6,2,24,prefer_not_to_say,US,graduate_student,4,1,3,4,analytical,moderate,5,7,2,4,6,truth_source_unlabeled_persona_015.json
15,TS7,0,human,True,false,0.0,4.0,3.0,2.0,4,1,5,6,2,24,prefer_not_to_say,US,graduate_student,4,1,3,4,analytical,moderate,5,7,2,4,6,truth_source_unlabeled_persona_015.json
15,TS11,0,human,True,true,1.0,4.0,5.0,3.0,4,1,5,6,2,24,prefer_not_to_say,US,graduate_student,4,1,3,4,analytical,moderate,5,7,2,4,6,truth_source_unlabeled_persona_015.json
15,TS29,0,human,False,false,1.0,6.0,2.0,1.0,4,1,5,6,2,24,prefer_not_to_say,US,graduate_student,4,1,3,4,analytical,moderate,5,7,2,4,6,truth_source_unlabeled_persona_015.json
16,TS12,0,human,True,unsure,,4.0,3.0,5.0,5,3,4,6,5,18,man,British,bachelors_degree,5,7,1,5,analytical,moderate,2,1,1,2,5,truth_source_unlabeled_persona_016.json
16,TS7,0,human,True,unsure,,2.0,4.0,3.0,5,3,4,6,5,18,man,British,bachelors_degree,5,7,1,5,analytical,moderate,2,1,1,2,5,truth_source_unlabeled_persona_016.json
16,TS52,0,ai,True,true,1.0,5.0,6.0,2.0,5,3,4,6,5,18,man,British,bachelors_degree,5,7,1,5,analytical,moderate,2,1,1,2,5,truth_source_unlabeled_persona_016.json
16,TS29,0,human,False,false,1.0,5.0,2.0,6.0,5,3,4,6,5,18,man,British,bachelors_degree,5,7,1,5,analytical,moderate,2,1,1,2,5,truth_source_unlabeled_persona_016.json
16,TS3,0,human,True,true,1.0,5.0,6.0,2.0,5,3,4,6,5,18,man,British,bachelors_degree,5,7,1,5,analytical,moderate,2,1,1,2,5,truth_source_unlabeled_persona_016.json
17,TS40,0,ai,True,true,1.0,5.0,3.0,4.0,4,3,5,6,4,21,woman,British,graduate_student,4,7,4,5,mixed,moderate,2,3,7,4,7,truth_source_unlabeled_persona_017.json
17,TS3,0,human,True,true,1.0,5.0,5.0,4.0,4,3,5,6,4,21,woman,British,graduate_student,4,7,4,5,mixed,moderate,2,3,7,4,7,truth_source_unlabeled_persona_017.json
17,TS11,0,human,True,unsure,,4.0,2.0,3.0,4,3,5,6,4,21,woman,British,graduate_student,4,7,4,5,mixed,moderate,2,3,7,4,7,truth_source_unlabeled_persona_017.json
17,TS29,0,human,False,false,1.0,7.0,1.0,1.0,4,3,5,6,4,21,woman,British,graduate_student,4,7,4,5,mixed,moderate,2,3,7,4,7,truth_source_unlabeled_persona_017.json
17,TS26,0,human,False,false,1.0,7.0,1.0,1.0,4,3,5,6,4,21,woman,British,graduate_student,4,7,4,5,mixed,moderate,2,3,7,4,7,truth_source_unlabeled_persona_017.json
18,TS3,0,human,True,false,0.0,6.0,4.0,2.0,3,4,2,5,3,25,woman,German,vocational_training,3,3,5,3,intuitive,moderate,4,1,5,5,7,truth_source_unlabeled_persona_018.json
18,TS7,0,human,True,false,0.0,6.0,4.0,2.0,3,4,2,5,3,25,woman,German,vocational_training,3,3,5,3,intuitive,moderate,4,1,5,5,7,truth_source_unlabeled_persona_018.json
18,TS52,0,ai,True,true,1.0,6.0,7.0,1.0,3,4,2,5,3,25,woman,German,vocational_training,3,3,5,3,intuitive,moderate,4,1,5,5,7,truth_source_unlabeled_persona_018.json
18,TS29,0,human,False,false,1.0,7.0,1.0,1.0,3,4,2,5,3,25,woman,German,vocational_training,3,3,5,3,intuitive,moderate,4,1,5,5,7,truth_source_unlabeled_persona_018.json
18,TS12,0,human,True,true,1.0,5.0,6.0,3.0,3,4,2,5,3,25,woman,German,vocational_training,3,3,5,3,intuitive,moderate,4,1,5,5,7,truth_source_unlabeled_persona_018.json
19,TS52,0,ai,True,true,1.0,5.0,6.0,2.0,4,3,5,2,6,18,woman,British,graduate_student,4,3,4,2,intuitive,low,1,4,4,2,7,truth_source_unlabeled_persona_019.json
19,TS29,0,human,False,false,1.0,6.0,2.0,7.0,4,3,5,2,6,18,woman,British,graduate_student,4,3,4,2,intuitive,low,1,4,4,2,7,truth_source_unlabeled_persona_019.json
19,TS11,0,human,True,true,1.0,5.0,4.0,,4,3,5,2,6,18,woman,British,graduate_student,4,3,4,2,intuitive,low,1,4,4,2,7,truth_source_unlabeled_persona_019.json
19,TS15,0,human,True,true,1.0,5.0,6.0,,4,3,5,2,6,18,woman,British,graduate_student,4,3,4,2,intuitive,low,1,4,4,2,7,truth_source_unlabeled_persona_019.json
19,TS7,0,human,True,false,0.0,6.0,3.0,2.0,4,3,5,2,6,18,woman,British,graduate_student,4,3,4,2,intuitive,low,1,4,4,2,7,truth_source_unlabeled_persona_019.json
20,TS7,0,human,True,false,0.0,4.0,3.0,2.0,5,3,6,4,5,25,prefer_not_to_say,German,graduate_student,7,3,3,7,mixed,high,4,7,5,3,7,truth_source_unlabeled_persona_020.json
20,TS40,0,ai,True,true,1.0,6.0,5.0,1.0,5,3,6,4,5,25,prefer_not_to_say,German,graduate_student,7,3,3,7,mixed,high,4,7,5,3,7,truth_source_unlabeled_persona_020.json
20,TS11,0,human,True,true,1.0,4.0,4.0,2.0,5,3,6,4,5,25,prefer_not_to_say,German,graduate_student,7,3,3,7,mixed,high,4,7,5,3,7,truth_source_unlabeled_persona_020.json
20,TS29,0,human,False,false,1.0,7.0,1.0,1.0,5,3,6,4,5,25,prefer_not_to_say,German,graduate_student,7,3,3,7,mixed,high,4,7,5,3,7,truth_source_unlabeled_persona_020.json
20,TS15,0,human,True,true,1.0,6.0,5.0,1.0,5,3,6,4,5,25,prefer_not_to_say,German,graduate_student,7,3,3,7,mixed,high,4,7,5,3,7,truth_source_unlabeled_persona_020.json
21,TS7,0,human,True,false,0.0,5.0,3.0,2.0,2,4,5,3,2,22,nonbinary,US,vocational_training,1,6,3,5,mixed,moderate,1,6,1,1,7,truth_source_unlabeled_persona_021.json
21,TS29,0,human,False,false,1.0,6.0,2.0,1.0,2,4,5,3,2,22,nonbinary,US,vocational_training,1,6,3,5,mixed,moderate,1,6,1,1,7,truth_source_unlabeled_persona_021.json
21,TS15,0,human,True,true,1.0,6.0,5.0,3.0,2,4,5,3,2,22,nonbinary,US,vocational_training,1,6,3,5,mixed,moderate,1,6,1,1,7,truth_source_unlabeled_persona_021.json
21,TS40,0,ai,True,true,1.0,6.0,5.0,3.0,2,4,5,3,2,22,nonbinary,US,vocational_training,1,6,3,5,mixed,moderate,1,6,1,1,7,truth_source_unlabeled_persona_021.json
21,TS11,0,human,True,true,1.0,4.0,4.0,2.0,2,4,5,3,2,22,nonbinary,US,vocational_training,1,6,3,5,mixed,moderate,1,6,1,1,7,truth_source_unlabeled_persona_021.json
22,TS7,0,human,True,false,0.0,6.0,4.0,2.0,5,4,3,5,4,23,man,Dutch,some_college,5,1,5,2,mixed,moderate,5,7,4,5,6,truth_source_unlabeled_persona_022.json
22,TS29,0,human,False,false,1.0,7.0,3.0,2.0,5,4,3,5,4,23,man,Dutch,some_college,5,1,5,2,mixed,moderate,5,7,4,5,6,truth_source_unlabeled_persona_022.json
22,TS57,0,ai,True,true,1.0,6.0,6.0,1.0,5,4,3,5,4,23,man,Dutch,some_college,5,1,5,2,mixed,moderate,5,7,4,5,6,truth_source_unlabeled_persona_022.json
22,TS11,0,human,True,unsure,,5.0,4.0,3.0,5,4,3,5,4,23,man,Dutch,some_college,5,1,5,2,mixed,moderate,5,7,4,5,6,truth_source_unlabeled_persona_022.json
22,TS23,0,human,False,unsure,,5.0,4.0,2.0,5,4,3,5,4,23,man,Dutch,some_college,5,1,5,2,mixed,moderate,5,7,4,5,6,truth_source_unlabeled_persona_022.json
23,TS4,0,human,True,true,1.0,5.0,4.0,2.0,2,4,5,3,3,22,woman,British,vocational_training,2,7,1,3,mixed,low,4,4,2,5,5,truth_source_unlabeled_persona_023.json
23,TS73,0,ai,False,false,1.0,2.0,3.0,6.0,2,4,5,3,3,22,woman,British,vocational_training,2,7,1,3,mixed,low,4,4,2,5,5,truth_source_unlabeled_persona_023.json
23,TS15,0,human,True,true,1.0,6.0,5.0,4.0,2,4,5,3,3,22,woman,British,vocational_training,2,7,1,3,mixed,low,4,4,2,5,5,truth_source_unlabeled_persona_023.json
23,TS52,0,ai,True,true,1.0,6.0,6.0,4.0,2,4,5,3,3,22,woman,British,vocational_training,2,7,1,3,mixed,low,4,4,2,5,5,truth_source_unlabeled_persona_023.json
23,TS7,0,human,True,false,0.0,2.0,3.0,6.0,2,4,5,3,3,22,woman,British,vocational_training,2,7,1,3,mixed,low,4,4,2,5,5,truth_source_unlabeled_persona_023.json
24,TS15,0,human,True,true,1.0,6.0,5.0,2.0,4,3,5,6,2,18,nonbinary,Australian,high_school_or_equivalent,7,1,4,4,intuitive,low,4,6,6,1,5,truth_source_unlabeled_persona_024.json
24,TS7,0,human,True,false,0.0,4.0,4.0,3.0,4,3,5,6,2,18,nonbinary,Australian,high_school_or_equivalent,7,1,4,4,intuitive,low,4,6,6,1,5,truth_source_unlabeled_persona_024.json
24,TS29,0,human,False,false,1.0,7.0,2.0,6.0,4,3,5,6,2,18,nonbinary,Australian,high_school_or_equivalent,7,1,4,4,intuitive,low,4,6,6,1,5,truth_source_unlabeled_persona_024.json
24,TS52,0,ai,True,true,1.0,6.0,6.0,2.0,4,3,5,6,2,18,nonbinary,Australian,high_school_or_equivalent,7,1,4,4,intuitive,low,4,6,6,1,5,truth_source_unlabeled_persona_024.json
24,TS4,0,human,True,true,1.0,6.0,5.0,2.0,4,3,5,6,2,18,nonbinary,Australian,high_school_or_equivalent,7,1,4,4,intuitive,low,4,6,6,1,5,truth_source_unlabeled_persona_024.json
25,TS15,0,human,True,true,1.0,5.0,6.0,2.0,6,4,5,3,5,18,man,Australian,bachelors_degree,6,4,6,6,mixed,low,1,6,5,6,7,truth_source_unlabeled_persona_025.json
25,TS7,0,human,True,false,0.0,4.0,3.0,5.0,6,4,5,3,5,18,man,Australian,bachelors_degree,6,4,6,6,mixed,low,1,6,5,6,7,truth_source_unlabeled_persona_025.json
25,TS73,0,ai,False,false,1.0,7.0,2.0,1.0,6,4,5,3,5,18,man,Australian,bachelors_degree,6,4,6,6,mixed,low,1,6,5,6,7,truth_source_unlabeled_persona_025.json
25,TS52,0,ai,True,true,1.0,6.0,5.0,3.0,6,4,5,3,5,18,man,Australian,bachelors_degree,6,4,6,6,mixed,low,1,6,5,6,7,truth_source_unlabeled_persona_025.json
25,TS12,0,human,True,true,1.0,5.0,6.0,4.0,6,4,5,3,5,18,man,Australian,bachelors_degree,6,4,6,6,mixed,low,1,6,5,6,7,truth_source_unlabeled_persona_025.json
26,TS52,0,ai,True,true,1.0,4.0,5.0,2.0,3,2,5,4,3,21,man,Dutch,graduate_student,3,2,1,1,mixed,moderate,2,4,3,6,7,truth_source_unlabeled_persona_026.json
26,TS15,0,human,True,true,1.0,6.0,6.0,4.0,3,2,5,4,3,21,man,Dutch,graduate_student,3,2,1,1,mixed,moderate,2,4,3,6,7,truth_source_unlabeled_persona_026.json
26,TS27,0,human,False,false,1.0,4.0,3.0,2.0,3,2,5,4,3,21,man,Dutch,graduate_student,3,2,1,1,mixed,moderate,2,4,3,6,7,truth_source_unlabeled_persona_026.json
26,TS29,0,human,False,false,1.0,6.0,2.0,2.0,3,2,5,4,3,21,man,Dutch,graduate_student,3,2,1,1,mixed,moderate,2,4,3,6,7,truth_source_unlabeled_persona_026.json
26,TS12,0,human,True,true,1.0,5.0,4.0,3.0,3,2,5,4,3,21,man,Dutch,graduate_student,3,2,1,1,mixed,moderate,2,4,3,6,7,truth_source_unlabeled_persona_026.json
27,TS12,0,human,True,unsure,,4.0,5.0,3.0,4,5,6,3,4,18,man,German,vocational_training,7,4,2,5,intuitive,moderate,4,7,7,4,3,truth_source_unlabeled_persona_027.json
27,TS7,0,human,True,unsure,,5.0,4.0,2.0,4,5,6,3,4,18,man,German,vocational_training,7,4,2,5,intuitive,moderate,4,7,7,4,3,truth_source_unlabeled_persona_027.json
27,TS52,0,ai,True,true,1.0,6.0,7.0,1.0,4,5,6,3,4,18,man,German,vocational_training,7,4,2,5,intuitive,moderate,4,7,7,4,3,truth_source_unlabeled_persona_027.json
27,TS15,0,human,True,true,1.0,6.0,6.0,1.0,4,5,6,3,4,18,man,German,vocational_training,7,4,2,5,intuitive,moderate,4,7,7,4,3,truth_source_unlabeled_persona_027.json
27,TS29,0,human,False,false,1.0,6.0,4.0,2.0,4,5,6,3,4,18,man,German,vocational_training,7,4,2,5,intuitive,moderate,4,7,7,4,3,truth_source_unlabeled_persona_027.json
28,TS29,0,human,False,false,1.0,6.0,2.0,2.0,3,2,5,4,3,23,man,Canadian,some_college,3,1,2,5,mixed,moderate,5,7,2,4,4,truth_source_unlabeled_persona_028.json
28,TS7,0,human,True,false,0.0,6.0,5.0,2.0,3,2,5,4,3,23,man,Canadian,some_college,3,1,2,5,mixed,moderate,5,7,2,4,4,truth_source_unlabeled_persona_028.json
28,TS57,0,ai,True,true,1.0,5.0,6.0,3.0,3,2,5,4,3,23,man,Canadian,some_college,3,1,2,5,mixed,moderate,5,7,2,4,4,truth_source_unlabeled_persona_028.json
28,TS12,0,human,True,unsure,,4.0,4.0,3.0,3,2,5,4,3,23,man,Canadian,some_college,3,1,2,5,mixed,moderate,5,7,2,4,4,truth_source_unlabeled_persona_028.json
28,TS52,0,ai,True,true,1.0,6.0,7.0,1.0,3,2,5,4,3,23,man,Canadian,some_college,3,1,2,5,mixed,moderate,5,7,2,4,4,truth_source_unlabeled_persona_028.json
29,TS57,0,ai,True,true,1.0,6.0,5.0,2.0,5,3,4,6,5,21,woman,British,graduate_student,5,3,2,7,mixed,low,6,3,3,4,2,truth_source_unlabeled_persona_029.json
29,TS7,0,human,True,false,0.0,5.0,3.0,4.0,5,3,4,6,5,21,woman,British,graduate_student,5,3,2,7,mixed,low,6,3,3,4,2,truth_source_unlabeled_persona_029.json
29,TS12,0,human,True,false,0.0,4.0,5.0,3.0,5,3,4,6,5,21,woman,British,graduate_student,5,3,2,7,mixed,low,6,3,3,4,2,truth_source_unlabeled_persona_029.json
29,TS52,0,ai,True,true,1.0,6.0,6.0,2.0,5,3,4,6,5,21,woman,British,graduate_student,5,3,2,7,mixed,low,6,3,3,4,2,truth_source_unlabeled_persona_029.json
29,TS73,0,ai,False,false,1.0,3.0,4.0,5.0,5,3,4,6,5,21,woman,British,graduate_student,5,3,2,7,mixed,low,6,3,3,4,2,truth_source_unlabeled_persona_029.json
30,TS57,0,ai,True,true,1.0,6.0,5.0,2.0,6,2,5,4,3,24,nonbinary,Australian,high_school_or_equivalent,6,2,7,7,analytical,high,7,6,3,4,7,truth_source_unlabeled_persona_030.json
30,TS29,0,human,False,false,1.0,7.0,1.0,7.0,6,2,5,4,3,24,nonbinary,Australian,high_school_or_equivalent,6,2,7,7,analytical,high,7,6,3,4,7,truth_source_unlabeled_persona_030.json
30,TS12,0,human,True,true,1.0,5.0,4.0,3.0,6,2,5,4,3,24,nonbinary,Australian,high_school_or_equivalent,6,2,7,7,analytical,high,7,6,3,4,7,truth_source_unlabeled_persona_030.json
30,TS52,0,ai,True,true,1.0,6.0,6.0,2.0,6,2,5,4,3,24,nonbinary,Australian,high_school_or_equivalent,6,2,7,7,analytical,high,7,6,3,4,7,truth_source_unlabeled_persona_030.json
30,TS7,0,human,True,false,0.0,7.0,2.0,1.0,6,2,5,4,3,24,nonbinary,Australian,high_school_or_equivalent,6,2,7,7,analytical,high,7,6,3,4,7,truth_source_unlabeled_persona_030.json
31,TS15,0,human,True,true,1.0,5.0,6.0,2.0,5,6,4,5,6,19,prefer_not_to_say,Dutch,vocational_training,4,5,5,5,mixed,high,6,4,7,6,5,truth_source_unlabeled_persona_031.json
31,TS12,0,human,True,false,0.0,4.0,5.0,3.0,5,6,4,5,6,19,prefer_not_to_say,Dutch,vocational_training,4,5,5,5,mixed,high,6,4,7,6,5,truth_source_unlabeled_persona_031.json
31,TS29,0,human,False,false,1.0,7.0,3.0,2.0,5,6,4,5,6,19,prefer_not_to_say,Dutch,vocational_training,4,5,5,5,mixed,high,6,4,7,6,5,truth_source_unlabeled_persona_031.json
31,TS52,0,ai,True,true,1.0,6.0,7.0,1.0,5,6,4,5,6,19,prefer_not_to_say,Dutch,vocational_training,4,5,5,5,mixed,high,6,4,7,6,5,truth_source_unlabeled_persona_031.json
31,TS7,0,human,True,false,0.0,6.0,5.0,2.0,5,6,4,5,6,19,prefer_not_to_say,Dutch,vocational_training,4,5,5,5,mixed,high,6,4,7,6,5,truth_source_unlabeled_persona_031.json
32,TS12,0,human,True,true,1.0,4.0,3.0,2.0,5,2,4,3,4,23,man,US,graduate_student,3,6,2,4,intuitive,moderate,4,5,6,5,3,truth_source_unlabeled_persona_032.json
32,TS73,0,ai,False,false,1.0,1.0,2.0,5.0,5,2,4,3,4,23,man,US,graduate_student,3,6,2,4,intuitive,moderate,4,5,6,5,3,truth_source_unlabeled_persona_032.json
32,TS27,0,human,False,false,1.0,6.0,5.0,3.0,5,2,4,3,4,23,man,US,graduate_student,3,6,2,4,intuitive,moderate,4,5,6,5,3,truth_source_unlabeled_persona_032.json
32,TS15,0,human,True,true,1.0,6.0,5.0,2.0,5,2,4,3,4,23,man,US,graduate_student,3,6,2,4,intuitive,moderate,4,5,6,5,3,truth_source_unlabeled_persona_032.json
32,TS23,0,human,False,false,1.0,5.0,4.0,3.0,5,2,4,3,4,23,man,US,graduate_student,3,6,2,4,intuitive,moderate,4,5,6,5,3,truth_source_unlabeled_persona_032.json
33,TS57,0,ai,True,true,1.0,4.0,5.0,3.0,4,2,5,3,4,18,woman,US,bachelors_degree,7,2,3,7,mixed,moderate,6,4,1,5,7,truth_source_unlabeled_persona_033.json
33,TS26,0,human,False,false,1.0,1.0,2.0,5.0,4,2,5,3,4,18,woman,US,bachelors_degree,7,2,3,7,mixed,moderate,6,4,1,5,7,truth_source_unlabeled_persona_033.json
33,TS73,0,ai,False,false,1.0,2.0,3.0,4.0,4,2,5,3,4,18,woman,US,bachelors_degree,7,2,3,7,mixed,moderate,6,4,1,5,7,truth_source_unlabeled_persona_033.json
33,TS12,0,human,True,true,1.0,4.0,5.0,3.0,4,2,5,3,4,18,woman,US,bachelors_degree,7,2,3,7,mixed,moderate,6,4,1,5,7,truth_source_unlabeled_persona_033.json
33,TS52,0,ai,True,true,1.0,6.0,6.0,2.0,4,2,5,3,4,18,woman,US,bachelors_degree,7,2,3,7,mixed,moderate,6,4,1,5,7,truth_source_unlabeled_persona_033.json
34,TS7,0,human,True,false,0.0,5.0,3.0,2.0,3,5,6,4,2,22,prefer_not_to_say,US,undergraduate,3,5,5,3,analytical,high,4,5,4,6,3,truth_source_unlabeled_persona_034.json
34,TS15,0,human,True,true,1.0,6.0,4.0,5.0,3,5,6,4,2,22,prefer_not_to_say,US,undergraduate,3,5,5,3,analytical,high,4,5,4,6,3,truth_source_unlabeled_persona_034.json
34,TS12,0,human,True,true,1.0,5.0,5.0,4.0,3,5,6,4,2,22,prefer_not_to_say,US,undergraduate,3,5,5,3,analytical,high,4,5,4,6,3,truth_source_unlabeled_persona_034.json
34,TS52,0,ai,True,true,1.0,6.0,6.0,1.0,3,5,6,4,2,22,prefer_not_to_say,US,undergraduate,3,5,5,3,analytical,high,4,5,4,6,3,truth_source_unlabeled_persona_034.json
34,TS29,0,human,False,false,1.0,7.0,2.0,2.0,3,5,6,4,2,22,prefer_not_to_say,US,undergraduate,3,5,5,3,analytical,high,4,5,4,6,3,truth_source_unlabeled_persona_034.json
35,TS23,0,human,False,false,1.0,4.0,3.0,2.0,4,5,6,5,4,18,nonbinary,US,some_college,4,7,1,6,mixed,moderate,4,4,6,4,5,truth_source_unlabeled_persona_035.json
35,TS15,0,human,True,true,1.0,6.0,6.0,5.0,4,5,6,5,4,18,nonbinary,US,some_college,4,7,1,6,mixed,moderate,4,4,6,4,5,truth_source_unlabeled_persona_035.json
35,TS29,0,human,False,false,1.0,7.0,2.0,1.0,4,5,6,5,4,18,nonbinary,US,some_college,4,7,1,6,mixed,moderate,4,4,6,4,5,truth_source_unlabeled_persona_035.json
35,TS12,0,human,True,false,0.0,4.0,2.0,3.0,4,5,6,5,4,18,nonbinary,US,some_college,4,7,1,6,mixed,moderate,4,4,6,4,5,truth_source_unlabeled_persona_035.json
35,TS26,0,human,False,false,1.0,7.0,2.0,1.0,4,5,6,5,4,18,nonbinary,US,some_college,4,7,1,6,mixed,moderate,4,4,6,4,5,truth_source_unlabeled_persona_035.json
36,TS73,0,ai,False,false,1.0,6.0,3.0,2.0,4,3,5,4,5,23,nonbinary,Dutch,high_school_or_equivalent,7,2,3,3,mixed,moderate,6,6,3,4,3,truth_source_unlabeled_persona_036.json
36,TS26,0,human,False,false,1.0,6.0,3.0,2.0,4,3,5,4,5,23,nonbinary,Dutch,high_school_or_equivalent,7,2,3,3,mixed,moderate,6,6,3,4,3,truth_source_unlabeled_persona_036.json
36,TS15,0,human,True,true,1.0,5.0,6.0,4.0,4,3,5,4,5,23,nonbinary,Dutch,high_school_or_equivalent,7,2,3,3,mixed,moderate,6,6,3,4,3,truth_source_unlabeled_persona_036.json
36,TS12,0,human,True,true,1.0,5.0,6.0,4.0,4,3,5,4,5,23,nonbinary,Dutch,high_school_or_equivalent,7,2,3,3,mixed,moderate,6,6,3,4,3,truth_source_unlabeled_persona_036.json
36,TS52,0,ai,True,true,1.0,6.0,5.0,1.0,4,3,5,4,5,23,nonbinary,Dutch,high_school_or_equivalent,7,2,3,3,mixed,moderate,6,6,3,4,3,truth_source_unlabeled_persona_036.json
37,TS29,0,human,False,false,1.0,6.0,2.0,1.0,3,4,5,6,5,18,nonbinary,British,undergraduate,3,4,3,7,mixed,moderate,4,6,2,4,4,truth_source_unlabeled_persona_037.json
37,TS12,0,human,True,true,1.0,5.0,4.0,3.0,3,4,5,6,5,18,nonbinary,British,undergraduate,3,4,3,7,mixed,moderate,4,6,2,4,4,truth_source_unlabeled_persona_037.json
37,TS23,0,human,False,true,0.0,6.0,5.0,2.0,3,4,5,6,5,18,nonbinary,British,undergraduate,3,4,3,7,mixed,moderate,4,6,2,4,4,truth_source_unlabeled_persona_037.json
37,TS26,0,human,False,false,1.0,5.0,2.0,2.0,3,4,5,6,5,18,nonbinary,British,undergraduate,3,4,3,7,mixed,moderate,4,6,2,4,4,truth_source_unlabeled_persona_037.json
37,TS15,0,human,True,true,1.0,6.0,5.0,1.0,3,4,5,6,5,18,nonbinary,British,undergraduate,3,4,3,7,mixed,moderate,4,6,2,4,4,truth_source_unlabeled_persona_037.json
38,TS12,0,human,True,true,1.0,4.0,5.0,3.0,6,4,5,3,2,24,nonbinary,Dutch,bachelors_degree,6,1,7,6,intuitive,moderate,6,3,2,1,1,truth_source_unlabeled_persona_038.json
38,TS57,0,ai,True,true,1.0,6.0,6.0,2.0,6,4,5,3,2,24,nonbinary,Dutch,bachelors_degree,6,1,7,6,intuitive,moderate,6,3,2,1,1,truth_source_unlabeled_persona_038.json
38,TS29,0,human,False,false,1.0,6.0,1.0,2.0,6,4,5,3,2,24,nonbinary,Dutch,bachelors_degree,6,1,7,6,intuitive,moderate,6,3,2,1,1,truth_source_unlabeled_persona_038.json
38,TS23,0,human,False,true,0.0,5.0,6.0,2.0,6,4,5,3,2,24,nonbinary,Dutch,bachelors_degree,6,1,7,6,intuitive,moderate,6,3,2,1,1,truth_source_unlabeled_persona_038.json
38,TS7,0,human,True,false,0.0,6.0,4.0,2.0,6,4,5,3,2,24,nonbinary,Dutch,bachelors_degree,6,1,7,6,intuitive,moderate,6,3,2,1,1,truth_source_unlabeled_persona_038.json
39,TS52,0,ai,True,true,1.0,5.0,6.0,2.0,3,5,4,2,6,22,woman,British,vocational_training,3,7,5,6,mixed,moderate,7,2,2,4,5,truth_source_unlabeled_persona_039.json
39,TS7,0,human,True,false,0.0,5.0,3.0,2.0,3,5,4,2,6,22,woman,British,vocational_training,3,7,5,6,mixed,moderate,7,2,2,4,5,truth_source_unlabeled_persona_039.json
39,TS29,0,human,False,false,1.0,6.0,2.0,1.0,3,5,4,2,6,22,woman,British,vocational_training,3,7,5,6,mixed,moderate,7,2,2,4,5,truth_source_unlabeled_persona_039.json
39,TS22,0,human,False,false,1.0,6.0,3.0,2.0,3,5,4,2,6,22,woman,British,vocational_training,3,7,5,6,mixed,moderate,7,2,2,4,5,truth_source_unlabeled_persona_039.json
39,TS12,0,human,True,true,1.0,5.0,6.0,3.0,3,5,4,2,6,22,woman,British,vocational_training,3,7,5,6,mixed,moderate,7,2,2,4,5,truth_source_unlabeled_persona_039.json
40,TS16,0,human,True,true,1.0,4.0,5.0,3.0,3,4,5,2,3,18,man,US,vocational_training,3,7,2,5,intuitive,moderate,4,7,6,2,2,truth_source_unlabeled_persona_040.json
40,TS29,0,human,False,false,1.0,6.0,1.0,2.0,3,4,5,2,3,18,man,US,vocational_training,3,7,2,5,intuitive,moderate,4,7,6,2,2,truth_source_unlabeled_persona_040.json
40,TS52,0,ai,True,true,1.0,6.0,7.0,1.0,3,4,5,2,3,18,man,US,vocational_training,3,7,2,5,intuitive,moderate,4,7,6,2,2,truth_source_unlabeled_persona_040.json
40,TS12,0,human,True,false,0.0,5.0,4.0,3.0,3,4,5,2,3,18,man,US,vocational_training,3,7,2,5,intuitive,moderate,4,7,6,2,2,truth_source_unlabeled_persona_040.json
40,TS15,0,human,True,true,1.0,6.0,6.0,1.0,3,4,5,2,3,18,man,US,vocational_training,3,7,2,5,intuitive,moderate,4,7,6,2,2,truth_source_unlabeled_persona_040.json
41,TS7,0,human,True,false,0.0,6.0,2.0,2.0,2,3,5,4,6,23,woman,Australian,high_school_or_equivalent,1,4,7,6,intuitive,high,1,7,4,6,3,truth_source_unlabeled_persona_041.json
41,TS29,0,human,False,false,1.0,7.0,1.0,1.0,2,3,5,4,6,23,woman,Australian,high_school_or_equivalent,1,4,7,6,intuitive,high,1,7,4,6,3,truth_source_unlabeled_persona_041.json
41,TS58,0,ai,True,true,1.0,6.0,5.0,2.0,2,3,5,4,6,23,woman,Australian,high_school_or_equivalent,1,4,7,6,intuitive,high,1,7,4,6,3,truth_source_unlabeled_persona_041.json
41,TS52,0,ai,True,true,1.0,6.0,6.0,3.0,2,3,5,4,6,23,woman,Australian,high_school_or_equivalent,1,4,7,6,intuitive,high,1,7,4,6,3,truth_source_unlabeled_persona_041.json
41,TS15,0,human,True,true,1.0,7.0,6.0,1.0,2,3,5,4,6,23,woman,Australian,high_school_or_equivalent,1,4,7,6,intuitive,high,1,7,4,6,3,truth_source_unlabeled_persona_041.json
42,TS7,0,human,True,false,0.0,5.0,4.0,2.0,2,3,5,4,6,23,woman,US,undergraduate,2,3,3,7,intuitive,high,1,7,5,1,4,truth_source_unlabeled_persona_042.json
42,TS15,0,human,True,true,1.0,6.0,6.0,4.0,2,3,5,4,6,23,woman,US,undergraduate,2,3,3,7,intuitive,high,1,7,5,1,4,truth_source_unlabeled_persona_042.json
42,TS29,0,human,False,false,1.0,7.0,2.0,1.0,2,3,5,4,6,23,woman,US,undergraduate,2,3,3,7,intuitive,high,1,7,5,1,4,truth_source_unlabeled_persona_042.json
42,TS10,0,human,True,true,1.0,6.0,5.0,3.0,2,3,5,4,6,23,woman,US,undergraduate,2,3,3,7,intuitive,high,1,7,5,1,4,truth_source_unlabeled_persona_042.json
42,TS12,0,human,True,true,1.0,5.0,3.0,4.0,2,3,5,4,6,23,woman,US,undergraduate,2,3,3,7,intuitive,high,1,7,5,1,4,truth_source_unlabeled_persona_042.json
43,TS73,0,ai,False,false,1.0,6.0,2.0,2.0,4,5,6,5,4,22,man,Dutch,bachelors_degree,4,4,3,4,mixed,high,4,4,7,3,4,truth_source_unlabeled_persona_043.json
43,TS12,0,human,True,true,1.0,5.0,5.0,4.0,4,5,6,5,4,22,man,Dutch,bachelors_degree,4,4,3,4,mixed,high,4,4,7,3,4,truth_source_unlabeled_persona_043.json
43,TS23,0,human,False,false,1.0,5.0,4.0,3.0,4,5,6,5,4,22,man,Dutch,bachelors_degree,4,4,3,4,mixed,high,4,4,7,3,4,truth_source_unlabeled_persona_043.json
43,TS15,0,human,True,true,1.0,6.0,6.0,1.0,4,5,6,5,4,22,man,Dutch,bachelors_degree,4,4,3,4,mixed,high,4,4,7,3,4,truth_source_unlabeled_persona_043.json
43,TS26,0,human,False,false,1.0,7.0,1.0,1.0,4,5,6,5,4,22,man,Dutch,bachelors_degree,4,4,3,4,mixed,high,4,4,7,3,4,truth_source_unlabeled_persona_043.json
44,TS12,0,human,True,unsure,,4.0,5.0,3.0,3,4,5,2,3,21,nonbinary,Dutch,undergraduate,1,3,7,4,mixed,moderate,3,3,6,3,7,truth_source_unlabeled_persona_044.json
44,TS52,0,ai,True,true,1.0,6.0,6.0,2.0,3,4,5,2,3,21,nonbinary,Dutch,undergraduate,1,3,7,4,mixed,moderate,3,3,6,3,7,truth_source_unlabeled_persona_044.json
44,TS15,0,human,True,true,1.0,5.0,6.0,4.0,3,4,5,2,3,21,nonbinary,Dutch,undergraduate,1,3,7,4,mixed,moderate,3,3,6,3,7,truth_source_unlabeled_persona_044.json
44,TS29,0,human,False,false,1.0,7.0,1.0,1.0,3,4,5,2,3,21,nonbinary,Dutch,undergraduate,1,3,7,4,mixed,moderate,3,3,6,3,7,truth_source_unlabeled_persona_044.json
44,TS26,0,human,False,false,1.0,7.0,1.0,1.0,3,4,5,2,3,21,nonbinary,Dutch,undergraduate,1,3,7,4,mixed,moderate,3,3,6,3,7,truth_source_unlabeled_persona_044.json
45,TS4,0,human,True,true,1.0,5.0,6.0,4.0,2,4,6,5,3,23,man,German,bachelors_degree,2,7,1,5,analytical,high,1,1,4,5,5,truth_source_unlabeled_persona_045.json
45,TS52,0,ai,True,true,1.0,6.0,6.0,2.0,2,4,6,5,3,23,man,German,bachelors_degree,2,7,1,5,analytical,high,1,1,4,5,5,truth_source_unlabeled_persona_045.json
45,TS29,0,human,False,false,1.0,6.0,2.0,2.0,2,4,6,5,3,23,man,German,bachelors_degree,2,7,1,5,analytical,high,1,1,4,5,5,truth_source_unlabeled_persona_045.json
45,TS26,0,human,False,false,1.0,6.0,3.0,2.0,2,4,6,5,3,23,man,German,bachelors_degree,2,7,1,5,analytical,high,1,1,4,5,5,truth_source_unlabeled_persona_045.json
45,TS15,0,human,True,true,1.0,6.0,5.0,1.0,2,4,6,5,3,23,man,German,bachelors_degree,2,7,1,5,analytical,high,1,1,4,5,5,truth_source_unlabeled_persona_045.json
46,TS15,0,human,True,true,1.0,4.0,5.0,2.0,6,3,5,4,2,22,prefer_not_to_say,Canadian,some_college,6,3,4,7,analytical,moderate,5,3,5,4,2,truth_source_unlabeled_persona_046.json
46,TS52,0,ai,True,true,1.0,6.0,6.0,5.0,6,3,5,4,2,22,prefer_not_to_say,Canadian,some_college,6,3,4,7,analytical,moderate,5,3,5,4,2,truth_source_unlabeled_persona_046.json
46,TS26,0,human,False,false,1.0,4.0,2.0,3.0,6,3,5,4,2,22,prefer_not_to_say,Canadian,some_college,6,3,4,7,analytical,moderate,5,3,5,4,2,truth_source_unlabeled_persona_046.json
46,TS4,0,human,True,true,1.0,6.0,5.0,2.0,6,3,5,4,2,22,prefer_not_to_say,Canadian,some_college,6,3,4,7,analytical,moderate,5,3,5,4,2,truth_source_unlabeled_persona_046.json
46,TS73,0,ai,False,false,1.0,6.0,2.0,5.0,6,3,5,4,2,22,prefer_not_to_say,Canadian,some_college,6,3,4,7,analytical,moderate,5,3,5,4,2,truth_source_unlabeled_persona_046.json
47,TS52,0,ai,True,true,1.0,5.0,6.0,2.0,7,2,3,5,4,20,nonbinary,Australian,undergraduate,7,2,6,5,intuitive,low,5,6,1,4,1,truth_source_unlabeled_persona_047.json
47,TS4,0,human,True,true,1.0,6.0,5.0,4.0,7,2,3,5,4,20,nonbinary,Australian,undergraduate,7,2,6,5,intuitive,low,5,6,1,4,1,truth_source_unlabeled_persona_047.json
47,TS15,0,human,True,true,1.0,6.0,6.0,1.0,7,2,3,5,4,20,nonbinary,Australian,undergraduate,7,2,6,5,intuitive,low,5,6,1,4,1,truth_source_unlabeled_persona_047.json
47,TS67,0,ai,False,false,1.0,6.0,2.0,1.0,7,2,3,5,4,20,nonbinary,Australian,undergraduate,7,2,6,5,intuitive,low,5,6,1,4,1,truth_source_unlabeled_persona_047.json
47,TS26,0,human,False,false,1.0,6.0,2.0,1.0,7,2,3,5,4,20,nonbinary,Australian,undergraduate,7,2,6,5,intuitive,low,5,6,1,4,1,truth_source_unlabeled_persona_047.json
48,TS12,0,human,True,unsure,,4.0,2.0,3.0,5,4,6,5,3,18,woman,British,bachelors_degree,5,4,5,1,analytical,moderate,7,1,2,5,1,truth_source_unlabeled_persona_048.json
48,TS73,0,ai,False,false,1.0,6.0,4.0,2.0,5,4,6,5,3,18,woman,British,bachelors_degree,5,4,5,1,analytical,moderate,7,1,2,5,1,truth_source_unlabeled_persona_048.json
48,TS23,0,human,False,true,0.0,6.0,5.0,1.0,5,4,6,5,3,18,woman,British,bachelors_degree,5,4,5,1,analytical,moderate,7,1,2,5,1,truth_source_unlabeled_persona_048.json
48,TS26,0,human,False,false,1.0,6.0,3.0,2.0,5,4,6,5,3,18,woman,British,bachelors_degree,5,4,5,1,analytical,moderate,7,1,2,5,1,truth_source_unlabeled_persona_048.json
48,TS57,0,ai,True,true,1.0,6.0,6.0,1.0,5,4,6,5,3,18,woman,British,bachelors_degree,5,4,5,1,analytical,moderate,7,1,2,5,1,truth_source_unlabeled_persona_048.json
49,TS15,0,human,True,true,1.0,5.0,4.0,2.0,7,4,6,5,3,22,prefer_not_to_say,German,some_college,7,4,4,5,mixed,high,1,3,7,7,3,truth_source_unlabeled_persona_049.json
49,TS52,0,ai,True,true,1.0,6.0,5.0,1.0,7,4,6,5,3,22,prefer_not_to_say,German,some_college,7,4,4,5,mixed,high,1,3,7,7,3,truth_source_unlabeled_persona_049.json
49,TS73,0,ai,False,false,1.0,6.0,2.0,3.0,7,4,6,5,3,22,prefer_not_to_say,German,some_college,7,4,4,5,mixed,high,1,3,7,7,3,truth_source_unlabeled_persona_049.json
49,TS12,0,human,True,true,1.0,4.0,3.0,2.0,7,4,6,5,3,22,prefer_not_to_say,German,some_college,7,4,4,5,mixed,high,1,3,7,7,3,truth_source_unlabeled_persona_049.json
49,TS26,0,human,False,false,1.0,6.0,2.0,1.0,7,4,6,5,3,22,prefer_not_to_say,German,some_college,7,4,4,5,mixed,high,1,3,7,7,3,truth_source_unlabeled_persona_049.json
50,TS26,0,human,False,false,1.0,4.0,2.0,2.0,4,6,5,3,5,18,woman,US,some_college,7,6,3,7,intuitive,moderate,2,5,4,3,5,truth_source_unlabeled_persona_050.json
50,TS67,0,ai,False,false,1.0,5.0,3.0,6.0,4,6,5,3,5,18,woman,US,some_college,7,6,3,7,intuitive,moderate,2,5,4,3,5,truth_source_unlabeled_persona_050.json
50,TS12,0,human,True,true,1.0,4.0,2.0,5.0,4,6,5,3,5,18,woman,US,some_college,7,6,3,7,intuitive,moderate,2,5,4,3,5,truth_source_unlabeled_persona_050.json
50,TS52,0,ai,True,true,1.0,6.0,5.0,4.0,4,6,5,3,5,18,woman,US,some_college,7,6,3,7,intuitive,moderate,2,5,4,3,5,truth_source_unlabeled_persona_050.json
50,TS57,0,ai,True,true,1.0,6.0,5.0,4.0,4,6,5,3,5,18,woman,US,some_college,7,6,3,7,intuitive,moderate,2,5,4,3,5,truth_source_unlabeled_persona_050.json
51,TS73,0,ai,False,false,1.0,5.0,3.0,2.0,3,4,2,5,6,21,woman,US,undergraduate,3,4,7,5,mixed,low,5,3,1,2,7,truth_source_unlabeled_persona_051.json
51,TS12,0,human,True,true,1.0,4.0,6.0,5.0,3,4,2,5,6,21,woman,US,undergraduate,3,4,7,5,mixed,low,5,3,1,2,7,truth_source_unlabeled_persona_051.json
51,TS32,0,human,False,unsure,,4.0,5.0,3.0,3,4,2,5,6,21,woman,US,undergraduate,3,4,7,5,mixed,low,5,3,1,2,7,truth_source_unlabeled_persona_051.json
51,TS16,0,human,True,true,1.0,4.0,5.0,2.0,3,4,2,5,6,21,woman,US,undergraduate,3,4,7,5,mixed,low,5,3,1,2,7,truth_source_unlabeled_persona_051.json
51,TS52,0,ai,True,true,1.0,6.0,6.0,1.0,3,4,2,5,6,21,woman,US,undergraduate,3,4,7,5,mixed,low,5,3,1,2,7,truth_source_unlabeled_persona_051.json
52,TS4,0,human,True,true,1.0,5.0,4.0,2.0,5,4,6,3,5,22,nonbinary,US,undergraduate,5,4,4,5,mixed,high,3,5,1,5,2,truth_source_unlabeled_persona_052.json
52,TS26,0,human,False,false,1.0,5.0,2.0,3.0,5,4,6,3,5,22,nonbinary,US,undergraduate,5,4,4,5,mixed,high,3,5,1,5,2,truth_source_unlabeled_persona_052.json
52,TS57,0,ai,True,true,1.0,6.0,5.0,2.0,5,4,6,3,5,22,nonbinary,US,undergraduate,5,4,4,5,mixed,high,3,5,1,5,2,truth_source_unlabeled_persona_052.json
52,TS73,0,ai,False,false,1.0,6.0,2.0,3.0,5,4,6,3,5,22,nonbinary,US,undergraduate,5,4,4,5,mixed,high,3,5,1,5,2,truth_source_unlabeled_persona_052.json
52,TS52,0,ai,True,true,1.0,6.0,5.0,2.0,5,4,6,3,5,22,nonbinary,US,undergraduate,5,4,4,5,mixed,high,3,5,1,5,2,truth_source_unlabeled_persona_052.json
53,TS57,0,ai,True,true,1.0,6.0,6.0,1.0,2,6,5,4,3,20,prefer_not_to_say,US,undergraduate,2,6,4,5,analytical,moderate,4,5,7,4,4,truth_source_unlabeled_persona_053.json
53,TS12,0,human,True,true,1.0,4.0,5.0,3.0,2,6,5,4,3,20,prefer_not_to_say,US,undergraduate,2,6,4,5,analytical,moderate,4,5,7,4,4,truth_source_unlabeled_persona_053.json
53,TS23,0,human,False,true,0.0,5.0,6.0,2.0,2,6,5,4,3,20,prefer_not_to_say,US,undergraduate,2,6,4,5,analytical,moderate,4,5,7,4,4,truth_source_unlabeled_persona_053.json
53,TS73,0,ai,False,false,1.0,6.0,4.0,2.0,2,6,5,4,3,20,prefer_not_to_say,US,undergraduate,2,6,4,5,analytical,moderate,4,5,7,4,4,truth_source_unlabeled_persona_053.json
53,TS27,0,human,False,false,1.0,6.0,4.0,2.0,2,6,5,4,3,20,prefer_not_to_say,US,undergraduate,2,6,4,5,analytical,moderate,4,5,7,4,4,truth_source_unlabeled_persona_053.json
54,TS26,0,human,False,false,1.0,6.0,3.0,2.0,6,6,5,4,3,25,nonbinary,Canadian,vocational_training,6,6,2,7,analytical,low,4,5,7,7,6,truth_source_unlabeled_persona_054.json
54,TS12,0,human,True,true,1.0,4.0,5.0,3.0,6,6,5,4,3,25,nonbinary,Canadian,vocational_training,6,6,2,7,analytical,low,4,5,7,7,6,truth_source_unlabeled_persona_054.json
54,TS73,0,ai,False,false,1.0,6.0,3.0,2.0,6,6,5,4,3,25,nonbinary,Canadian,vocational_training,6,6,2,7,analytical,low,4,5,7,7,6,truth_source_unlabeled_persona_054.json
54,TS32,0,human,False,false,1.0,5.0,2.0,4.0,6,6,5,4,3,25,nonbinary,Canadian,vocational_training,6,6,2,7,analytical,low,4,5,7,7,6,truth_source_unlabeled_persona_054.json
54,TS23,0,human,False,true,0.0,5.0,4.0,4.0,6,6,5,4,3,25,nonbinary,Canadian,vocational_training,6,6,2,7,analytical,low,4,5,7,7,6,truth_source_unlabeled_persona_054.json
55,TS26,0,human,False,false,1.0,5.0,3.0,2.0,5,2,6,4,3,18,nonbinary,Canadian,some_college,5,2,4,3,mixed,low,2,6,4,3,7,truth_source_unlabeled_persona_055.json
55,TS57,0,ai,True,true,1.0,6.0,5.0,1.0,5,2,6,4,3,18,nonbinary,Canadian,some_college,5,2,4,3,mixed,low,2,6,4,3,7,truth_source_unlabeled_persona_055.json
55,TS73,0,ai,False,false,1.0,7.0,2.0,1.0,5,2,6,4,3,18,nonbinary,Canadian,some_college,5,2,4,3,mixed,low,2,6,4,3,7,truth_source_unlabeled_persona_055.json
55,TS23,0,human,False,false,1.0,5.0,3.0,2.0,5,2,6,4,3,18,nonbinary,Canadian,some_college,5,2,4,3,mixed,low,2,6,4,3,7,truth_source_unlabeled_persona_055.json
55,TS4,0,human,True,true,1.0,6.0,5.0,1.0,5,2,6,4,3,18,nonbinary,Canadian,some_college,5,2,4,3,mixed,low,2,6,4,3,7,truth_source_unlabeled_persona_055.json
56,TS4,0,human,True,true,1.0,4.0,5.0,2.0,3,5,6,4,5,25,man,Dutch,undergraduate,3,7,4,5,mixed,high,1,3,1,3,4,truth_source_unlabeled_persona_056.json
56,TS23,0,human,False,true,0.0,6.0,6.0,2.0,3,5,6,4,5,25,man,Dutch,undergraduate,3,7,4,5,mixed,high,1,3,1,3,4,truth_source_unlabeled_persona_056.json
56,TS26,0,human,False,false,1.0,1.0,2.0,3.0,3,5,6,4,5,25,man,Dutch,undergraduate,3,7,4,5,mixed,high,1,3,1,3,4,truth_source_unlabeled_persona_056.json
56,TS32,0,human,False,false,1.0,3.0,4.0,4.0,3,5,6,4,5,25,man,Dutch,undergraduate,3,7,4,5,mixed,high,1,3,1,3,4,truth_source_unlabeled_persona_056.json
56,TS67,0,ai,False,false,1.0,7.0,1.0,1.0,3,5,6,4,5,25,man,Dutch,undergraduate,3,7,4,5,mixed,high,1,3,1,3,4,truth_source_unlabeled_persona_056.json
57,TS23,0,human,False,false,1.0,4.0,3.0,2.0,3,3,5,4,2,20,nonbinary,Australian,vocational_training,3,3,3,4,mixed,moderate,4,6,4,2,4,truth_source_unlabeled_persona_057.json
57,TS51,0,ai,True,true,1.0,6.0,5.0,1.0,3,3,5,4,2,20,nonbinary,Australian,vocational_training,3,3,3,4,mixed,moderate,4,6,4,2,4,truth_source_unlabeled_persona_057.json
57,TS4,0,human,True,true,1.0,6.0,5.0,1.0,3,3,5,4,2,20,nonbinary,Australian,vocational_training,3,3,3,4,mixed,moderate,4,6,4,2,4,truth_source_unlabeled_persona_057.json
57,TS26,0,human,False,false,1.0,4.0,3.0,2.0,3,3,5,4,2,20,nonbinary,Australian,vocational_training,3,3,3,4,mixed,moderate,4,6,4,2,4,truth_source_unlabeled_persona_057.json
57,TS57,0,ai,True,true,1.0,6.0,5.0,1.0,3,3,5,4,2,20,nonbinary,Australian,vocational_training,3,3,3,4,mixed,moderate,4,6,4,2,4,truth_source_unlabeled_persona_057.json
58,TS67,0,ai,False,false,1.0,6.0,2.0,2.0,5,4,6,6,5,22,woman,US,vocational_training,4,5,2,7,mixed,high,6,1,7,5,5,truth_source_unlabeled_persona_058.json
58,TS4,0,human,True,true,1.0,5.0,4.0,3.0,5,4,6,6,5,22,woman,US,vocational_training,4,5,2,7,mixed,high,6,1,7,5,5,truth_source_unlabeled_persona_058.json
58,TS57,0,ai,True,true,1.0,6.0,5.0,4.0,5,4,6,6,5,22,woman,US,vocational_training,4,5,2,7,mixed,high,6,1,7,5,5,truth_source_unlabeled_persona_058.json
58,TS23,0,human,False,false,1.0,6.0,3.0,2.0,5,4,6,6,5,22,woman,US,vocational_training,4,5,2,7,mixed,high,6,1,7,5,5,truth_source_unlabeled_persona_058.json
58,TS26,0,human,False,false,1.0,6.0,2.0,1.0,5,4,6,6,5,22,woman,US,vocational_training,4,5,2,7,mixed,high,6,1,7,5,5,truth_source_unlabeled_persona_058.json
59,TS23,0,human,False,false,1.0,4.0,2.0,3.0,4,3,6,5,2,18,woman,British,high_school_or_equivalent,7,4,6,2,mixed,high,3,6,5,2,1,truth_source_unlabeled_persona_059.json
59,TS73,0,ai,False,false,1.0,5.0,1.0,2.0,4,3,6,5,2,18,woman,British,high_school_or_equivalent,7,4,6,2,mixed,high,3,6,5,2,1,truth_source_unlabeled_persona_059.json
59,TS26,0,human,False,false,1.0,5.0,1.0,2.0,4,3,6,5,2,18,woman,British,high_school_or_equivalent,7,4,6,2,mixed,high,3,6,5,2,1,truth_source_unlabeled_persona_059.json
59,TS57,0,ai,True,true,1.0,5.0,6.0,4.0,4,3,6,5,2,18,woman,British,high_school_or_equivalent,7,4,6,2,mixed,high,3,6,5,2,1,truth_source_unlabeled_persona_059.json
59,TS4,0,human,True,true,1.0,6.0,5.0,4.0,4,3,6,5,2,18,woman,British,high_school_or_equivalent,7,4,6,2,mixed,high,3,6,5,2,1,truth_source_unlabeled_persona_059.json
60,TS57,0,ai,True,true,1.0,6.0,6.0,2.0,5,6,4,5,3,20,woman,US,graduate_student,5,6,3,4,intuitive,moderate,5,3,5,6,6,truth_source_unlabeled_persona_060.json
60,TS23,0,human,False,false,1.0,5.0,4.0,2.0,5,6,4,5,3,20,woman,US,graduate_student,5,6,3,4,intuitive,moderate,5,3,5,6,6,truth_source_unlabeled_persona_060.json
60,TS51,0,ai,True,true,1.0,6.0,7.0,1.0,5,6,4,5,3,20,woman,US,graduate_student,5,6,3,4,intuitive,moderate,5,3,5,6,6,truth_source_unlabeled_persona_060.json
60,TS26,0,human,False,false,1.0,7.0,2.0,1.0,5,6,4,5,3,20,woman,US,graduate_student,5,6,3,4,intuitive,moderate,5,3,5,6,6,truth_source_unlabeled_persona_060.json
60,TS59,0,ai,True,true,1.0,6.0,5.0,2.0,5,6,4,5,3,20,woman,US,graduate_student,5,6,3,4,intuitive,moderate,5,3,5,6,6,truth_source_unlabeled_persona_060.json
61,TS26,0,human,False,false,1.0,6.0,2.0,1.0,4,2,6,5,3,21,prefer_not_to_say,British,some_college,4,1,1,2,mixed,moderate,4,4,1,4,6,truth_source_unlabeled_persona_061.json
61,TS73,0,ai,False,false,1.0,7.0,1.0,1.0,4,2,6,5,3,21,prefer_not_to_say,British,some_college,4,1,1,2,mixed,moderate,4,4,1,4,6,truth_source_unlabeled_persona_061.json
61,TS4,0,human,True,true,1.0,6.0,5.0,3.0,4,2,6,5,3,21,prefer_not_to_say,British,some_college,4,1,1,2,mixed,moderate,4,4,1,4,6,truth_source_unlabeled_persona_061.json
61,TS23,0,human,False,false,1.0,5.0,4.0,3.0,4,2,6,5,3,21,prefer_not_to_say,British,some_college,4,1,1,2,mixed,moderate,4,4,1,4,6,truth_source_unlabeled_persona_061.json
61,TS32,0,human,False,false,1.0,4.0,3.0,2.0,4,2,6,5,3,21,prefer_not_to_say,British,some_college,4,1,1,2,mixed,moderate,4,4,1,4,6,truth_source_unlabeled_persona_061.json
62,TS73,0,ai,False,false,1.0,6.0,3.0,2.0,4,4,5,3,5,24,prefer_not_to_say,US,graduate_student,4,4,6,7,mixed,moderate,6,2,5,1,6,truth_source_unlabeled_persona_062.json
62,TS4,0,human,True,true,1.0,6.0,5.0,4.0,4,4,5,3,5,24,prefer_not_to_say,US,graduate_student,4,4,6,7,mixed,moderate,6,2,5,1,6,truth_source_unlabeled_persona_062.json
62,TS26,0,human,False,false,1.0,6.0,3.0,2.0,4,4,5,3,5,24,prefer_not_to_say,US,graduate_student,4,4,6,7,mixed,moderate,6,2,5,1,6,truth_source_unlabeled_persona_062.json
62,TS57,0,ai,True,true,1.0,7.0,6.0,1.0,4,4,5,3,5,24,prefer_not_to_say,US,graduate_student,4,4,6,7,mixed,moderate,6,2,5,1,6,truth_source_unlabeled_persona_062.json
62,TS23,0,human,False,true,0.0,5.0,4.0,3.0,4,4,5,3,5,24,prefer_not_to_say,US,graduate_student,4,4,6,7,mixed,moderate,6,2,5,1,6,truth_source_unlabeled_persona_062.json
63,TS73,0,ai,False,false,1.0,5.0,3.0,2.0,4,3,5,2,4,23,man,US,vocational_training,6,4,3,4,mixed,moderate,3,1,1,4,3,truth_source_unlabeled_persona_063.json
63,TS4,0,human,True,true,1.0,6.0,5.0,1.0,4,3,5,2,4,23,man,US,vocational_training,6,4,3,4,mixed,moderate,3,1,1,4,3,truth_source_unlabeled_persona_063.json
63,TS57,0,ai,True,true,1.0,6.0,5.0,1.0,4,3,5,2,4,23,man,US,vocational_training,6,4,3,4,mixed,moderate,3,1,1,4,3,truth_source_unlabeled_persona_063.json
63,TS23,0,human,False,true,0.0,4.0,4.0,3.0,4,3,5,2,4,23,man,US,vocational_training,6,4,3,4,mixed,moderate,3,1,1,4,3,truth_source_unlabeled_persona_063.json
63,TS16,0,human,True,unsure,,3.0,2.0,4.0,4,3,5,2,4,23,man,US,vocational_training,6,4,3,4,mixed,moderate,3,1,1,4,3,truth_source_unlabeled_persona_063.json
64,TS4,0,human,True,true,1.0,4.0,5.0,2.0,2,4,5,3,5,24,nonbinary,Dutch,some_college,2,4,4,4,analytical,moderate,7,1,7,2,1,truth_source_unlabeled_persona_064.json
64,TS10,0,human,True,true,1.0,6.0,6.0,3.0,2,4,5,3,5,24,nonbinary,Dutch,some_college,2,4,4,4,analytical,moderate,7,1,7,2,1,truth_source_unlabeled_persona_064.json
64,TS67,0,ai,False,false,1.0,6.0,4.0,1.0,2,4,5,3,5,24,nonbinary,Dutch,some_college,2,4,4,4,analytical,moderate,7,1,7,2,1,truth_source_unlabeled_persona_064.json
64,TS32,0,human,False,false,1.0,5.0,3.0,2.0,2,4,5,3,5,24,nonbinary,Dutch,some_college,2,4,4,4,analytical,moderate,7,1,7,2,1,truth_source_unlabeled_persona_064.json
64,TS26,0,human,False,false,1.0,7.0,2.0,1.0,2,4,5,3,5,24,nonbinary,Dutch,some_college,2,4,4,4,analytical,moderate,7,1,7,2,1,truth_source_unlabeled_persona_064.json
65,TS57,0,ai,True,true,1.0,6.0,5.0,3.0,4,5,6,5,3,21,prefer_not_to_say,Canadian,bachelors_degree,4,5,1,3,mixed,moderate,2,4,5,4,5,truth_source_unlabeled_persona_065.json
65,TS23,0,human,False,false,1.0,4.0,3.0,2.0,4,5,6,5,3,21,prefer_not_to_say,Canadian,bachelors_degree,4,5,1,3,mixed,moderate,2,4,5,4,5,truth_source_unlabeled_persona_065.json
65,TS26,0,human,False,false,1.0,6.0,1.0,2.0,4,5,6,5,3,21,prefer_not_to_say,Canadian,bachelors_degree,4,5,1,3,mixed,moderate,2,4,5,4,5,truth_source_unlabeled_persona_065.json
65,TS4,0,human,True,true,1.0,6.0,6.0,5.0,4,5,6,5,3,21,prefer_not_to_say,Canadian,bachelors_degree,4,5,1,3,mixed,moderate,2,4,5,4,5,truth_source_unlabeled_persona_065.json
65,TS73,0,ai,False,false,1.0,6.0,3.0,2.0,4,5,6,5,3,21,prefer_not_to_say,Canadian,bachelors_degree,4,5,1,3,mixed,moderate,2,4,5,4,5,truth_source_unlabeled_persona_065.json
66,TS73,0,ai,False,false,1.0,6.0,4.0,2.0,4,2,6,3,4,21,man,US,high_school_or_equivalent,4,2,4,5,mixed,high,4,7,6,4,7,truth_source_unlabeled_persona_066.json
66,TS26,0,human,False,false,1.0,1.0,1.0,7.0,4,2,6,3,4,21,man,US,high_school_or_equivalent,4,2,4,5,mixed,high,4,7,6,4,7,truth_source_unlabeled_persona_066.json
66,TS4,0,human,True,true,1.0,6.0,5.0,2.0,4,2,6,3,4,21,man,US,high_school_or_equivalent,4,2,4,5,mixed,high,4,7,6,4,7,truth_source_unlabeled_persona_066.json
66,TS57,0,ai,True,true,1.0,6.0,5.0,2.0,4,2,6,3,4,21,man,US,high_school_or_equivalent,4,2,4,5,mixed,high,4,7,6,4,7,truth_source_unlabeled_persona_066.json
66,TS23,0,human,False,true,0.0,5.0,4.0,3.0,4,2,6,3,4,21,man,US,high_school_or_equivalent,4,2,4,5,mixed,high,4,7,6,4,7,truth_source_unlabeled_persona_066.json
67,TS73,0,ai,False,false,1.0,4.0,3.0,2.0,3,5,6,4,3,19,nonbinary,British,high_school_or_equivalent,1,3,4,4,intuitive,moderate,1,4,7,3,7,truth_source_unlabeled_persona_067.json
67,TS23,0,human,False,false,1.0,5.0,6.0,3.0,3,5,6,4,3,19,nonbinary,British,high_school_or_equivalent,1,3,4,4,intuitive,moderate,1,4,7,3,7,truth_source_unlabeled_persona_067.json
67,TS26,0,human,False,false,1.0,5.0,2.0,1.0,3,5,6,4,3,19,nonbinary,British,high_school_or_equivalent,1,3,4,4,intuitive,moderate,1,4,7,3,7,truth_source_unlabeled_persona_067.json
67,TS4,0,human,True,true,1.0,6.0,5.0,4.0,3,5,6,4,3,19,nonbinary,British,high_school_or_equivalent,1,3,4,4,intuitive,moderate,1,4,7,3,7,truth_source_unlabeled_persona_067.json
67,TS57,0,ai,True,true,1.0,5.0,4.0,3.0,3,5,6,4,3,19,nonbinary,British,high_school_or_equivalent,1,3,4,4,intuitive,moderate,1,4,7,3,7,truth_source_unlabeled_persona_067.json
68,TS73,0,ai,False,false,1.0,6.0,2.0,1.0,4,4,5,6,2,19,woman,US,bachelors_degree,4,4,5,1,mixed,high,4,4,4,4,5,truth_source_unlabeled_persona_068.json
68,TS23,0,human,False,false,1.0,6.0,5.0,1.0,4,4,5,6,2,19,woman,US,bachelors_degree,4,4,5,1,mixed,high,4,4,4,4,5,truth_source_unlabeled_persona_068.json
68,TS27,0,human,False,false,1.0,6.0,2.0,1.0,4,4,5,6,2,19,woman,US,bachelors_degree,4,4,5,1,mixed,high,4,4,4,4,5,truth_source_unlabeled_persona_068.json
68,TS61,0,ai,False,false,1.0,6.0,2.0,1.0,4,4,5,6,2,19,woman,US,bachelors_degree,4,4,5,1,mixed,high,4,4,4,4,5,truth_source_unlabeled_persona_068.json
68,TS57,0,ai,True,true,1.0,6.0,5.0,1.0,4,4,5,6,2,19,woman,US,bachelors_degree,4,4,5,1,mixed,high,4,4,4,4,5,truth_source_unlabeled_persona_068.json
69,TS23,0,human,False,true,0.0,4.0,5.0,2.0,4,3,5,6,5,22,nonbinary,US,some_college,4,3,3,7,intuitive,moderate,7,5,6,2,1,truth_source_unlabeled_persona_069.json
69,TS57,0,ai,True,true,1.0,6.0,6.0,1.0,4,3,5,6,5,22,nonbinary,US,some_college,4,3,3,7,intuitive,moderate,7,5,6,2,1,truth_source_unlabeled_persona_069.json
69,TS67,0,ai,False,false,1.0,6.0,4.0,1.0,4,3,5,6,5,22,nonbinary,US,some_college,4,3,3,7,intuitive,moderate,7,5,6,2,1,truth_source_unlabeled_persona_069.json
69,TS26,0,human,False,false,1.0,7.0,2.0,1.0,4,3,5,6,5,22,nonbinary,US,some_college,4,3,3,7,intuitive,moderate,7,5,6,2,1,truth_source_unlabeled_persona_069.json
69,TS4,0,human,True,true,1.0,6.0,6.0,5.0,4,3,5,6,5,22,nonbinary,US,some_college,4,3,3,7,intuitive,moderate,7,5,6,2,1,truth_source_unlabeled_persona_069.json
70,TS4,0,human,True,true,1.0,6.0,5.0,2.0,4,3,5,6,4,24,prefer_not_to_say,US,graduate_student,4,7,5,4,mixed,moderate,4,1,4,5,3,truth_source_unlabeled_persona_070.json
70,TS67,0,ai,False,false,1.0,6.0,2.0,1.0,4,3,5,6,4,24,prefer_not_to_say,US,graduate_student,4,7,5,4,mixed,moderate,4,1,4,5,3,truth_source_unlabeled_persona_070.json
70,TS57,0,ai,True,true,1.0,6.0,5.0,2.0,4,3,5,6,4,24,prefer_not_to_say,US,graduate_student,4,7,5,4,mixed,moderate,4,1,4,5,3,truth_source_unlabeled_persona_070.json
70,TS23,0,human,False,true,0.0,4.0,4.0,2.0,4,3,5,6,4,24,prefer_not_to_say,US,graduate_student,4,7,5,4,mixed,moderate,4,1,4,5,3,truth_source_unlabeled_persona_070.json
70,TS26,0,human,False,false,1.0,6.0,2.0,1.0,4,3,5,6,4,24,prefer_not_to_say,US,graduate_student,4,7,5,4,mixed,moderate,4,1,4,5,3,truth_source_unlabeled_persona_070.json
71,TS4,0,human,True,true,1.0,4.0,5.0,3.0,5,4,6,3,2,25,man,Dutch,undergraduate,5,4,7,5,mixed,moderate,2,4,2,7,7,truth_source_unlabeled_persona_071.json
71,TS73,0,ai,False,false,1.0,6.0,3.0,2.0,5,4,6,3,2,25,man,Dutch,undergraduate,5,4,7,5,mixed,moderate,2,4,2,7,7,truth_source_unlabeled_persona_071.json
71,TS57,0,ai,True,true,1.0,6.0,6.0,1.0,5,4,6,3,2,25,man,Dutch,undergraduate,5,4,7,5,mixed,moderate,2,4,2,7,7,truth_source_unlabeled_persona_071.json
71,TS16,0,human,True,true,1.0,5.0,5.0,1.0,5,4,6,3,2,25,man,Dutch,undergraduate,5,4,7,5,mixed,moderate,2,4,2,7,7,truth_source_unlabeled_persona_071.json
71,TS23,0,human,False,true,0.0,6.0,5.0,2.0,5,4,6,3,2,25,man,Dutch,undergraduate,5,4,7,5,mixed,moderate,2,4,2,7,7,truth_source_unlabeled_persona_071.json
72,TS4,0,human,True,true,1.0,4.0,5.0,2.0,4,3,5,6,2,20,woman,Dutch,vocational_training,1,3,6,2,analytical,moderate,3,3,4,7,6,truth_source_unlabeled_persona_072.json
72,TS57,0,ai,True,true,1.0,6.0,6.0,4.0,4,3,5,6,2,20,woman,Dutch,vocational_training,1,3,6,2,analytical,moderate,3,3,4,7,6,truth_source_unlabeled_persona_072.json
72,TS10,0,human,True,true,1.0,6.0,6.0,2.0,4,3,5,6,2,20,woman,Dutch,vocational_training,1,3,6,2,analytical,moderate,3,3,4,7,6,truth_source_unlabeled_persona_072.json
72,TS26,0,human,False,false,1.0,1.0,2.0,3.0,4,3,5,6,2,20,woman,Dutch,vocational_training,1,3,6,2,analytical,moderate,3,3,4,7,6,truth_source_unlabeled_persona_072.json
72,TS73,0,ai,False,false,1.0,6.0,2.0,3.0,4,3,5,6,2,20,woman,Dutch,vocational_training,1,3,6,2,analytical,moderate,3,3,4,7,6,truth_source_unlabeled_persona_072.json
73,TS73,0,ai,False,false,1.0,5.0,2.0,2.0,3,5,4,6,4,19,woman,German,high_school_or_equivalent,3,5,1,4,intuitive,moderate,2,5,1,4,1,truth_source_unlabeled_persona_073.json
73,TS23,0,human,False,false,1.0,5.0,2.0,1.0,3,5,4,6,4,19,woman,German,high_school_or_equivalent,3,5,1,4,intuitive,moderate,2,5,1,4,1,truth_source_unlabeled_persona_073.json
73,TS32,0,human,False,false,1.0,4.0,3.0,3.0,3,5,4,6,4,19,woman,German,high_school_or_equivalent,3,5,1,4,intuitive,moderate,2,5,1,4,1,truth_source_unlabeled_persona_073.json
73,TS4,0,human,True,true,1.0,5.0,4.0,2.0,3,5,4,6,4,19,woman,German,high_school_or_equivalent,3,5,1,4,intuitive,moderate,2,5,1,4,1,truth_source_unlabeled_persona_073.json
73,TS27,0,human,False,false,1.0,6.0,3.0,1.0,3,5,4,6,4,19,woman,German,high_school_or_equivalent,3,5,1,4,intuitive,moderate,2,5,1,4,1,truth_source_unlabeled_persona_073.json
74,TS26,0,human,False,false,1.0,4.0,3.0,2.0,3,6,4,5,5,19,man,German,vocational_training,3,6,3,2,mixed,moderate,5,5,5,2,5,truth_source_unlabeled_persona_074.json
74,TS73,0,ai,False,false,1.0,6.0,2.0,1.0,3,6,4,5,5,19,man,German,vocational_training,3,6,3,2,mixed,moderate,5,5,5,2,5,truth_source_unlabeled_persona_074.json
74,TS57,0,ai,True,true,1.0,6.0,5.0,3.0,3,6,4,5,5,19,man,German,vocational_training,3,6,3,2,mixed,moderate,5,5,5,2,5,truth_source_unlabeled_persona_074.json
74,TS4,0,human,True,true,1.0,6.0,5.0,3.0,3,6,4,5,5,19,man,German,vocational_training,3,6,3,2,mixed,moderate,5,5,5,2,5,truth_source_unlabeled_persona_074.json
74,TS19,0,human,True,true,1.0,5.0,4.0,2.0,3,6,4,5,5,19,man,German,vocational_training,3,6,3,2,mixed,moderate,5,5,5,2,5,truth_source_unlabeled_persona_074.json
75,TS74,0,ai,False,false,1.0,6.0,3.0,2.0,3,5,6,2,4,21,woman,German,vocational_training,3,5,2,7,mixed,high,4,5,6,7,1,truth_source_unlabeled_persona_075.json
75,TS10,0,human,True,true,1.0,6.0,5.0,1.0,3,5,6,2,4,21,woman,German,vocational_training,3,5,2,7,mixed,high,4,5,6,7,1,truth_source_unlabeled_persona_075.json
75,TS73,0,ai,False,false,1.0,6.0,3.0,2.0,3,5,6,2,4,21,woman,German,vocational_training,3,5,2,7,mixed,high,4,5,6,7,1,truth_source_unlabeled_persona_075.json
75,TS27,0,human,False,false,1.0,6.0,3.0,2.0,3,5,6,2,4,21,woman,German,vocational_training,3,5,2,7,mixed,high,4,5,6,7,1,truth_source_unlabeled_persona_075.json
75,TS4,0,human,True,true,1.0,6.0,5.0,1.0,3,5,6,2,4,21,woman,German,vocational_training,3,5,2,7,mixed,high,4,5,6,7,1,truth_source_unlabeled_persona_075.json
76,TS10,0,human,True,true,1.0,6.0,5.0,3.0,2,5,6,4,3,25,woman,German,graduate_student,2,5,1,7,intuitive,moderate,2,5,2,2,4,truth_source_unlabeled_persona_076.json
76,TS27,0,human,False,false,1.0,4.0,3.0,2.0,2,5,6,4,3,25,woman,German,graduate_student,2,5,1,7,intuitive,moderate,2,5,2,2,4,truth_source_unlabeled_persona_076.json
76,TS4,0,human,True,true,1.0,6.0,5.0,2.0,2,5,6,4,3,25,woman,German,graduate_student,2,5,1,7,intuitive,moderate,2,5,2,2,4,truth_source_unlabeled_persona_076.json
76,TS57,0,ai,True,true,1.0,6.0,5.0,2.0,2,5,6,4,3,25,woman,German,graduate_student,2,5,1,7,intuitive,moderate,2,5,2,2,4,truth_source_unlabeled_persona_076.json
76,TS73,0,ai,False,false,1.0,6.0,3.0,2.0,2,5,6,4,3,25,woman,German,graduate_student,2,5,1,7,intuitive,moderate,2,5,2,2,4,truth_source_unlabeled_persona_076.json
77,TS67,0,ai,False,false,1.0,6.0,2.0,1.0,4,2,5,3,4,22,woman,Dutch,vocational_training,4,2,7,5,mixed,low,6,4,1,3,4,truth_source_unlabeled_persona_077.json
77,TS57,0,ai,True,true,1.0,6.0,7.0,1.0,4,2,5,3,4,22,woman,Dutch,vocational_training,4,2,7,5,mixed,low,6,4,1,3,4,truth_source_unlabeled_persona_077.json
77,TS10,0,human,True,true,1.0,6.0,5.0,1.0,4,2,5,3,4,22,woman,Dutch,vocational_training,4,2,7,5,mixed,low,6,4,1,3,4,truth_source_unlabeled_persona_077.json
77,TS4,0,human,True,true,1.0,6.0,5.0,1.0,4,2,5,3,4,22,woman,Dutch,vocational_training,4,2,7,5,mixed,low,6,4,1,3,4,truth_source_unlabeled_persona_077.json
77,TS43,0,ai,True,true,1.0,5.0,4.0,3.0,4,2,5,3,4,22,woman,Dutch,vocational_training,4,2,7,5,mixed,low,6,4,1,3,4,truth_source_unlabeled_persona_077.json
78,TS59,0,ai,True,true,1.0,6.0,5.0,2.0,5,4,6,4,5,22,man,US,undergraduate,5,4,4,6,analytical,high,5,7,7,7,5,truth_source_unlabeled_persona_078.json
78,TS57,0,ai,True,true,1.0,4.0,5.0,3.0,5,4,6,4,5,22,man,US,undergraduate,5,4,4,6,analytical,high,5,7,7,7,5,truth_source_unlabeled_persona_078.json
78,TS67,0,ai,False,false,1.0,6.0,2.0,1.0,5,4,6,4,5,22,man,US,undergraduate,5,4,4,6,analytical,high,5,7,7,7,5,truth_source_unlabeled_persona_078.json
78,TS27,0,human,False,false,1.0,5.0,4.0,2.0,5,4,6,4,5,22,man,US,undergraduate,5,4,4,6,analytical,high,5,7,7,7,5,truth_source_unlabeled_persona_078.json
78,TS23,0,human,False,false,1.0,6.0,4.0,3.0,5,4,6,4,5,22,man,US,undergraduate,5,4,4,6,analytical,high,5,7,7,7,5,truth_source_unlabeled_persona_078.json
79,TS27,0,human,False,false,1.0,6.0,4.0,2.0,5,5,4,6,3,23,nonbinary,Dutch,vocational_training,5,5,4,5,analytical,high,4,7,4,6,7,truth_source_unlabeled_persona_079.json
79,TS4,0,human,True,true,1.0,6.0,6.0,4.0,5,5,4,6,3,23,nonbinary,Dutch,vocational_training,5,5,4,5,analytical,high,4,7,4,6,7,truth_source_unlabeled_persona_079.json
79,TS23,0,human,False,false,1.0,5.0,5.0,3.0,5,5,4,6,3,23,nonbinary,Dutch,vocational_training,5,5,4,5,analytical,high,4,7,4,6,7,truth_source_unlabeled_persona_079.json
79,TS5,0,human,True,unsure,,4.0,3.0,2.0,5,5,4,6,3,23,nonbinary,Dutch,vocational_training,5,5,4,5,analytical,high,4,7,4,6,7,truth_source_unlabeled_persona_079.json
79,TS67,0,ai,False,false,1.0,6.0,2.0,1.0,5,5,4,6,3,23,nonbinary,Dutch,vocational_training,5,5,4,5,analytical,high,4,7,4,6,7,truth_source_unlabeled_persona_079.json
80,TS10,0,human,True,true,1.0,5.0,4.0,3.0,4,2,6,3,4,20,man,US,some_college,4,2,1,5,mixed,moderate,4,6,3,4,5,truth_source_unlabeled_persona_080.json
80,TS51,0,ai,True,true,1.0,6.0,6.0,1.0,4,2,6,3,4,20,man,US,some_college,4,2,1,5,mixed,moderate,4,6,3,4,5,truth_source_unlabeled_persona_080.json
80,TS57,0,ai,True,true,1.0,6.0,5.0,1.0,4,2,6,3,4,20,man,US,some_college,4,2,1,5,mixed,moderate,4,6,3,4,5,truth_source_unlabeled_persona_080.json
80,TS27,0,human,False,false,1.0,6.0,2.0,1.0,4,2,6,3,4,20,man,US,some_college,4,2,1,5,mixed,moderate,4,6,3,4,5,truth_source_unlabeled_persona_080.json
80,TS4,0,human,True,true,1.0,4.0,3.0,2.0,4,2,6,3,4,20,man,US,some_college,4,2,1,5,mixed,moderate,4,6,3,4,5,truth_source_unlabeled_persona_080.json
81,TS59,0,ai,True,true,1.0,5.0,4.0,2.0,5,7,3,4,5,23,nonbinary,Canadian,bachelors_degree,5,7,4,3,intuitive,moderate,3,4,2,1,5,truth_source_unlabeled_persona_081.json
81,TS32,0,human,False,false,1.0,4.0,3.0,6.0,5,7,3,4,5,23,nonbinary,Canadian,bachelors_degree,5,7,4,3,intuitive,moderate,3,4,2,1,5,truth_source_unlabeled_persona_081.json
81,TS27,0,human,False,false,1.0,2.0,3.0,4.0,5,7,3,4,5,23,nonbinary,Canadian,bachelors_degree,5,7,4,3,intuitive,moderate,3,4,2,1,5,truth_source_unlabeled_persona_081.json
81,TS23,0,human,False,false,1.0,5.0,4.0,2.0,5,7,3,4,5,23,nonbinary,Canadian,bachelors_degree,5,7,4,3,intuitive,moderate,3,4,2,1,5,truth_source_unlabeled_persona_081.json
81,TS67,0,ai,False,false,1.0,6.0,2.0,1.0,5,7,3,4,5,23,nonbinary,Canadian,bachelors_degree,5,7,4,3,intuitive,moderate,3,4,2,1,5,truth_source_unlabeled_persona_081.json
82,TS61,0,ai,False,false,1.0,6.0,4.0,2.0,4,3,5,4,5,18,man,Canadian,some_college,7,1,2,5,intuitive,moderate,6,4,5,3,1,truth_source_unlabeled_persona_082.json
82,TS27,0,human,False,false,1.0,6.0,5.0,3.0,4,3,5,4,5,18,man,Canadian,some_college,7,1,2,5,intuitive,moderate,6,4,5,3,1,truth_source_unlabeled_persona_082.json
82,TS32,0,human,False,false,1.0,5.0,3.0,4.0,4,3,5,4,5,18,man,Canadian,some_college,7,1,2,5,intuitive,moderate,6,4,5,3,1,truth_source_unlabeled_persona_082.json
82,TS67,0,ai,False,false,1.0,6.0,2.0,1.0,4,3,5,4,5,18,man,Canadian,some_college,7,1,2,5,intuitive,moderate,6,4,5,3,1,truth_source_unlabeled_persona_082.json
82,TS23,0,human,False,false,1.0,7.0,4.0,2.0,4,3,5,4,5,18,man,Canadian,some_college,7,1,2,5,intuitive,moderate,6,4,5,3,1,truth_source_unlabeled_persona_082.json
83,TS74,0,ai,False,false,1.0,6.0,2.0,2.0,5,3,6,4,5,19,prefer_not_to_say,Australian,undergraduate,5,3,5,5,analytical,high,3,3,2,1,4,truth_source_unlabeled_persona_083.json
83,TS67,0,ai,False,false,1.0,6.0,2.0,2.0,5,3,6,4,5,19,prefer_not_to_say,Australian,undergraduate,5,3,5,5,analytical,high,3,3,2,1,4,truth_source_unlabeled_persona_083.json
83,TS10,0,human,True,true,1.0,6.0,5.0,2.0,5,3,6,4,5,19,prefer_not_to_say,Australian,undergraduate,5,3,5,5,analytical,high,3,3,2,1,4,truth_source_unlabeled_persona_083.json
83,TS16,0,human,True,true,1.0,5.0,4.0,3.0,5,3,6,4,5,19,prefer_not_to_say,Australian,undergraduate,5,3,5,5,analytical,high,3,3,2,1,4,truth_source_unlabeled_persona_083.json
83,TS58,0,ai,True,true,1.0,6.0,5.0,2.0,5,3,6,4,5,19,prefer_not_to_say,Australian,undergraduate,5,3,5,5,analytical,high,3,3,2,1,4,truth_source_unlabeled_persona_083.json
84,TS27,0,human,False,false,1.0,6.0,3.0,2.0,6,4,5,3,2,25,man,Canadian,undergraduate,6,4,7,2,intuitive,moderate,7,4,6,4,6,truth_source_unlabeled_persona_084.json
84,TS51,0,ai,True,true,1.0,5.0,6.0,1.0,6,4,5,3,2,25,man,Canadian,undergraduate,6,4,7,2,intuitive,moderate,7,4,6,4,6,truth_source_unlabeled_persona_084.json
84,TS32,0,human,False,false,1.0,4.0,2.0,3.0,6,4,5,3,2,25,man,Canadian,undergraduate,6,4,7,2,intuitive,moderate,7,4,6,4,6,truth_source_unlabeled_persona_084.json
84,TS23,0,human,False,false,1.0,4.0,3.0,2.0,6,4,5,3,2,25,man,Canadian,undergraduate,6,4,7,2,intuitive,moderate,7,4,6,4,6,truth_source_unlabeled_persona_084.json
84,TS4,0,human,True,true,1.0,5.0,6.0,4.0,6,4,5,3,2,25,man,Canadian,undergraduate,6,4,7,2,intuitive,moderate,7,4,6,4,6,truth_source_unlabeled_persona_084.json
85,TS4,0,human,True,true,1.0,4.0,3.0,2.0,5,1,6,3,2,25,man,Canadian,graduate_student,5,1,5,3,mixed,moderate,2,4,6,2,3,truth_source_unlabeled_persona_085.json
85,TS74,0,ai,False,false,1.0,6.0,2.0,1.0,5,1,6,3,2,25,man,Canadian,graduate_student,5,1,5,3,mixed,moderate,2,4,6,2,3,truth_source_unlabeled_persona_085.json
85,TS67,0,ai,False,false,1.0,6.0,2.0,1.0,5,1,6,3,2,25,man,Canadian,graduate_student,5,1,5,3,mixed,moderate,2,4,6,2,3,truth_source_unlabeled_persona_085.json
85,TS10,0,human,True,true,1.0,5.0,4.0,3.0,5,1,6,3,2,25,man,Canadian,graduate_student,5,1,5,3,mixed,moderate,2,4,6,2,3,truth_source_unlabeled_persona_085.json
85,TS27,0,human,False,false,1.0,6.0,2.0,5.0,5,1,6,3,2,25,man,Canadian,graduate_student,5,1,5,3,mixed,moderate,2,4,6,2,3,truth_source_unlabeled_persona_085.json
86,TS16,0,human,True,unsure,,4.0,4.0,3.0,4,4,6,5,3,23,man,US,some_college,2,4,6,1,intuitive,moderate,5,4,5,5,6,truth_source_unlabeled_persona_086.json
86,TS67,0,ai,False,false,1.0,2.0,3.0,5.0,4,4,6,5,3,23,man,US,some_college,2,4,6,1,intuitive,moderate,5,4,5,5,6,truth_source_unlabeled_persona_086.json
86,TS10,0,human,True,true,1.0,6.0,6.0,2.0,4,4,6,5,3,23,man,US,some_college,2,4,6,1,intuitive,moderate,5,4,5,5,6,truth_source_unlabeled_persona_086.json
86,TS4,0,human,True,true,1.0,5.0,5.0,4.0,4,4,6,5,3,23,man,US,some_college,2,4,6,1,intuitive,moderate,5,4,5,5,6,truth_source_unlabeled_persona_086.json
86,TS32,0,human,False,unsure,,4.0,5.0,3.0,4,4,6,5,3,23,man,US,some_college,2,4,6,1,intuitive,moderate,5,4,5,5,6,truth_source_unlabeled_persona_086.json
87,TS27,0,human,False,false,1.0,6.0,4.0,2.0,4,5,2,3,4,21,woman,US,bachelors_degree,7,4,6,2,mixed,low,2,3,3,2,7,truth_source_unlabeled_persona_087.json
87,TS51,0,ai,True,true,1.0,6.0,7.0,1.0,4,5,2,3,4,21,woman,US,bachelors_degree,7,4,6,2,mixed,low,2,3,3,2,7,truth_source_unlabeled_persona_087.json
87,TS10,0,human,True,true,1.0,6.0,6.0,1.0,4,5,2,3,4,21,woman,US,bachelors_degree,7,4,6,2,mixed,low,2,3,3,2,7,truth_source_unlabeled_persona_087.json
87,TS58,0,ai,True,true,1.0,6.0,6.0,1.0,4,5,2,3,4,21,woman,US,bachelors_degree,7,4,6,2,mixed,low,2,3,3,2,7,truth_source_unlabeled_persona_087.json
87,TS32,0,human,False,false,1.0,5.0,4.0,3.0,4,5,2,3,4,21,woman,US,bachelors_degree,7,4,6,2,mixed,low,2,3,3,2,7,truth_source_unlabeled_persona_087.json
88,TS59,0,ai,True,true,1.0,4.0,5.0,2.0,4,5,6,3,2,23,woman,US,undergraduate,4,5,6,7,mixed,moderate,4,6,4,3,6,truth_source_unlabeled_persona_088.json
88,TS27,0,human,False,false,1.0,6.0,4.0,3.0,4,5,6,3,2,23,woman,US,undergraduate,4,5,6,7,mixed,moderate,4,6,4,3,6,truth_source_unlabeled_persona_088.json
88,TS32,0,human,False,unsure,,3.0,2.0,4.0,4,5,6,3,2,23,woman,US,undergraduate,4,5,6,7,mixed,moderate,4,6,4,3,6,truth_source_unlabeled_persona_088.json
88,TS10,0,human,True,true,1.0,5.0,6.0,2.0,4,5,6,3,2,23,woman,US,undergraduate,4,5,6,7,mixed,moderate,4,6,4,3,6,truth_source_unlabeled_persona_088.json
88,TS67,0,ai,False,false,1.0,6.0,4.0,1.0,4,5,6,3,2,23,woman,US,undergraduate,4,5,6,7,mixed,moderate,4,6,4,3,6,truth_source_unlabeled_persona_088.json
89,TS10,0,human,True,true,1.0,5.0,4.0,2.0,5,3,6,5,4,19,prefer_not_to_say,Canadian,high_school_or_equivalent,5,3,3,4,mixed,low,5,2,4,5,2,truth_source_unlabeled_persona_089.json
89,TS27,0,human,False,false,1.0,4.0,5.0,3.0,5,3,6,5,4,19,prefer_not_to_say,Canadian,high_school_or_equivalent,5,3,3,4,mixed,low,5,2,4,5,2,truth_source_unlabeled_persona_089.json
89,TS74,0,ai,False,false,1.0,2.0,2.0,4.0,5,3,6,5,4,19,prefer_not_to_say,Canadian,high_school_or_equivalent,5,3,3,4,mixed,low,5,2,4,5,2,truth_source_unlabeled_persona_089.json
89,TS67,0,ai,False,false,1.0,2.0,1.0,6.0,5,3,6,5,4,19,prefer_not_to_say,Canadian,high_school_or_equivalent,5,3,3,4,mixed,low,5,2,4,5,2,truth_source_unlabeled_persona_089.json
89,TS58,0,ai,True,true,1.0,6.0,6.0,1.0,5,3,6,5,4,19,prefer_not_to_say,Canadian,high_school_or_equivalent,5,3,3,4,mixed,low,5,2,4,5,2,truth_source_unlabeled_persona_089.json
90,TS58,0,ai,True,true,1.0,6.0,5.0,2.0,4,6,3,5,4,24,man,Dutch,bachelors_degree,4,6,1,3,analytical,low,4,7,6,7,5,truth_source_unlabeled_persona_090.json
90,TS67,0,ai,False,false,1.0,6.0,3.0,2.0,4,6,3,5,4,24,man,Dutch,bachelors_degree,4,6,1,3,analytical,low,4,7,6,7,5,truth_source_unlabeled_persona_090.json
90,TS27,0,human,False,false,1.0,6.0,4.0,2.0,4,6,3,5,4,24,man,Dutch,bachelors_degree,4,6,1,3,analytical,low,4,7,6,7,5,truth_source_unlabeled_persona_090.json
90,TS74,0,ai,False,false,1.0,6.0,4.0,2.0,4,6,3,5,4,24,man,Dutch,bachelors_degree,4,6,1,3,analytical,low,4,7,6,7,5,truth_source_unlabeled_persona_090.json
90,TS10,0,human,True,true,1.0,6.0,7.0,1.0,4,6,3,5,4,24,man,Dutch,bachelors_degree,4,6,1,3,analytical,low,4,7,6,7,5,truth_source_unlabeled_persona_090.json
91,TS51,0,ai,True,true,1.0,5.0,6.0,2.0,6,3,5,4,2,24,prefer_not_to_say,US,bachelors_degree,6,3,5,4,analytical,moderate,4,1,4,1,1,truth_source_unlabeled_persona_091.json
91,TS58,0,ai,True,true,1.0,6.0,6.0,1.0,6,3,5,4,2,24,prefer_not_to_say,US,bachelors_degree,6,3,5,4,analytical,moderate,4,1,4,1,1,truth_source_unlabeled_persona_091.json
91,TS10,0,human,True,true,1.0,6.0,7.0,1.0,6,3,5,4,2,24,prefer_not_to_say,US,bachelors_degree,6,3,5,4,analytical,moderate,4,1,4,1,1,truth_source_unlabeled_persona_091.json
91,TS32,0,human,False,unsure,,4.0,5.0,3.0,6,3,5,4,2,24,prefer_not_to_say,US,bachelors_degree,6,3,5,4,analytical,moderate,4,1,4,1,1,truth_source_unlabeled_persona_091.json
91,TS27,0,human,False,false,1.0,6.0,5.0,1.0,6,3,5,4,2,24,prefer_not_to_say,US,bachelors_degree,6,3,5,4,analytical,moderate,4,1,4,1,1,truth_source_unlabeled_persona_091.json
92,TS51,0,ai,True,true,1.0,6.0,5.0,2.0,4,7,6,5,4,21,prefer_not_to_say,British,graduate_student,4,7,4,4,analytical,moderate,1,5,4,4,6,truth_source_unlabeled_persona_092.json
92,TS27,0,human,False,false,1.0,6.0,5.0,2.0,4,7,6,5,4,21,prefer_not_to_say,British,graduate_student,4,7,4,4,analytical,moderate,1,5,4,4,6,truth_source_unlabeled_persona_092.json
92,TS58,0,ai,True,true,1.0,6.0,5.0,2.0,4,7,6,5,4,21,prefer_not_to_say,British,graduate_student,4,7,4,4,analytical,moderate,1,5,4,4,6,truth_source_unlabeled_persona_092.json
92,TS10,0,human,True,true,1.0,6.0,5.0,2.0,4,7,6,5,4,21,prefer_not_to_say,British,graduate_student,4,7,4,4,analytical,moderate,1,5,4,4,6,truth_source_unlabeled_persona_092.json
92,TS32,0,human,False,false,1.0,4.0,4.0,3.0,4,7,6,5,4,21,prefer_not_to_say,British,graduate_student,4,7,4,4,analytical,moderate,1,5,4,4,6,truth_source_unlabeled_persona_092.json
93,TS27,0,human,False,false,1.0,5.0,4.0,2.0,4,6,5,5,4,22,prefer_not_to_say,US,bachelors_degree,7,4,4,5,intuitive,moderate,1,2,5,3,6,truth_source_unlabeled_persona_093.json
93,TS32,0,human,False,false,1.0,4.0,3.0,3.0,4,6,5,5,4,22,prefer_not_to_say,US,bachelors_degree,7,4,4,5,intuitive,moderate,1,2,5,3,6,truth_source_unlabeled_persona_093.json
93,TS67,0,ai,False,false,1.0,6.0,2.0,1.0,4,6,5,5,4,22,prefer_not_to_say,US,bachelors_degree,7,4,4,5,intuitive,moderate,1,2,5,3,6,truth_source_unlabeled_persona_093.json
93,TS24,0,human,False,false,1.0,6.0,2.0,1.0,4,6,5,5,4,22,prefer_not_to_say,US,bachelors_degree,7,4,4,5,intuitive,moderate,1,2,5,3,6,truth_source_unlabeled_persona_093.json
93,TS58,0,ai,True,true,1.0,6.0,5.0,1.0,4,6,5,5,4,22,prefer_not_to_say,US,bachelors_degree,7,4,4,5,intuitive,moderate,1,2,5,3,6,truth_source_unlabeled_persona_093.json
94,TS32,0,human,False,unsure,,3.0,2.0,4.0,4,5,6,3,4,23,man,Canadian,some_college,6,6,4,4,mixed,moderate,2,2,3,4,6,truth_source_unlabeled_persona_094.json
94,TS67,0,ai,False,false,1.0,6.0,4.0,2.0,4,5,6,3,4,23,man,Canadian,some_college,6,6,4,4,mixed,moderate,2,2,3,4,6,truth_source_unlabeled_persona_094.json
94,TS58,0,ai,True,true,1.0,6.0,5.0,2.0,4,5,6,3,4,23,man,Canadian,some_college,6,6,4,4,mixed,moderate,2,2,3,4,6,truth_source_unlabeled_persona_094.json
94,TS27,0,human,False,false,1.0,6.0,3.0,2.0,4,5,6,3,4,23,man,Canadian,some_college,6,6,4,4,mixed,moderate,2,2,3,4,6,truth_source_unlabeled_persona_094.json
94,TS19,0,human,True,true,1.0,5.0,6.0,3.0,4,5,6,3,4,23,man,Canadian,some_college,6,6,4,4,mixed,moderate,2,2,3,4,6,truth_source_unlabeled_persona_094.json
95,TS32,0,human,False,false,1.0,5.0,4.0,3.0,2,1,6,4,3,25,nonbinary,British,bachelors_degree,2,1,3,5,analytical,moderate,1,5,7,1,2,truth_source_unlabeled_persona_095.json
95,TS61,0,ai,False,false,1.0,6.0,2.0,5.0,2,1,6,4,3,25,nonbinary,British,bachelors_degree,2,1,3,5,analytical,moderate,1,5,7,1,2,truth_source_unlabeled_persona_095.json
95,TS27,0,human,False,false,1.0,6.0,2.0,4.0,2,1,6,4,3,25,nonbinary,British,bachelors_degree,2,1,3,5,analytical,moderate,1,5,7,1,2,truth_source_unlabeled_persona_095.json
95,TS67,0,ai,False,false,1.0,6.0,2.0,5.0,2,1,6,4,3,25,nonbinary,British,bachelors_degree,2,1,3,5,analytical,moderate,1,5,7,1,2,truth_source_unlabeled_persona_095.json
95,TS10,0,human,True,true,1.0,6.0,5.0,1.0,2,1,6,4,3,25,nonbinary,British,bachelors_degree,2,1,3,5,analytical,moderate,1,5,7,1,2,truth_source_unlabeled_persona_095.json
96,TS77,0,ai,False,false,1.0,6.0,2.0,2.0,4,4,6,5,3,22,woman,US,graduate_student,4,4,2,2,mixed,high,1,6,4,7,3,truth_source_unlabeled_persona_096.json
96,TS19,0,human,True,true,1.0,6.0,4.0,5.0,4,4,6,5,3,22,woman,US,graduate_student,4,4,2,2,mixed,high,1,6,4,7,3,truth_source_unlabeled_persona_096.json
96,TS74,0,ai,False,false,1.0,6.0,2.0,2.0,4,4,6,5,3,22,woman,US,graduate_student,4,4,2,2,mixed,high,1,6,4,7,3,truth_source_unlabeled_persona_096.json
96,TS27,0,human,False,false,1.0,6.0,2.0,2.0,4,4,6,5,3,22,woman,US,graduate_student,4,4,2,2,mixed,high,1,6,4,7,3,truth_source_unlabeled_persona_096.json
96,TS58,0,ai,True,true,1.0,6.0,4.0,5.0,4,4,6,5,3,22,woman,US,graduate_student,4,4,2,2,mixed,high,1,6,4,7,3,truth_source_unlabeled_persona_096.json
97,TS27,0,human,False,false,1.0,5.0,3.0,2.0,2,1,3,4,2,22,man,Australian,undergraduate,2,7,5,1,analytical,low,1,4,6,6,6,truth_source_unlabeled_persona_097.json
97,TS58,0,ai,True,true,1.0,6.0,5.0,4.0,2,1,3,4,2,22,man,Australian,undergraduate,2,7,5,1,analytical,low,1,4,6,6,6,truth_source_unlabeled_persona_097.json
97,TS74,0,ai,False,false,1.0,7.0,2.0,1.0,2,1,3,4,2,22,man,Australian,undergraduate,2,7,5,1,analytical,low,1,4,6,6,6,truth_source_unlabeled_persona_097.json
97,TS19,0,human,True,true,1.0,6.0,4.0,3.0,2,1,3,4,2,22,man,Australian,undergraduate,2,7,5,1,analytical,low,1,4,6,6,6,truth_source_unlabeled_persona_097.json
97,TS51,0,ai,True,true,1.0,6.0,5.0,2.0,2,1,3,4,2,22,man,Australian,undergraduate,2,7,5,1,analytical,low,1,4,6,6,6,truth_source_unlabeled_persona_097.json
98,TS10,0,human,True,true,1.0,5.0,6.0,2.0,4,6,2,3,5,25,prefer_not_to_say,Canadian,vocational_training,4,7,3,1,intuitive,low,3,2,2,5,6,truth_source_unlabeled_persona_098.json
98,TS32,0,human,False,unsure,,4.0,5.0,3.0,4,6,2,3,5,25,prefer_not_to_say,Canadian,vocational_training,4,7,3,1,intuitive,low,3,2,2,5,6,truth_source_unlabeled_persona_098.json
98,TS27,0,human,False,false,1.0,2.0,4.0,1.0,4,6,2,3,5,25,prefer_not_to_say,Canadian,vocational_training,4,7,3,1,intuitive,low,3,2,2,5,6,truth_source_unlabeled_persona_098.json
98,TS58,0,ai,True,true,1.0,6.0,7.0,1.0,4,6,2,3,5,25,prefer_not_to_say,Canadian,vocational_training,4,7,3,1,intuitive,low,3,2,2,5,6,truth_source_unlabeled_persona_098.json
98,TS67,0,ai,False,false,1.0,6.0,2.0,1.0,4,6,2,3,5,25,prefer_not_to_say,Canadian,vocational_training,4,7,3,1,intuitive,low,3,2,2,5,6,truth_source_unlabeled_persona_098.json
99,TS10,0,human,True,true,1.0,5.0,6.0,4.0,4,3,6,5,4,25,nonbinary,British,bachelors_degree,4,7,4,7,intuitive,high,3,4,7,3,3,truth_source_unlabeled_persona_099.json
99,TS67,0,ai,False,false,1.0,6.0,4.0,2.0,4,3,6,5,4,25,nonbinary,British,bachelors_degree,4,7,4,7,intuitive,high,3,4,7,3,3,truth_source_unlabeled_persona_099.json
99,TS27,0,human,False,false,1.0,6.0,4.0,2.0,4,3,6,5,4,25,nonbinary,British,bachelors_degree,4,7,4,7,intuitive,high,3,4,7,3,3,truth_source_unlabeled_persona_099.json
99,TS32,0,human,False,true,0.0,4.0,5.0,3.0,4,3,6,5,4,25,nonbinary,British,bachelors_degree,4,7,4,7,intuitive,high,3,4,7,3,3,truth_source_unlabeled_persona_099.json
99,TS58,0,ai,True,true,1.0,5.0,6.0,3.0,4,3,6,5,4,25,nonbinary,British,bachelors_degree,4,7,4,7,intuitive,high,3,4,7,3,3,truth_source_unlabeled_persona_099.json
100,TS67,0,ai,False,false,1.0,6.0,2.0,3.0,3,3,5,4,2,22,man,Canadian,undergraduate,3,3,3,3,analytical,moderate,5,4,6,1,2,truth_source_unlabeled_persona_100.json
100,TS27,0,human,False,false,1.0,4.0,5.0,2.0,3,3,5,4,2,22,man,Canadian,undergraduate,3,3,3,3,analytical,moderate,5,4,6,1,2,truth_source_unlabeled_persona_100.json
100,TS10,0,human,True,true,1.0,6.0,6.0,2.0,3,3,5,4,2,22,man,Canadian,undergraduate,3,3,3,3,analytical,moderate,5,4,6,1,2,truth_source_unlabeled_persona_100.json
100,TS74,0,ai,False,false,1.0,6.0,4.0,2.0,3,3,5,4,2,22,man,Canadian,undergraduate,3,3,3,3,analytical,moderate,5,4,6,1,2,truth_source_unlabeled_persona_100.json
100,TS58,0,ai,True,true,1.0,6.0,6.0,2.0,3,3,5,4,2,22,man,Canadian,undergraduate,3,3,3,3,analytical,moderate,5,4,6,1,2,truth_source_unlabeled_persona_100.json
101,TS10,0,human,True,true,1.0,6.0,5.0,4.0,4,3,5,2,4,21,woman,US,vocational_training,4,7,5,4,mixed,low,4,6,4,7,4,truth_source_unlabeled_persona_101.json
101,TS51,0,ai,True,true,1.0,6.0,6.0,3.0,4,3,5,2,4,21,woman,US,vocational_training,4,7,5,4,mixed,low,4,6,4,7,4,truth_source_unlabeled_persona_101.json
101,TS32,0,human,False,unsure,,4.0,3.0,2.0,4,3,5,2,4,21,woman,US,vocational_training,4,7,5,4,mixed,low,4,6,4,7,4,truth_source_unlabeled_persona_101.json
101,TS43,0,ai,True,true,1.0,6.0,5.0,4.0,4,3,5,2,4,21,woman,US,vocational_training,4,7,5,4,mixed,low,4,6,4,7,4,truth_source_unlabeled_persona_101.json
101,TS59,0,ai,True,true,1.0,6.0,6.0,3.0,4,3,5,2,4,21,woman,US,vocational_training,4,7,5,4,mixed,low,4,6,4,7,4,truth_source_unlabeled_persona_101.json
102,TS67,0,ai,False,false,1.0,5.0,3.0,2.0,4,5,6,3,2,18,nonbinary,German,graduate_student,4,5,1,5,analytical,moderate,1,2,5,4,6,truth_source_unlabeled_persona_102.json
102,TS10,0,human,True,true,1.0,6.0,5.0,4.0,4,5,6,3,2,18,nonbinary,German,graduate_student,4,5,1,5,analytical,moderate,1,2,5,4,6,truth_source_unlabeled_persona_102.json
102,TS32,0,human,False,false,1.0,3.0,4.0,5.0,4,5,6,3,2,18,nonbinary,German,graduate_student,4,5,1,5,analytical,moderate,1,2,5,4,6,truth_source_unlabeled_persona_102.json
102,TS27,0,human,False,false,1.0,2.0,3.0,1.0,4,5,6,3,2,18,nonbinary,German,graduate_student,4,5,1,5,analytical,moderate,1,2,5,4,6,truth_source_unlabeled_persona_102.json
102,TS58,0,ai,True,true,1.0,6.0,5.0,2.0,4,5,6,3,2,18,nonbinary,German,graduate_student,4,5,1,5,analytical,moderate,1,2,5,4,6,truth_source_unlabeled_persona_102.json
103,TS10,0,human,True,true,1.0,5.0,4.0,2.0,3,4,5,2,3,20,man,Canadian,vocational_training,2,6,1,7,analytical,low,4,6,3,3,6,truth_source_unlabeled_persona_103.json
103,TS67,0,ai,False,false,1.0,6.0,3.0,1.0,3,4,5,2,3,20,man,Canadian,vocational_training,2,6,1,7,analytical,low,4,6,3,3,6,truth_source_unlabeled_persona_103.json
103,TS32,0,human,False,unsure,,4.0,5.0,3.0,3,4,5,2,3,20,man,Canadian,vocational_training,2,6,1,7,analytical,low,4,6,3,3,6,truth_source_unlabeled_persona_103.json
103,TS58,0,ai,True,true,1.0,6.0,6.0,1.0,3,4,5,2,3,20,man,Canadian,vocational_training,2,6,1,7,analytical,low,4,6,3,3,6,truth_source_unlabeled_persona_103.json
103,TS27,0,human,False,false,1.0,2.0,5.0,1.0,3,4,5,2,3,20,man,Canadian,vocational_training,2,6,1,7,analytical,low,4,6,3,3,6,truth_source_unlabeled_persona_103.json
104,TS32,0,human,False,unsure,,5.0,3.0,2.0,5,4,6,3,5,20,prefer_not_to_say,US,high_school_or_equivalent,7,7,7,1,mixed,high,2,4,1,4,5,truth_source_unlabeled_persona_104.json
104,TS58,0,ai,True,true,1.0,6.0,5.0,1.0,5,4,6,3,5,20,prefer_not_to_say,US,high_school_or_equivalent,7,7,7,1,mixed,high,2,4,1,4,5,truth_source_unlabeled_persona_104.json
104,TS67,0,ai,False,false,1.0,6.0,4.0,1.0,5,4,6,3,5,20,prefer_not_to_say,US,high_school_or_equivalent,7,7,7,1,mixed,high,2,4,1,4,5,truth_source_unlabeled_persona_104.json
104,TS27,0,human,False,false,1.0,6.0,5.0,1.0,5,4,6,3,5,20,prefer_not_to_say,US,high_school_or_equivalent,7,7,7,1,mixed,high,2,4,1,4,5,truth_source_unlabeled_persona_104.json
104,TS19,0,human,True,true,1.0,6.0,5.0,1.0,5,4,6,3,5,20,prefer_not_to_say,US,high_school_or_equivalent,7,7,7,1,mixed,high,2,4,1,4,5,truth_source_unlabeled_persona_104.json
105,TS67,0,ai,False,false,1.0,6.0,4.0,2.0,2,3,5,4,6,25,woman,Canadian,undergraduate,2,3,4,2,mixed,moderate,6,3,2,4,4,truth_source_unlabeled_persona_105.json
105,TS55,0,ai,True,true,1.0,6.0,6.0,5.0,2,3,5,4,6,25,woman,Canadian,undergraduate,2,3,4,2,mixed,moderate,6,3,2,4,4,truth_source_unlabeled_persona_105.json
105,TS59,0,ai,True,true,1.0,6.0,5.0,2.0,2,3,5,4,6,25,woman,Canadian,undergraduate,2,3,4,2,mixed,moderate,6,3,2,4,4,truth_source_unlabeled_persona_105.json
105,TS32,0,human,False,false,1.0,4.0,2.0,3.0,2,3,5,4,6,25,woman,Canadian,undergraduate,2,3,4,2,mixed,moderate,6,3,2,4,4,truth_source_unlabeled_persona_105.json
105,TS10,0,human,True,true,1.0,6.0,6.0,5.0,2,3,5,4,6,25,woman,Canadian,undergraduate,2,3,4,2,mixed,moderate,6,3,2,4,4,truth_source_unlabeled_persona_105.json
106,TS32,0,human,False,false,1.0,6.0,4.0,2.0,3,4,5,6,5,22,nonbinary,US,some_college,3,4,5,5,mixed,moderate,1,3,2,6,3,truth_source_unlabeled_persona_106.json
106,TS16,0,human,True,true,1.0,5.0,6.0,3.0,3,4,5,6,5,22,nonbinary,US,some_college,3,4,5,5,mixed,moderate,1,3,2,6,3,truth_source_unlabeled_persona_106.json
106,TS67,0,ai,False,false,1.0,7.0,2.0,1.0,3,4,5,6,5,22,nonbinary,US,some_college,3,4,5,5,mixed,moderate,1,3,2,6,3,truth_source_unlabeled_persona_106.json
106,TS58,0,ai,True,true,1.0,6.0,7.0,1.0,3,4,5,6,5,22,nonbinary,US,some_college,3,4,5,5,mixed,moderate,1,3,2,6,3,truth_source_unlabeled_persona_106.json
106,TS24,0,human,False,false,1.0,6.0,4.0,2.0,3,4,5,6,5,22,nonbinary,US,some_college,3,4,5,5,mixed,moderate,1,3,2,6,3,truth_source_unlabeled_persona_106.json
107,TS67,0,ai,False,false,1.0,6.0,2.0,3.0,6,3,5,4,2,25,nonbinary,German,graduate_student,6,6,5,5,analytical,high,4,1,1,1,1,truth_source_unlabeled_persona_107.json
107,TS16,0,human,True,true,1.0,5.0,4.0,2.0,6,3,5,4,2,25,nonbinary,German,graduate_student,6,6,5,5,analytical,high,4,1,1,1,1,truth_source_unlabeled_persona_107.json
107,TS24,0,human,False,false,1.0,6.0,2.0,1.0,6,3,5,4,2,25,nonbinary,German,graduate_student,6,6,5,5,analytical,high,4,1,1,1,1,truth_source_unlabeled_persona_107.json
107,TS32,0,human,False,false,1.0,4.0,3.0,2.0,6,3,5,4,2,25,nonbinary,German,graduate_student,6,6,5,5,analytical,high,4,1,1,1,1,truth_source_unlabeled_persona_107.json
107,TS58,0,ai,True,true,1.0,6.0,5.0,1.0,6,3,5,4,2,25,nonbinary,German,graduate_student,6,6,5,5,analytical,high,4,1,1,1,1,truth_source_unlabeled_persona_107.json
108,TS16,0,human,True,true,1.0,4.0,5.0,2.0,4,3,2,5,4,20,nonbinary,Australian,some_college,6,1,5,2,intuitive,low,5,4,4,4,3,truth_source_unlabeled_persona_108.json
108,TS58,0,ai,True,true,1.0,6.0,6.0,1.0,4,3,2,5,4,20,nonbinary,Australian,some_college,6,1,5,2,intuitive,low,5,4,4,4,3,truth_source_unlabeled_persona_108.json
108,TS32,0,human,False,unsure,,3.0,4.0,2.0,4,3,2,5,4,20,nonbinary,Australian,some_college,6,1,5,2,intuitive,low,5,4,4,4,3,truth_source_unlabeled_persona_108.json
108,TS51,0,ai,True,true,1.0,6.0,7.0,1.0,4,3,2,5,4,20,nonbinary,Australian,some_college,6,1,5,2,intuitive,low,5,4,4,4,3,truth_source_unlabeled_persona_108.json
108,TS19,0,human,True,true,1.0,6.0,6.0,1.0,4,3,2,5,4,20,nonbinary,Australian,some_college,6,1,5,2,intuitive,low,5,4,4,4,3,truth_source_unlabeled_persona_108.json
109,TS16,0,human,True,true,1.0,5.0,3.0,4.0,4,2,5,3,4,18,nonbinary,British,bachelors_degree,7,2,2,5,analytical,moderate,1,5,4,6,3,truth_source_unlabeled_persona_109.json
109,TS51,0,ai,True,true,1.0,6.0,5.0,2.0,4,2,5,3,4,18,nonbinary,British,bachelors_degree,7,2,2,5,analytical,moderate,1,5,4,6,3,truth_source_unlabeled_persona_109.json
109,TS10,0,human,True,true,1.0,6.0,5.0,2.0,4,2,5,3,4,18,nonbinary,British,bachelors_degree,7,2,2,5,analytical,moderate,1,5,4,6,3,truth_source_unlabeled_persona_109.json
109,TS59,0,ai,True,true,1.0,6.0,5.0,3.0,4,2,5,3,4,18,nonbinary,British,bachelors_degree,7,2,2,5,analytical,moderate,1,5,4,6,3,truth_source_unlabeled_persona_109.json
109,TS32,0,human,False,false,1.0,4.0,3.0,2.0,4,2,5,3,4,18,nonbinary,British,bachelors_degree,7,2,2,5,analytical,moderate,1,5,4,6,3,truth_source_unlabeled_persona_109.json
110,TS32,0,human,False,unsure,,3.0,5.0,4.0,4,3,5,2,4,25,man,US,some_college,4,3,4,4,intuitive,moderate,1,4,7,1,1,truth_source_unlabeled_persona_110.json
110,TS16,0,human,True,true,1.0,3.0,5.0,2.0,4,3,5,2,4,25,man,US,some_college,4,3,4,4,intuitive,moderate,1,4,7,1,1,truth_source_unlabeled_persona_110.json
110,TS44,0,ai,True,true,1.0,6.0,6.0,1.0,4,3,5,2,4,25,man,US,some_college,4,3,4,4,intuitive,moderate,1,4,7,1,1,truth_source_unlabeled_persona_110.json
110,TS10,0,human,True,true,1.0,6.0,6.0,1.0,4,3,5,2,4,25,man,US,some_college,4,3,4,4,intuitive,moderate,1,4,7,1,1,truth_source_unlabeled_persona_110.json
110,TS58,0,ai,True,true,1.0,6.0,7.0,1.0,4,3,5,2,4,25,man,US,some_college,4,3,4,4,intuitive,moderate,1,4,7,1,1,truth_source_unlabeled_persona_110.json
111,TS51,0,ai,True,true,1.0,5.0,6.0,2.0,4,3,5,6,5,18,nonbinary,US,bachelors_degree,4,3,4,7,intuitive,moderate,3,5,6,5,1,truth_source_unlabeled_persona_111.json
111,TS10,0,human,True,true,1.0,6.0,5.0,1.0,4,3,5,6,5,18,nonbinary,US,bachelors_degree,4,3,4,7,intuitive,moderate,3,5,6,5,1,truth_source_unlabeled_persona_111.json
111,TS16,0,human,True,true,1.0,5.0,6.0,1.0,4,3,5,6,5,18,nonbinary,US,bachelors_degree,4,3,4,7,intuitive,moderate,3,5,6,5,1,truth_source_unlabeled_persona_111.json
111,TS32,0,human,False,false,1.0,4.0,3.0,2.0,4,3,5,6,5,18,nonbinary,US,bachelors_degree,4,3,4,7,intuitive,moderate,3,5,6,5,1,truth_source_unlabeled_persona_111.json
111,TS58,0,ai,True,true,1.0,6.0,5.0,1.0,4,3,5,6,5,18,nonbinary,US,bachelors_degree,4,3,4,7,intuitive,moderate,3,5,6,5,1,truth_source_unlabeled_persona_111.json
112,TS74,0,ai,False,false,1.0,6.0,3.0,2.0,5,4,6,3,5,19,prefer_not_to_say,US,high_school_or_equivalent,1,6,7,4,mixed,low,4,4,4,3,5,truth_source_unlabeled_persona_112.json
112,TS44,0,ai,True,true,1.0,6.0,5.0,5.0,5,4,6,3,5,19,prefer_not_to_say,US,high_school_or_equivalent,1,6,7,4,mixed,low,4,4,4,3,5,truth_source_unlabeled_persona_112.json
112,TS10,0,human,True,true,1.0,6.0,5.0,4.0,5,4,6,3,5,19,prefer_not_to_say,US,high_school_or_equivalent,1,6,7,4,mixed,low,4,4,4,3,5,truth_source_unlabeled_persona_112.json
112,TS58,0,ai,True,true,1.0,6.0,5.0,4.0,5,4,6,3,5,19,prefer_not_to_say,US,high_school_or_equivalent,1,6,7,4,mixed,low,4,4,4,3,5,truth_source_unlabeled_persona_112.json
112,TS43,0,ai,True,true,1.0,6.0,5.0,4.0,5,4,6,3,5,19,prefer_not_to_say,US,high_school_or_equivalent,1,6,7,4,mixed,low,4,4,4,3,5,truth_source_unlabeled_persona_112.json
113,TS16,0,human,True,true,1.0,5.0,4.0,2.0,4,2,5,3,4,21,nonbinary,Australian,vocational_training,4,2,3,7,mixed,low,1,4,7,7,1,truth_source_unlabeled_persona_113.json
113,TS44,0,ai,True,true,1.0,6.0,5.0,3.0,4,2,5,3,4,21,nonbinary,Australian,vocational_training,4,2,3,7,mixed,low,1,4,7,7,1,truth_source_unlabeled_persona_113.json
113,TS74,0,ai,False,false,1.0,6.0,2.0,1.0,4,2,5,3,4,21,nonbinary,Australian,vocational_training,4,2,3,7,mixed,low,1,4,7,7,1,truth_source_unlabeled_persona_113.json
113,TS10,0,human,True,true,1.0,6.0,5.0,3.0,4,2,5,3,4,21,nonbinary,Australian,vocational_training,4,2,3,7,mixed,low,1,4,7,7,1,truth_source_unlabeled_persona_113.json
113,TS58,0,ai,True,true,1.0,6.0,5.0,3.0,4,2,5,3,4,21,nonbinary,Australian,vocational_training,4,2,3,7,mixed,low,1,4,7,7,1,truth_source_unlabeled_persona_113.json
114,TS58,0,ai,True,true,1.0,6.0,5.0,2.0,4,7,5,4,3,19,prefer_not_to_say,German,vocational_training,4,7,6,4,analytical,moderate,4,2,2,4,3,truth_source_unlabeled_persona_114.json
114,TS10,0,human,True,true,1.0,6.0,5.0,2.0,4,7,5,4,3,19,prefer_not_to_say,German,vocational_training,4,7,6,4,analytical,moderate,4,2,2,4,3,truth_source_unlabeled_persona_114.json
114,TS74,0,ai,False,false,1.0,6.0,2.0,1.0,4,7,5,4,3,19,prefer_not_to_say,German,vocational_training,4,7,6,4,analytical,moderate,4,2,2,4,3,truth_source_unlabeled_persona_114.json
114,TS16,0,human,True,true,1.0,5.0,4.0,3.0,4,7,5,4,3,19,prefer_not_to_say,German,vocational_training,4,7,6,4,analytical,moderate,4,2,2,4,3,truth_source_unlabeled_persona_114.json
114,TS77,0,ai,False,false,1.0,6.0,2.0,1.0,4,7,5,4,3,19,prefer_not_to_say,German,vocational_training,4,7,6,4,analytical,moderate,4,2,2,4,3,truth_source_unlabeled_persona_114.json
115,TS51,0,ai,True,true,1.0,6.0,5.0,2.0,4,2,5,3,4,24,prefer_not_to_say,US,graduate_student,4,1,3,4,analytical,moderate,5,7,2,4,6,truth_source_unlabeled_persona_115.json
115,TS74,0,ai,False,false,1.0,6.0,5.0,2.0,4,2,5,3,4,24,prefer_not_to_say,US,graduate_student,4,1,3,4,analytical,moderate,5,7,2,4,6,truth_source_unlabeled_persona_115.json
115,TS58,0,ai,True,true,1.0,6.0,6.0,2.0,4,2,5,3,4,24,prefer_not_to_say,US,graduate_student,4,1,3,4,analytical,moderate,5,7,2,4,6,truth_source_unlabeled_persona_115.json
115,TS10,0,human,True,true,1.0,6.0,5.0,2.0,4,2,5,3,4,24,prefer_not_to_say,US,graduate_student,4,1,3,4,analytical,moderate,5,7,2,4,6,truth_source_unlabeled_persona_115.json
115,TS16,0,human,True,true,1.0,5.0,4.0,3.0,4,2,5,3,4,24,prefer_not_to_say,US,graduate_student,4,1,3,4,analytical,moderate,5,7,2,4,6,truth_source_unlabeled_persona_115.json
116,TS58,0,ai,True,true,1.0,5.0,6.0,2.0,5,2,4,3,5,18,man,British,bachelors_degree,5,7,1,5,analytical,moderate,2,1,1,2,5,truth_source_unlabeled_persona_116.json
116,TS43,0,ai,True,true,1.0,5.0,6.0,2.0,5,2,4,3,5,18,man,British,bachelors_degree,5,7,1,5,analytical,moderate,2,1,1,2,5,truth_source_unlabeled_persona_116.json
116,TS74,0,ai,False,false,1.0,6.0,2.0,1.0,5,2,4,3,5,18,man,British,bachelors_degree,5,7,1,5,analytical,moderate,2,1,1,2,5,truth_source_unlabeled_persona_116.json
116,TS51,0,ai,True,true,1.0,6.0,7.0,1.0,5,2,4,3,5,18,man,British,bachelors_degree,5,7,1,5,analytical,moderate,2,1,1,2,5,truth_source_unlabeled_persona_116.json
116,TS19,0,human,True,true,1.0,6.0,5.0,1.0,5,2,4,3,5,18,man,British,bachelors_degree,5,7,1,5,analytical,moderate,2,1,1,2,5,truth_source_unlabeled_persona_116.json
117,TS74,0,ai,False,false,1.0,6.0,3.0,2.0,4,3,5,5,4,21,woman,British,graduate_student,4,7,4,5,mixed,moderate,2,3,7,4,7,truth_source_unlabeled_persona_117.json
117,TS16,0,human,True,true,1.0,5.0,4.0,6.0,4,3,5,5,4,21,woman,British,graduate_student,4,7,4,5,mixed,moderate,2,3,7,4,7,truth_source_unlabeled_persona_117.json
117,TS19,0,human,True,true,1.0,6.0,5.0,1.0,4,3,5,5,4,21,woman,British,graduate_student,4,7,4,5,mixed,moderate,2,3,7,4,7,truth_source_unlabeled_persona_117.json
117,TS58,0,ai,True,true,1.0,6.0,6.0,1.0,4,3,5,5,4,21,woman,British,graduate_student,4,7,4,5,mixed,moderate,2,3,7,4,7,truth_source_unlabeled_persona_117.json
117,TS51,0,ai,True,true,1.0,6.0,6.0,1.0,4,3,5,5,4,21,woman,British,graduate_student,4,7,4,5,mixed,moderate,2,3,7,4,7,truth_source_unlabeled_persona_117.json
118,TS16,0,human,True,true,1.0,5.0,4.0,2.0,3,4,5,6,3,25,woman,German,vocational_training,3,3,5,3,intuitive,moderate,4,1,5,5,7,truth_source_unlabeled_persona_118.json
118,TS58,0,ai,True,true,1.0,6.0,5.0,1.0,3,4,5,6,3,25,woman,German,vocational_training,3,3,5,3,intuitive,moderate,4,1,5,5,7,truth_source_unlabeled_persona_118.json
118,TS51,0,ai,True,true,1.0,6.0,6.0,1.0,3,4,5,6,3,25,woman,German,vocational_training,3,3,5,3,intuitive,moderate,4,1,5,5,7,truth_source_unlabeled_persona_118.json
118,TS64,0,ai,False,false,1.0,4.0,3.0,2.0,3,4,5,6,3,25,woman,German,vocational_training,3,3,5,3,intuitive,moderate,4,1,5,5,7,truth_source_unlabeled_persona_118.json
118,TS24,0,human,False,false,1.0,6.0,4.0,1.0,3,4,5,6,3,25,woman,German,vocational_training,3,3,5,3,intuitive,moderate,4,1,5,5,7,truth_source_unlabeled_persona_118.json
119,TS19,0,human,True,true,1.0,5.0,6.0,2.0,4,3,2,5,4,18,woman,British,graduate_student,4,3,4,2,intuitive,low,1,4,4,2,7,truth_source_unlabeled_persona_119.json
119,TS16,0,human,True,true,1.0,6.0,5.0,1.0,4,3,2,5,4,18,woman,British,graduate_student,4,3,4,2,intuitive,low,1,4,4,2,7,truth_source_unlabeled_persona_119.json
119,TS59,0,ai,True,true,1.0,6.0,7.0,1.0,4,3,2,5,4,18,woman,British,graduate_student,4,3,4,2,intuitive,low,1,4,4,2,7,truth_source_unlabeled_persona_119.json
119,TS74,0,ai,False,false,1.0,6.0,4.0,2.0,4,3,2,5,4,18,woman,British,graduate_student,4,3,4,2,intuitive,low,1,4,4,2,7,truth_source_unlabeled_persona_119.json
119,TS51,0,ai,True,true,1.0,7.0,6.0,1.0,4,3,2,5,4,18,woman,British,graduate_student,4,3,4,2,intuitive,low,1,4,4,2,7,truth_source_unlabeled_persona_119.json
120,TS19,0,human,True,true,1.0,5.0,6.0,2.0,4,3,6,5,2,25,prefer_not_to_say,German,graduate_student,7,3,3,7,mixed,high,4,7,5,3,7,truth_source_unlabeled_persona_120.json
120,TS5,0,human,True,true,1.0,5.0,6.0,2.0,4,3,6,5,2,25,prefer_not_to_say,German,graduate_student,7,3,3,7,mixed,high,4,7,5,3,7,truth_source_unlabeled_persona_120.json
120,TS59,0,ai,True,true,1.0,6.0,5.0,1.0,4,3,6,5,2,25,prefer_not_to_say,German,graduate_student,7,3,3,7,mixed,high,4,7,5,3,7,truth_source_unlabeled_persona_120.json
120,TS51,0,ai,True,true,1.0,6.0,6.0,1.0,4,3,6,5,2,25,prefer_not_to_say,German,graduate_student,7,3,3,7,mixed,high,4,7,5,3,7,truth_source_unlabeled_persona_120.json
120,TS55,0,ai,True,true,1.0,6.0,5.0,1.0,4,3,6,5,2,25,prefer_not_to_say,German,graduate_student,7,3,3,7,mixed,high,4,7,5,3,7,truth_source_unlabeled_persona_120.json
121,TS51,0,ai,True,true,1.0,5.0,6.0,2.0,2,3,5,4,2,22,nonbinary,US,vocational_training,1,6,3,5,mixed,moderate,1,6,1,1,7,truth_source_unlabeled_persona_121.json
121,TS19,0,human,True,true,1.0,6.0,5.0,2.0,2,3,5,4,2,22,nonbinary,US,vocational_training,1,6,3,5,mixed,moderate,1,6,1,1,7,truth_source_unlabeled_persona_121.json
121,TS59,0,ai,True,true,1.0,6.0,5.0,2.0,2,3,5,4,2,22,nonbinary,US,vocational_training,1,6,3,5,mixed,moderate,1,6,1,1,7,truth_source_unlabeled_persona_121.json
121,TS16,0,human,True,true,1.0,5.0,4.0,3.0,2,3,5,4,2,22,nonbinary,US,vocational_training,1,6,3,5,mixed,moderate,1,6,1,1,7,truth_source_unlabeled_persona_121.json
121,TS74,0,ai,False,false,1.0,6.0,5.0,1.0,2,3,5,4,2,22,nonbinary,US,vocational_training,1,6,3,5,mixed,moderate,1,6,1,1,7,truth_source_unlabeled_persona_121.json
122,TS59,0,ai,True,true,1.0,4.0,5.0,3.0,5,2,4,3,5,23,man,Dutch,some_college,5,1,5,2,mixed,moderate,5,7,4,5,6,truth_source_unlabeled_persona_122.json
122,TS16,0,human,True,true,1.0,5.0,6.0,2.0,5,2,4,3,5,23,man,Dutch,some_college,5,1,5,2,mixed,moderate,5,7,4,5,6,truth_source_unlabeled_persona_122.json
122,TS24,0,human,False,false,1.0,4.0,5.0,2.0,5,2,4,3,5,23,man,Dutch,some_college,5,1,5,2,mixed,moderate,5,7,4,5,6,truth_source_unlabeled_persona_122.json
122,TS74,0,ai,False,false,1.0,6.0,3.0,2.0,5,2,4,3,5,23,man,Dutch,some_college,5,1,5,2,mixed,moderate,5,7,4,5,6,truth_source_unlabeled_persona_122.json
122,TS51,0,ai,True,true,1.0,5.0,6.0,2.0,5,2,4,3,5,23,man,Dutch,some_college,5,1,5,2,mixed,moderate,5,7,4,5,6,truth_source_unlabeled_persona_122.json
123,TS51,0,ai,True,true,1.0,5.0,6.0,2.0,2,4,3,5,6,22,woman,British,vocational_training,2,7,1,3,mixed,low,4,4,2,5,5,truth_source_unlabeled_persona_123.json
123,TS19,0,human,True,true,1.0,6.0,5.0,3.0,2,4,3,5,6,22,woman,British,vocational_training,2,7,1,3,mixed,low,4,4,2,5,5,truth_source_unlabeled_persona_123.json
123,TS59,0,ai,True,true,1.0,6.0,6.0,2.0,2,4,3,5,6,22,woman,British,vocational_training,2,7,1,3,mixed,low,4,4,2,5,5,truth_source_unlabeled_persona_123.json
123,TS16,0,human,True,true,1.0,5.0,6.0,2.0,2,4,3,5,6,22,woman,British,vocational_training,2,7,1,3,mixed,low,4,4,2,5,5,truth_source_unlabeled_persona_123.json
123,TS74,0,ai,False,false,1.0,7.0,1.0,1.0,2,4,3,5,6,22,woman,British,vocational_training,2,7,1,3,mixed,low,4,4,2,5,5,truth_source_unlabeled_persona_123.json
124,TS55,0,ai,True,true,1.0,5.0,4.0,2.0,3,5,4,5,3,18,nonbinary,Australian,high_school_or_equivalent,7,1,4,4,intuitive,low,4,6,6,1,5,truth_source_unlabeled_persona_124.json
124,TS44,0,ai,True,true,1.0,6.0,6.0,1.0,3,5,4,5,3,18,nonbinary,Australian,high_school_or_equivalent,7,1,4,4,intuitive,low,4,6,6,1,5,truth_source_unlabeled_persona_124.json
124,TS74,0,ai,False,false,1.0,6.0,2.0,1.0,3,5,4,5,3,18,nonbinary,Australian,high_school_or_equivalent,7,1,4,4,intuitive,low,4,6,6,1,5,truth_source_unlabeled_persona_124.json
124,TS61,0,ai,False,false,1.0,6.0,2.0,1.0,3,5,4,5,3,18,nonbinary,Australian,high_school_or_equivalent,7,1,4,4,intuitive,low,4,6,6,1,5,truth_source_unlabeled_persona_124.json
124,TS19,0,human,True,true,1.0,6.0,5.0,1.0,3,5,4,5,3,18,nonbinary,Australian,high_school_or_equivalent,7,1,4,4,intuitive,low,4,6,6,1,5,truth_source_unlabeled_persona_124.json
125,TS19,0,human,True,true,1.0,5.0,3.0,4.0,6,4,5,4,6,18,man,Australian,bachelors_degree,6,4,6,6,mixed,low,1,6,5,6,7,truth_source_unlabeled_persona_125.json
125,TS59,0,ai,True,true,1.0,6.0,5.0,2.0,6,4,5,4,6,18,man,Australian,bachelors_degree,6,4,6,6,mixed,low,1,6,5,6,7,truth_source_unlabeled_persona_125.json
125,TS51,0,ai,True,true,1.0,6.0,6.0,5.0,6,4,5,4,6,18,man,Australian,bachelors_degree,6,4,6,6,mixed,low,1,6,5,6,7,truth_source_unlabeled_persona_125.json
125,TS5,0,human,True,true,1.0,4.0,2.0,3.0,6,4,5,4,6,18,man,Australian,bachelors_degree,6,4,6,6,mixed,low,1,6,5,6,7,truth_source_unlabeled_persona_125.json
125,TS16,0,human,True,true,1.0,6.0,4.0,5.0,6,4,5,4,6,18,man,Australian,bachelors_degree,6,4,6,6,mixed,low,1,6,5,6,7,truth_source_unlabeled_persona_125.json
126,TS61,0,ai,False,false,1.0,4.0,3.0,2.0,3,2,5,4,3,21,man,Dutch,graduate_student,3,2,1,1,mixed,moderate,2,4,3,6,7,truth_source_unlabeled_persona_126.json
126,TS43,0,ai,True,true,1.0,5.0,6.0,4.0,3,2,5,4,3,21,man,Dutch,graduate_student,3,2,1,1,mixed,moderate,2,4,3,6,7,truth_source_unlabeled_persona_126.json
126,TS74,0,ai,False,false,1.0,6.0,5.0,3.0,3,2,5,4,3,21,man,Dutch,graduate_student,3,2,1,1,mixed,moderate,2,4,3,6,7,truth_source_unlabeled_persona_126.json
126,TS19,0,human,True,true,1.0,5.0,6.0,4.0,3,2,5,4,3,21,man,Dutch,graduate_student,3,2,1,1,mixed,moderate,2,4,3,6,7,truth_source_unlabeled_persona_126.json
126,TS51,0,ai,True,true,1.0,4.0,6.0,2.0,3,2,5,4,3,21,man,Dutch,graduate_student,3,2,1,1,mixed,moderate,2,4,3,6,7,truth_source_unlabeled_persona_126.json
127,TS59,0,ai,True,true,1.0,5.0,6.0,3.0,4,5,3,6,4,18,man,German,vocational_training,7,4,2,5,intuitive,moderate,4,7,7,4,3,truth_source_unlabeled_persona_127.json
127,TS19,0,human,True,true,1.0,6.0,5.0,2.0,4,5,3,6,4,18,man,German,vocational_training,7,4,2,5,intuitive,moderate,4,7,7,4,3,truth_source_unlabeled_persona_127.json
127,TS16,0,human,True,unsure,,4.0,5.0,3.0,4,5,3,6,4,18,man,German,vocational_training,7,4,2,5,intuitive,moderate,4,7,7,4,3,truth_source_unlabeled_persona_127.json
127,TS51,0,ai,True,true,1.0,6.0,7.0,2.0,4,5,3,6,4,18,man,German,vocational_training,7,4,2,5,intuitive,moderate,4,7,7,4,3,truth_source_unlabeled_persona_127.json
127,TS5,0,human,True,false,0.0,4.0,5.0,3.0,4,5,3,6,4,18,man,German,vocational_training,7,4,2,5,intuitive,moderate,4,7,7,4,3,truth_source_unlabeled_persona_127.json
128,TS59,0,ai,True,true,1.0,5.0,6.0,3.0,3,2,4,2,3,23,man,Canadian,some_college,3,1,2,5,mixed,moderate,5,7,2,4,4,truth_source_unlabeled_persona_128.json
128,TS74,0,ai,False,false,1.0,6.0,5.0,2.0,3,2,4,2,3,23,man,Canadian,some_college,3,1,2,5,mixed,moderate,5,7,2,4,4,truth_source_unlabeled_persona_128.json
128,TS16,0,human,True,true,1.0,5.0,6.0,3.0,3,2,4,2,3,23,man,Canadian,some_college,3,1,2,5,mixed,moderate,5,7,2,4,4,truth_source_unlabeled_persona_128.json
128,TS51,0,ai,True,true,1.0,6.0,7.0,1.0,3,2,4,2,3,23,man,Canadian,some_college,3,1,2,5,mixed,moderate,5,7,2,4,4,truth_source_unlabeled_persona_128.json
128,TS19,0,human,True,true,1.0,7.0,7.0,1.0,3,2,4,2,3,23,man,Canadian,some_college,3,1,2,5,mixed,moderate,5,7,2,4,4,truth_source_unlabeled_persona_128.json
129,TS19,0,human,True,true,1.0,5.0,5.0,4.0,5,3,6,2,4,21,woman,British,graduate_student,5,3,2,7,mixed,low,6,3,3,4,2,truth_source_unlabeled_persona_129.json
129,TS16,0,human,True,true,1.0,6.0,5.0,3.0,5,3,6,2,4,21,woman,British,graduate_student,5,3,2,7,mixed,low,6,3,3,4,2,truth_source_unlabeled_persona_129.json
129,TS74,0,ai,False,false,1.0,6.0,2.0,2.0,5,3,6,2,4,21,woman,British,graduate_student,5,3,2,7,mixed,low,6,3,3,4,2,truth_source_unlabeled_persona_129.json
129,TS44,0,ai,True,true,1.0,6.0,6.0,3.0,5,3,6,2,4,21,woman,British,graduate_student,5,3,2,7,mixed,low,6,3,3,4,2,truth_source_unlabeled_persona_129.json
129,TS61,0,ai,False,false,1.0,6.0,3.0,2.0,5,3,6,2,4,21,woman,British,graduate_student,5,3,2,7,mixed,low,6,3,3,4,2,truth_source_unlabeled_persona_129.json
130,TS59,0,ai,True,true,1.0,4.0,5.0,2.0,4,2,6,5,3,24,nonbinary,Australian,high_school_or_equivalent,6,2,7,7,analytical,high,7,6,3,4,7,truth_source_unlabeled_persona_130.json
130,TS74,0,ai,False,false,1.0,6.0,3.0,1.0,4,2,6,5,3,24,nonbinary,Australian,high_school_or_equivalent,6,2,7,7,analytical,high,7,6,3,4,7,truth_source_unlabeled_persona_130.json
130,TS19,0,human,True,true,1.0,6.0,5.0,1.0,4,2,6,5,3,24,nonbinary,Australian,high_school_or_equivalent,6,2,7,7,analytical,high,7,6,3,4,7,truth_source_unlabeled_persona_130.json
130,TS16,0,human,True,true,1.0,5.0,4.0,2.0,4,2,6,5,3,24,nonbinary,Australian,high_school_or_equivalent,6,2,7,7,analytical,high,7,6,3,4,7,truth_source_unlabeled_persona_130.json
130,TS51,0,ai,True,true,1.0,6.0,5.0,1.0,4,2,6,5,3,24,nonbinary,Australian,high_school_or_equivalent,6,2,7,7,analytical,high,7,6,3,4,7,truth_source_unlabeled_persona_130.json
131,TS19,0,human,True,true,1.0,5.0,4.0,2.0,4,5,3,6,4,19,prefer_not_to_say,Dutch,vocational_training,4,5,5,5,mixed,high,6,4,7,6,5,truth_source_unlabeled_persona_131.json
131,TS74,0,ai,False,false,1.0,6.0,2.0,1.0,4,5,3,6,4,19,prefer_not_to_say,Dutch,vocational_training,4,5,5,5,mixed,high,6,4,7,6,5,truth_source_unlabeled_persona_131.json
131,TS16,0,human,True,true,1.0,4.0,3.0,2.0,4,5,3,6,4,19,prefer_not_to_say,Dutch,vocational_training,4,5,5,5,mixed,high,6,4,7,6,5,truth_source_unlabeled_persona_131.json
131,TS44,0,ai,True,true,1.0,6.0,5.0,1.0,4,5,3,6,4,19,prefer_not_to_say,Dutch,vocational_training,4,5,5,5,mixed,high,6,4,7,6,5,truth_source_unlabeled_persona_131.json
131,TS59,0,ai,True,true,1.0,6.0,5.0,2.0,4,5,3,6,4,19,prefer_not_to_say,Dutch,vocational_training,4,5,5,5,mixed,high,6,4,7,6,5,truth_source_unlabeled_persona_131.json
132,TS59,0,ai,True,true,1.0,4.0,5.0,3.0,3,2,6,5,4,23,man,US,graduate_student,3,6,2,4,intuitive,moderate,4,5,6,5,3,truth_source_unlabeled_persona_132.json
132,TS51,0,ai,True,true,1.0,5.0,6.0,2.0,3,2,6,5,4,23,man,US,graduate_student,3,6,2,4,intuitive,moderate,4,5,6,5,3,truth_source_unlabeled_persona_132.json
132,TS43,0,ai,True,true,1.0,6.0,5.0,2.0,3,2,6,5,4,23,man,US,graduate_student,3,6,2,4,intuitive,moderate,4,5,6,5,3,truth_source_unlabeled_persona_132.json
132,TS46,0,ai,True,true,1.0,5.0,4.0,3.0,3,2,6,5,4,23,man,US,graduate_student,3,6,2,4,intuitive,moderate,4,5,6,5,3,truth_source_unlabeled_persona_132.json
132,TS74,0,ai,False,false,1.0,6.0,2.0,1.0,3,2,6,5,4,23,man,US,graduate_student,3,6,2,4,intuitive,moderate,4,5,6,5,3,truth_source_unlabeled_persona_132.json
133,TS19,0,human,True,true,1.0,6.0,5.0,4.0,5,3,4,6,2,18,woman,US,bachelors_degree,7,2,3,7,mixed,moderate,6,4,1,5,7,truth_source_unlabeled_persona_133.json
133,TS74,0,ai,False,false,1.0,6.0,3.0,2.0,5,3,4,6,2,18,woman,US,bachelors_degree,7,2,3,7,mixed,moderate,6,4,1,5,7,truth_source_unlabeled_persona_133.json
133,TS51,0,ai,True,true,1.0,7.0,7.0,1.0,5,3,4,6,2,18,woman,US,bachelors_degree,7,2,3,7,mixed,moderate,6,4,1,5,7,truth_source_unlabeled_persona_133.json
133,TS16,0,human,True,true,1.0,6.0,5.0,2.0,5,3,4,6,2,18,woman,US,bachelors_degree,7,2,3,7,mixed,moderate,6,4,1,5,7,truth_source_unlabeled_persona_133.json
133,TS59,0,ai,True,true,1.0,6.0,5.0,2.0,5,3,4,6,2,18,woman,US,bachelors_degree,7,2,3,7,mixed,moderate,6,4,1,5,7,truth_source_unlabeled_persona_133.json
134,TS16,0,human,True,true,1.0,4.0,4.0,3.0,5,2,6,4,3,22,prefer_not_to_say,US,undergraduate,3,5,5,3,analytical,high,4,5,4,6,3,truth_source_unlabeled_persona_134.json
134,TS51,0,ai,True,true,1.0,6.0,7.0,1.0,5,2,6,4,3,22,prefer_not_to_say,US,undergraduate,3,5,5,3,analytical,high,4,5,4,6,3,truth_source_unlabeled_persona_134.json
134,TS59,0,ai,True,true,1.0,6.0,5.0,2.0,5,2,6,4,3,22,prefer_not_to_say,US,undergraduate,3,5,5,3,analytical,high,4,5,4,6,3,truth_source_unlabeled_persona_134.json
134,TS64,0,ai,False,false,1.0,4.0,3.0,2.0,5,2,6,4,3,22,prefer_not_to_say,US,undergraduate,3,5,5,3,analytical,high,4,5,4,6,3,truth_source_unlabeled_persona_134.json
134,TS24,0,human,False,false,1.0,6.0,3.0,2.0,5,2,6,4,3,22,prefer_not_to_say,US,undergraduate,3,5,5,3,analytical,high,4,5,4,6,3,truth_source_unlabeled_persona_134.json
135,TS19,0,human,True,true,1.0,4.0,3.0,5.0,4,3,5,6,2,18,nonbinary,US,some_college,4,7,1,6,mixed,moderate,4,4,6,4,5,truth_source_unlabeled_persona_135.json
135,TS59,0,ai,True,true,1.0,6.0,5.0,3.0,4,3,5,6,2,18,nonbinary,US,some_college,4,7,1,6,mixed,moderate,4,4,6,4,5,truth_source_unlabeled_persona_135.json
135,TS51,0,ai,True,true,1.0,5.0,6.0,2.0,4,3,5,6,2,18,nonbinary,US,some_college,4,7,1,6,mixed,moderate,4,4,6,4,5,truth_source_unlabeled_persona_135.json
135,TS16,0,human,True,true,1.0,4.0,4.0,3.0,4,3,5,6,2,18,nonbinary,US,some_college,4,7,1,6,mixed,moderate,4,4,6,4,5,truth_source_unlabeled_persona_135.json
135,TS5,0,human,True,unsure,,4.0,3.0,2.0,4,3,5,6,2,18,nonbinary,US,some_college,4,7,1,6,mixed,moderate,4,4,6,4,5,truth_source_unlabeled_persona_135.json
136,TS19,0,human,True,true,1.0,4.0,5.0,3.0,5,2,4,3,5,23,nonbinary,Dutch,high_school_or_equivalent,7,2,3,3,mixed,moderate,6,6,3,4,3,truth_source_unlabeled_persona_136.json
136,TS64,0,ai,False,false,1.0,2.0,3.0,5.0,5,2,4,3,5,23,nonbinary,Dutch,high_school_or_equivalent,7,2,3,3,mixed,moderate,6,6,3,4,3,truth_source_unlabeled_persona_136.json
136,TS51,0,ai,True,true,1.0,6.0,6.0,2.0,5,2,4,3,5,23,nonbinary,Dutch,high_school_or_equivalent,7,2,3,3,mixed,moderate,6,6,3,4,3,truth_source_unlabeled_persona_136.json
136,TS59,0,ai,True,true,1.0,5.0,6.0,3.0,5,2,4,3,5,23,nonbinary,Dutch,high_school_or_equivalent,7,2,3,3,mixed,moderate,6,6,3,4,3,truth_source_unlabeled_persona_136.json
136,TS43,0,ai,True,true,1.0,5.0,6.0,2.0,5,2,4,3,5,23,nonbinary,Dutch,high_school_or_equivalent,7,2,3,3,mixed,moderate,6,6,3,4,3,truth_source_unlabeled_persona_136.json
137,TS59,0,ai,True,true,1.0,6.0,5.0,2.0,4,6,5,3,5,18,nonbinary,British,undergraduate,3,4,3,7,mixed,moderate,4,6,2,4,4,truth_source_unlabeled_persona_137.json
137,TS16,0,human,True,true,1.0,6.0,5.0,2.0,4,6,5,3,5,18,nonbinary,British,undergraduate,3,4,3,7,mixed,moderate,4,6,2,4,4,truth_source_unlabeled_persona_137.json
137,TS19,0,human,True,true,1.0,6.0,6.0,2.0,4,6,5,3,5,18,nonbinary,British,undergraduate,3,4,3,7,mixed,moderate,4,6,2,4,4,truth_source_unlabeled_persona_137.json
137,TS74,0,ai,False,false,1.0,7.0,2.0,1.0,4,6,5,3,5,18,nonbinary,British,undergraduate,3,4,3,7,mixed,moderate,4,6,2,4,4,truth_source_unlabeled_persona_137.json
137,TS44,0,ai,True,true,1.0,7.0,6.0,1.0,4,6,5,3,5,18,nonbinary,British,undergraduate,3,4,3,7,mixed,moderate,4,6,2,4,4,truth_source_unlabeled_persona_137.json
138,TS16,0,human,True,true,1.0,4.0,5.0,3.0,6,4,5,2,3,24,nonbinary,Dutch,bachelors_degree,6,1,7,6,intuitive,moderate,6,3,2,1,1,truth_source_unlabeled_persona_138.json
138,TS74,0,ai,False,false,1.0,2.0,3.0,6.0,6,4,5,2,3,24,nonbinary,Dutch,bachelors_degree,6,1,7,6,intuitive,moderate,6,3,2,1,1,truth_source_unlabeled_persona_138.json
138,TS59,0,ai,True,true,1.0,6.0,6.0,2.0,6,4,5,2,3,24,nonbinary,Dutch,bachelors_degree,6,1,7,6,intuitive,moderate,6,3,2,1,1,truth_source_unlabeled_persona_138.json
138,TS46,0,ai,True,true,1.0,3.0,4.0,4.0,6,4,5,2,3,24,nonbinary,Dutch,bachelors_degree,6,1,7,6,intuitive,moderate,6,3,2,1,1,truth_source_unlabeled_persona_138.json
138,TS34,0,human,False,true,0.0,4.0,3.0,5.0,6,4,5,2,3,24,nonbinary,Dutch,bachelors_degree,6,1,7,6,intuitive,moderate,6,3,2,1,1,truth_source_unlabeled_persona_138.json
139,TS19,0,human,True,true,1.0,5.0,4.0,2.0,3,4,6,5,3,22,woman,British,vocational_training,3,7,5,6,mixed,moderate,7,2,2,4,5,truth_source_unlabeled_persona_139.json
139,TS44,0,ai,True,true,1.0,6.0,6.0,1.0,3,4,6,5,3,22,woman,British,vocational_training,3,7,5,6,mixed,moderate,7,2,2,4,5,truth_source_unlabeled_persona_139.json
139,TS43,0,ai,True,true,1.0,6.0,6.0,1.0,3,4,6,5,3,22,woman,British,vocational_training,3,7,5,6,mixed,moderate,7,2,2,4,5,truth_source_unlabeled_persona_139.json
139,TS59,0,ai,True,true,1.0,5.0,5.0,3.0,3,4,6,5,3,22,woman,British,vocational_training,3,7,5,6,mixed,moderate,7,2,2,4,5,truth_source_unlabeled_persona_139.json
139,TS64,0,ai,False,false,1.0,6.0,4.0,2.0,3,4,6,5,3,22,woman,British,vocational_training,3,7,5,6,mixed,moderate,7,2,2,4,5,truth_source_unlabeled_persona_139.json
140,TS61,0,ai,False,false,1.0,6.0,3.0,2.0,3,4,6,5,3,18,man,US,vocational_training,3,7,2,5,intuitive,moderate,4,7,6,2,2,truth_source_unlabeled_persona_140.json
140,TS74,0,ai,False,false,1.0,6.0,3.0,2.0,3,4,6,5,3,18,man,US,vocational_training,3,7,2,5,intuitive,moderate,4,7,6,2,2,truth_source_unlabeled_persona_140.json
140,TS43,0,ai,True,true,1.0,6.0,5.0,1.0,3,4,6,5,3,18,man,US,vocational_training,3,7,2,5,intuitive,moderate,4,7,6,2,2,truth_source_unlabeled_persona_140.json
140,TS44,0,ai,True,true,1.0,6.0,5.0,1.0,3,4,6,5,3,18,man,US,vocational_training,3,7,2,5,intuitive,moderate,4,7,6,2,2,truth_source_unlabeled_persona_140.json
140,TS19,0,human,True,true,1.0,6.0,5.0,1.0,3,4,6,5,3,18,man,US,vocational_training,3,7,2,5,intuitive,moderate,4,7,6,2,2,truth_source_unlabeled_persona_140.json
141,TS46,0,ai,True,true,1.0,5.0,4.0,2.0,4,2,6,3,5,23,woman,Australian,high_school_or_equivalent,1,4,7,6,intuitive,high,1,7,4,6,3,truth_source_unlabeled_persona_141.json
141,TS74,0,ai,False,false,1.0,6.0,2.0,5.0,4,2,6,3,5,23,woman,Australian,high_school_or_equivalent,1,4,7,6,intuitive,high,1,7,4,6,3,truth_source_unlabeled_persona_141.json
141,TS59,0,ai,True,true,1.0,6.0,5.0,3.0,4,2,6,3,5,23,woman,Australian,high_school_or_equivalent,1,4,7,6,intuitive,high,1,7,4,6,3,truth_source_unlabeled_persona_141.json
141,TS43,0,ai,True,true,1.0,6.0,5.0,2.0,4,2,6,3,5,23,woman,Australian,high_school_or_equivalent,1,4,7,6,intuitive,high,1,7,4,6,3,truth_source_unlabeled_persona_141.json
141,TS44,0,ai,True,true,1.0,6.0,5.0,2.0,4,2,6,3,5,23,woman,Australian,high_school_or_equivalent,1,4,7,6,intuitive,high,1,7,4,6,3,truth_source_unlabeled_persona_141.json
142,TS43,0,ai,True,true,1.0,4.0,5.0,2.0,2,3,6,4,5,23,woman,US,undergraduate,2,3,3,7,intuitive,high,1,7,5,1,4,truth_source_unlabeled_persona_142.json
142,TS74,0,ai,False,false,1.0,6.0,2.0,1.0,2,3,6,4,5,23,woman,US,undergraduate,2,3,3,7,intuitive,high,1,7,5,1,4,truth_source_unlabeled_persona_142.json
142,TS44,0,ai,True,true,1.0,6.0,6.0,1.0,2,3,6,4,5,23,woman,US,undergraduate,2,3,3,7,intuitive,high,1,7,5,1,4,truth_source_unlabeled_persona_142.json
142,TS24,0,human,False,false,1.0,6.0,3.0,1.0,2,3,6,4,5,23,woman,US,undergraduate,2,3,3,7,intuitive,high,1,7,5,1,4,truth_source_unlabeled_persona_142.json
142,TS59,0,ai,True,true,1.0,6.0,5.0,2.0,2,3,6,4,5,23,woman,US,undergraduate,2,3,3,7,intuitive,high,1,7,5,1,4,truth_source_unlabeled_persona_142.json
143,TS59,0,ai,True,true,1.0,6.0,5.0,2.0,4,6,5,3,4,22,man,Dutch,bachelors_degree,4,4,3,4,mixed,high,4,4,7,3,4,truth_source_unlabeled_persona_143.json
143,TS5,0,human,True,true,1.0,6.0,5.0,2.0,4,6,5,3,4,22,man,Dutch,bachelors_degree,4,4,3,4,mixed,high,4,4,7,3,4,truth_source_unlabeled_persona_143.json
143,TS55,0,ai,True,true,1.0,6.0,6.0,2.0,4,6,5,3,4,22,man,Dutch,bachelors_degree,4,4,3,4,mixed,high,4,4,7,3,4,truth_source_unlabeled_persona_143.json
143,TS19,0,human,True,true,1.0,6.0,6.0,2.0,4,6,5,3,4,22,man,Dutch,bachelors_degree,4,4,3,4,mixed,high,4,4,7,3,4,truth_source_unlabeled_persona_143.json
143,TS44,0,ai,True,true,1.0,6.0,6.0,2.0,4,6,5,3,4,22,man,Dutch,bachelors_degree,4,4,3,4,mixed,high,4,4,7,3,4,truth_source_unlabeled_persona_143.json
144,TS61,0,ai,False,false,1.0,6.0,2.0,1.0,3,4,5,6,3,21,nonbinary,Dutch,undergraduate,1,3,7,4,mixed,moderate,3,3,6,3,7,truth_source_unlabeled_persona_144.json
144,TS5,0,human,True,true,1.0,4.0,5.0,2.0,3,4,5,6,3,21,nonbinary,Dutch,undergraduate,1,3,7,4,mixed,moderate,3,3,6,3,7,truth_source_unlabeled_persona_144.json
144,TS55,0,ai,True,true,1.0,6.0,5.0,1.0,3,4,5,6,3,21,nonbinary,Dutch,undergraduate,1,3,7,4,mixed,moderate,3,3,6,3,7,truth_source_unlabeled_persona_144.json
144,TS19,0,human,True,true,1.0,6.0,5.0,1.0,3,4,5,6,3,21,nonbinary,Dutch,undergraduate,1,3,7,4,mixed,moderate,3,3,6,3,7,truth_source_unlabeled_persona_144.json
144,TS44,0,ai,True,true,1.0,7.0,6.0,1.0,3,4,5,6,3,21,nonbinary,Dutch,undergraduate,1,3,7,4,mixed,moderate,3,3,6,3,7,truth_source_unlabeled_persona_144.json
145,TS55,0,ai,True,true,1.0,5.0,3.0,4.0,2,4,6,5,3,23,man,German,bachelors_degree,2,7,1,5,analytical,high,1,1,4,5,5,truth_source_unlabeled_persona_145.json
145,TS77,0,ai,False,false,1.0,6.0,2.0,5.0,2,4,6,5,3,23,man,German,bachelors_degree,2,7,1,5,analytical,high,1,1,4,5,5,truth_source_unlabeled_persona_145.json
145,TS5,0,human,True,false,0.0,6.0,2.0,5.0,2,4,6,5,3,23,man,German,bachelors_degree,2,7,1,5,analytical,high,1,1,4,5,5,truth_source_unlabeled_persona_145.json
145,TS19,0,human,True,true,1.0,6.0,5.0,3.0,2,4,6,5,3,23,man,German,bachelors_degree,2,7,1,5,analytical,high,1,1,4,5,5,truth_source_unlabeled_persona_145.json
145,TS59,0,ai,True,true,1.0,6.0,5.0,2.0,2,4,6,5,3,23,man,German,bachelors_degree,2,7,1,5,analytical,high,1,1,4,5,5,truth_source_unlabeled_persona_145.json
146,TS59,0,ai,True,true,1.0,5.0,4.0,2.0,6,3,5,2,4,22,prefer_not_to_say,Canadian,some_college,6,3,4,7,analytical,moderate,5,3,5,4,2,truth_source_unlabeled_persona_146.json
146,TS41,0,ai,True,true,1.0,6.0,5.0,3.0,6,3,5,2,4,22,prefer_not_to_say,Canadian,some_college,6,3,4,7,analytical,moderate,5,3,5,4,2,truth_source_unlabeled_persona_146.json
146,TS5,0,human,True,true,1.0,5.0,4.0,3.0,6,3,5,2,4,22,prefer_not_to_say,Canadian,some_college,6,3,4,7,analytical,moderate,5,3,5,4,2,truth_source_unlabeled_persona_146.json
146,TS19,0,human,True,true,1.0,6.0,5.0,2.0,6,3,5,2,4,22,prefer_not_to_say,Canadian,some_college,6,3,4,7,analytical,moderate,5,3,5,4,2,truth_source_unlabeled_persona_146.json
146,TS44,0,ai,True,true,1.0,6.0,5.0,2.0,6,3,5,2,4,22,prefer_not_to_say,Canadian,some_college,6,3,4,7,analytical,moderate,5,3,5,4,2,truth_source_unlabeled_persona_146.json
147,TS61,0,ai,False,false,1.0,5.0,3.0,2.0,4,2,3,5,4,20,nonbinary,Australian,undergraduate,7,2,6,5,intuitive,low,5,6,1,4,1,truth_source_unlabeled_persona_147.json
147,TS24,0,human,False,false,1.0,5.0,3.0,2.0,4,2,3,5,4,20,nonbinary,Australian,undergraduate,7,2,6,5,intuitive,low,5,6,1,4,1,truth_source_unlabeled_persona_147.json
147,TS77,0,ai,False,false,1.0,6.0,2.0,1.0,4,2,3,5,4,20,nonbinary,Australian,undergraduate,7,2,6,5,intuitive,low,5,6,1,4,1,truth_source_unlabeled_persona_147.json
147,TS5,0,human,True,false,0.0,4.0,3.0,5.0,4,2,3,5,4,20,nonbinary,Australian,undergraduate,7,2,6,5,intuitive,low,5,6,1,4,1,truth_source_unlabeled_persona_147.json
147,TS41,0,ai,True,true,1.0,6.0,5.0,2.0,4,2,3,5,4,20,nonbinary,Australian,undergraduate,7,2,6,5,intuitive,low,5,6,1,4,1,truth_source_unlabeled_persona_147.json
148,TS43,0,ai,True,true,1.0,5.0,6.0,2.0,5,4,6,3,2,18,woman,British,bachelors_degree,5,4,5,1,analytical,moderate,7,1,2,5,1,truth_source_unlabeled_persona_148.json
148,TS59,0,ai,True,true,1.0,6.0,5.0,4.0,5,4,6,3,2,18,woman,British,bachelors_degree,5,4,5,1,analytical,moderate,7,1,2,5,1,truth_source_unlabeled_persona_148.json
148,TS5,0,human,True,true,1.0,3.0,4.0,3.0,5,4,6,3,2,18,woman,British,bachelors_degree,5,4,5,1,analytical,moderate,7,1,2,5,1,truth_source_unlabeled_persona_148.json
148,TS44,0,ai,True,true,1.0,6.0,7.0,1.0,5,4,6,3,2,18,woman,British,bachelors_degree,5,4,5,1,analytical,moderate,7,1,2,5,1,truth_source_unlabeled_persona_148.json
148,TS46,0,ai,True,true,1.0,5.0,6.0,2.0,5,4,6,3,2,18,woman,British,bachelors_degree,5,4,5,1,analytical,moderate,7,1,2,5,1,truth_source_unlabeled_persona_148.json
149,TS24,0,human,False,false,1.0,5.0,3.0,2.0,7,4,6,5,3,22,prefer_not_to_say,German,some_college,7,4,4,5,mixed,high,1,3,7,7,3,truth_source_unlabeled_persona_149.json
149,TS61,0,ai,False,false,1.0,5.0,3.0,2.0,7,4,6,5,3,22,prefer_not_to_say,German,some_college,7,4,4,5,mixed,high,1,3,7,7,3,truth_source_unlabeled_persona_149.json
149,TS43,0,ai,True,true,1.0,6.0,4.0,5.0,7,4,6,5,3,22,prefer_not_to_say,German,some_college,7,4,4,5,mixed,high,1,3,7,7,3,truth_source_unlabeled_persona_149.json
149,TS44,0,ai,True,true,1.0,6.0,5.0,3.0,7,4,6,5,3,22,prefer_not_to_say,German,some_college,7,4,4,5,mixed,high,1,3,7,7,3,truth_source_unlabeled_persona_149.json
149,TS5,0,human,True,true,1.0,6.0,5.0,3.0,7,4,6,5,3,22,prefer_not_to_say,German,some_college,7,4,4,5,mixed,high,1,3,7,7,3,truth_source_unlabeled_persona_149.json
150,TS59,0,ai,True,true,1.0,6.0,5.0,2.0,6,5,4,5,6,18,woman,US,some_college,7,6,3,7,intuitive,moderate,2,5,4,3,5,truth_source_unlabeled_persona_150.json
150,TS24,0,human,False,false,1.0,6.0,5.0,2.0,6,5,4,5,6,18,woman,US,some_college,7,6,3,7,intuitive,moderate,2,5,4,3,5,truth_source_unlabeled_persona_150.json
150,TS55,0,ai,True,true,1.0,6.0,5.0,3.0,6,5,4,5,6,18,woman,US,some_college,7,6,3,7,intuitive,moderate,2,5,4,3,5,truth_source_unlabeled_persona_150.json
150,TS5,0,human,True,true,1.0,5.0,4.0,4.0,6,5,4,5,6,18,woman,US,some_college,7,6,3,7,intuitive,moderate,2,5,4,3,5,truth_source_unlabeled_persona_150.json
150,TS44,0,ai,True,true,1.0,6.0,6.0,2.0,6,5,4,5,6,18,woman,US,some_college,7,6,3,7,intuitive,moderate,2,5,4,3,5,truth_source_unlabeled_persona_150.json
151,TS44,0,ai,True,true,1.0,6.0,6.0,2.0,3,4,5,6,5,21,woman,US,undergraduate,3,4,7,5,mixed,low,5,3,1,2,7,truth_source_unlabeled_persona_151.json
151,TS61,0,ai,False,false,1.0,2.0,3.0,6.0,3,4,5,6,5,21,woman,US,undergraduate,3,4,7,5,mixed,low,5,3,1,2,7,truth_source_unlabeled_persona_151.json
151,TS24,0,human,False,false,1.0,2.0,3.0,6.0,3,4,5,6,5,21,woman,US,undergraduate,3,4,7,5,mixed,low,5,3,1,2,7,truth_source_unlabeled_persona_151.json
151,TS43,0,ai,True,true,1.0,5.0,6.0,4.0,3,4,5,6,5,21,woman,US,undergraduate,3,4,7,5,mixed,low,5,3,1,2,7,truth_source_unlabeled_persona_151.json
151,TS5,0,human,True,false,0.0,2.0,3.0,6.0,3,4,5,6,5,21,woman,US,undergraduate,3,4,7,5,mixed,low,5,3,1,2,7,truth_source_unlabeled_persona_151.json
152,TS61,0,ai,False,false,1.0,6.0,3.0,2.0,5,4,6,4,3,22,nonbinary,US,undergraduate,5,4,4,5,mixed,high,3,5,1,5,2,truth_source_unlabeled_persona_152.json
152,TS46,0,ai,True,true,1.0,5.0,6.0,4.0,5,4,6,4,3,22,nonbinary,US,undergraduate,5,4,4,5,mixed,high,3,5,1,5,2,truth_source_unlabeled_persona_152.json
152,TS77,0,ai,False,false,1.0,6.0,2.0,1.0,5,4,6,4,3,22,nonbinary,US,undergraduate,5,4,4,5,mixed,high,3,5,1,5,2,truth_source_unlabeled_persona_152.json
152,TS5,0,human,True,false,0.0,6.0,2.0,1.0,5,4,6,4,3,22,nonbinary,US,undergraduate,5,4,4,5,mixed,high,3,5,1,5,2,truth_source_unlabeled_persona_152.json
152,TS43,0,ai,True,true,1.0,6.0,5.0,1.0,5,4,6,4,3,22,nonbinary,US,undergraduate,5,4,4,5,mixed,high,3,5,1,5,2,truth_source_unlabeled_persona_152.json
153,TS43,0,ai,True,true,1.0,6.0,5.0,2.0,2,6,5,4,3,20,prefer_not_to_say,US,undergraduate,2,6,4,5,analytical,moderate,4,5,7,4,4,truth_source_unlabeled_persona_153.json
153,TS61,0,ai,False,false,1.0,6.0,2.0,5.0,2,6,5,4,3,20,prefer_not_to_say,US,undergraduate,2,6,4,5,analytical,moderate,4,5,7,4,4,truth_source_unlabeled_persona_153.json
153,TS46,0,ai,True,true,1.0,6.0,5.0,2.0,2,6,5,4,3,20,prefer_not_to_say,US,undergraduate,2,6,4,5,analytical,moderate,4,5,7,4,4,truth_source_unlabeled_persona_153.json
153,TS5,0,human,True,true,1.0,4.0,4.0,3.0,2,6,5,4,3,20,prefer_not_to_say,US,undergraduate,2,6,4,5,analytical,moderate,4,5,7,4,4,truth_source_unlabeled_persona_153.json
153,TS44,0,ai,True,true,1.0,6.0,6.0,1.0,2,6,5,4,3,20,prefer_not_to_say,US,undergraduate,2,6,4,5,analytical,moderate,4,5,7,4,4,truth_source_unlabeled_persona_153.json
154,TS61,0,ai,False,false,1.0,6.0,4.0,3.0,6,6,3,5,4,25,nonbinary,Canadian,vocational_training,6,6,2,7,analytical,low,4,5,7,7,6,truth_source_unlabeled_persona_154.json
154,TS33,0,human,False,false,1.0,6.0,3.0,2.0,6,6,3,5,4,25,nonbinary,Canadian,vocational_training,6,6,2,7,analytical,low,4,5,7,7,6,truth_source_unlabeled_persona_154.json
154,TS5,0,human,True,true,1.0,6.0,5.0,2.0,6,6,3,5,4,25,nonbinary,Canadian,vocational_training,6,6,2,7,analytical,low,4,5,7,7,6,truth_source_unlabeled_persona_154.json
154,TS43,0,ai,True,true,1.0,6.0,6.0,5.0,6,6,3,5,4,25,nonbinary,Canadian,vocational_training,6,6,2,7,analytical,low,4,5,7,7,6,truth_source_unlabeled_persona_154.json
154,TS44,0,ai,True,true,1.0,6.0,5.0,1.0,6,6,3,5,4,25,nonbinary,Canadian,vocational_training,6,6,2,7,analytical,low,4,5,7,7,6,truth_source_unlabeled_persona_154.json
155,TS24,0,human,False,false,1.0,6.0,3.0,2.0,5,2,6,3,4,18,nonbinary,Canadian,some_college,5,2,4,3,mixed,low,2,6,4,3,7,truth_source_unlabeled_persona_155.json
155,TS77,0,ai,False,false,1.0,6.0,3.0,2.0,5,2,6,3,4,18,nonbinary,Canadian,some_college,5,2,4,3,mixed,low,2,6,4,3,7,truth_source_unlabeled_persona_155.json
155,TS43,0,ai,True,true,1.0,6.0,4.0,2.0,5,2,6,3,4,18,nonbinary,Canadian,some_college,5,2,4,3,mixed,low,2,6,4,3,7,truth_source_unlabeled_persona_155.json
155,TS61,0,ai,False,false,1.0,6.0,3.0,2.0,5,2,6,3,4,18,nonbinary,Canadian,some_college,5,2,4,3,mixed,low,2,6,4,3,7,truth_source_unlabeled_persona_155.json
155,TS5,0,human,True,false,0.0,6.0,3.0,2.0,5,2,6,3,4,18,nonbinary,Canadian,some_college,5,2,4,3,mixed,low,2,6,4,3,7,truth_source_unlabeled_persona_155.json
156,TS5,0,human,True,false,0.0,5.0,2.0,4.0,3,5,4,6,3,25,man,Dutch,undergraduate,3,7,4,5,mixed,high,1,3,1,3,4,truth_source_unlabeled_persona_156.json
156,TS44,0,ai,True,true,1.0,6.0,5.0,2.0,3,5,4,6,3,25,man,Dutch,undergraduate,3,7,4,5,mixed,high,1,3,1,3,4,truth_source_unlabeled_persona_156.json
156,TS61,0,ai,False,false,1.0,6.0,3.0,2.0,3,5,4,6,3,25,man,Dutch,undergraduate,3,7,4,5,mixed,high,1,3,1,3,4,truth_source_unlabeled_persona_156.json
156,TS24,0,human,False,false,1.0,6.0,3.0,2.0,3,5,4,6,3,25,man,Dutch,undergraduate,3,7,4,5,mixed,high,1,3,1,3,4,truth_source_unlabeled_persona_156.json
156,TS43,0,ai,True,true,1.0,6.0,5.0,3.0,3,5,4,6,3,25,man,Dutch,undergraduate,3,7,4,5,mixed,high,1,3,1,3,4,truth_source_unlabeled_persona_156.json
157,TS44,0,ai,True,true,1.0,5.0,6.0,2.0,3,4,5,6,3,20,nonbinary,Australian,vocational_training,3,3,3,4,mixed,moderate,4,6,4,2,4,truth_source_unlabeled_persona_157.json
157,TS24,0,human,False,false,1.0,2.0,3.0,5.0,3,4,5,6,3,20,nonbinary,Australian,vocational_training,3,3,3,4,mixed,moderate,4,6,4,2,4,truth_source_unlabeled_persona_157.json
157,TS5,0,human,True,true,1.0,5.0,6.0,3.0,3,4,5,6,3,20,nonbinary,Australian,vocational_training,3,3,3,4,mixed,moderate,4,6,4,2,4,truth_source_unlabeled_persona_157.json
157,TS61,0,ai,False,false,1.0,6.0,2.0,1.0,3,4,5,6,3,20,nonbinary,Australian,vocational_training,3,3,3,4,mixed,moderate,4,6,4,2,4,truth_source_unlabeled_persona_157.json
157,TS43,0,ai,True,false,0.0,6.0,5.0,1.0,3,4,5,6,3,20,nonbinary,Australian,vocational_training,3,3,3,4,mixed,moderate,4,6,4,2,4,truth_source_unlabeled_persona_157.json
158,TS14,0,human,True,true,1.0,5.0,4.0,2.0,4,5,6,3,4,22,woman,US,vocational_training,4,5,2,7,mixed,high,6,1,7,5,5,truth_source_unlabeled_persona_158.json
158,TS5,0,human,True,true,1.0,3.0,3.0,5.0,4,5,6,3,4,22,woman,US,vocational_training,4,5,2,7,mixed,high,6,1,7,5,5,truth_source_unlabeled_persona_158.json
158,TS44,0,ai,True,true,1.0,6.0,6.0,1.0,4,5,6,3,4,22,woman,US,vocational_training,4,5,2,7,mixed,high,6,1,7,5,5,truth_source_unlabeled_persona_158.json
158,TS24,0,human,False,false,1.0,6.0,5.0,1.0,4,5,6,3,4,22,woman,US,vocational_training,4,5,2,7,mixed,high,6,1,7,5,5,truth_source_unlabeled_persona_158.json
158,TS43,0,ai,True,true,1.0,6.0,6.0,1.0,4,5,6,3,4,22,woman,US,vocational_training,4,5,2,7,mixed,high,6,1,7,5,5,truth_source_unlabeled_persona_158.json
159,TS24,0,human,False,false,1.0,5.0,2.0,3.0,2,4,5,3,2,18,woman,British,high_school_or_equivalent,7,4,6,2,mixed,high,3,6,5,2,1,truth_source_unlabeled_persona_159.json
159,TS5,0,human,True,true,1.0,4.0,3.0,2.0,2,4,5,3,2,18,woman,British,high_school_or_equivalent,7,4,6,2,mixed,high,3,6,5,2,1,truth_source_unlabeled_persona_159.json
159,TS55,0,ai,True,true,1.0,6.0,6.0,5.0,2,4,5,3,2,18,woman,British,high_school_or_equivalent,7,4,6,2,mixed,high,3,6,5,2,1,truth_source_unlabeled_persona_159.json
159,TS44,0,ai,True,true,1.0,6.0,6.0,5.0,2,4,5,3,2,18,woman,British,high_school_or_equivalent,7,4,6,2,mixed,high,3,6,5,2,1,truth_source_unlabeled_persona_159.json
159,TS39,0,human,False,false,1.0,6.0,2.0,5.0,2,4,5,3,2,18,woman,British,high_school_or_equivalent,7,4,6,2,mixed,high,3,6,5,2,1,truth_source_unlabeled_persona_159.json
160,TS39,0,human,False,false,1.0,6.0,2.0,1.0,5,6,2,4,3,20,woman,US,graduate_student,5,6,3,4,intuitive,moderate,5,3,5,6,6,truth_source_unlabeled_persona_160.json
160,TS64,0,ai,False,false,1.0,6.0,4.0,3.0,5,6,2,4,3,20,woman,US,graduate_student,5,6,3,4,intuitive,moderate,5,3,5,6,6,truth_source_unlabeled_persona_160.json
160,TS43,0,ai,True,true,1.0,7.0,6.0,1.0,5,6,2,4,3,20,woman,US,graduate_student,5,6,3,4,intuitive,moderate,5,3,5,6,6,truth_source_unlabeled_persona_160.json
160,TS44,0,ai,True,true,1.0,6.0,5.0,1.0,5,6,2,4,3,20,woman,US,graduate_student,5,6,3,4,intuitive,moderate,5,3,5,6,6,truth_source_unlabeled_persona_160.json
160,TS24,0,human,False,false,1.0,6.0,4.0,1.0,5,6,2,4,3,20,woman,US,graduate_student,5,6,3,4,intuitive,moderate,5,3,5,6,6,truth_source_unlabeled_persona_160.json
161,TS34,0,human,False,false,1.0,4.0,3.0,2.0,4,6,5,3,2,21,prefer_not_to_say,British,some_college,4,1,1,2,mixed,moderate,4,4,1,4,6,truth_source_unlabeled_persona_161.json
161,TS61,0,ai,False,false,1.0,6.0,2.0,3.0,4,6,5,3,2,21,prefer_not_to_say,British,some_college,4,1,1,2,mixed,moderate,4,4,1,4,6,truth_source_unlabeled_persona_161.json
161,TS43,0,ai,True,true,1.0,6.0,5.0,3.0,4,6,5,3,2,21,prefer_not_to_say,British,some_college,4,1,1,2,mixed,moderate,4,4,1,4,6,truth_source_unlabeled_persona_161.json
161,TS24,0,human,False,false,1.0,6.0,3.0,2.0,4,6,5,3,2,21,prefer_not_to_say,British,some_college,4,1,1,2,mixed,moderate,4,4,1,4,6,truth_source_unlabeled_persona_161.json
161,TS5,0,human,True,false,0.0,5.0,4.0,2.0,4,6,5,3,2,21,prefer_not_to_say,British,some_college,4,1,1,2,mixed,moderate,4,4,1,4,6,truth_source_unlabeled_persona_161.json
162,TS43,0,ai,True,true,1.0,5.0,6.0,3.0,4,4,5,3,6,24,prefer_not_to_say,US,graduate_student,4,4,6,7,mixed,moderate,6,2,5,1,6,truth_source_unlabeled_persona_162.json
162,TS64,0,ai,False,false,1.0,5.0,2.0,4.0,4,4,5,3,6,24,prefer_not_to_say,US,graduate_student,4,4,6,7,mixed,moderate,6,2,5,1,6,truth_source_unlabeled_persona_162.json
162,TS39,0,human,False,false,1.0,6.0,3.0,2.0,4,4,5,3,6,24,prefer_not_to_say,US,graduate_student,4,4,6,7,mixed,moderate,6,2,5,1,6,truth_source_unlabeled_persona_162.json
162,TS77,0,ai,False,false,1.0,6.0,3.0,2.0,4,4,5,3,6,24,prefer_not_to_say,US,graduate_student,4,4,6,7,mixed,moderate,6,2,5,1,6,truth_source_unlabeled_persona_162.json
162,TS24,0,human,False,false,1.0,6.0,3.0,2.0,4,4,5,3,6,24,prefer_not_to_say,US,graduate_student,4,4,6,7,mixed,moderate,6,2,5,1,6,truth_source_unlabeled_persona_162.json
163,TS5,0,human,True,false,0.0,5.0,4.0,3.0,3,4,5,6,2,23,man,US,vocational_training,6,4,3,4,mixed,moderate,3,1,1,4,3,truth_source_unlabeled_persona_163.json
163,TS39,0,human,False,false,1.0,6.0,3.0,2.0,3,4,5,6,2,23,man,US,vocational_training,6,4,3,4,mixed,moderate,3,1,1,4,3,truth_source_unlabeled_persona_163.json
163,TS46,0,ai,True,true,1.0,5.0,5.0,4.0,3,4,5,6,2,23,man,US,vocational_training,6,4,3,4,mixed,moderate,3,1,1,4,3,truth_source_unlabeled_persona_163.json
163,TS43,0,ai,True,true,1.0,6.0,6.0,2.0,3,4,5,6,2,23,man,US,vocational_training,6,4,3,4,mixed,moderate,3,1,1,4,3,truth_source_unlabeled_persona_163.json
163,TS77,0,ai,False,false,1.0,6.0,4.0,2.0,3,4,5,6,2,23,man,US,vocational_training,6,4,3,4,mixed,moderate,3,1,1,4,3,truth_source_unlabeled_persona_163.json
164,TS43,0,ai,True,true,1.0,5.0,6.0,2.0,2,4,5,6,3,24,nonbinary,Dutch,some_college,2,4,4,4,analytical,moderate,7,1,7,2,1,truth_source_unlabeled_persona_164.json
164,TS61,0,ai,False,false,1.0,5.0,4.0,2.0,2,4,5,6,3,24,nonbinary,Dutch,some_college,2,4,4,4,analytical,moderate,7,1,7,2,1,truth_source_unlabeled_persona_164.json
164,TS24,0,human,False,false,1.0,6.0,5.0,3.0,2,4,5,6,3,24,nonbinary,Dutch,some_college,2,4,4,4,analytical,moderate,7,1,7,2,1,truth_source_unlabeled_persona_164.json
164,TS5,0,human,True,false,0.0,4.0,3.0,5.0,2,4,5,6,3,24,nonbinary,Dutch,some_college,2,4,4,4,analytical,moderate,7,1,7,2,1,truth_source_unlabeled_persona_164.json
164,TS44,0,ai,True,true,1.0,6.0,6.0,2.0,2,4,5,6,3,24,nonbinary,Dutch,some_college,2,4,4,4,analytical,moderate,7,1,7,2,1,truth_source_unlabeled_persona_164.json
165,TS61,0,ai,False,false,1.0,6.0,2.0,3.0,4,5,2,6,3,21,prefer_not_to_say,Canadian,bachelors_degree,4,5,1,3,mixed,moderate,2,4,5,4,5,truth_source_unlabeled_persona_165.json
165,TS24,0,human,False,false,1.0,6.0,4.0,2.0,4,5,2,6,3,21,prefer_not_to_say,Canadian,bachelors_degree,4,5,1,3,mixed,moderate,2,4,5,4,5,truth_source_unlabeled_persona_165.json
165,TS43,0,ai,True,true,1.0,6.0,5.0,2.0,4,5,2,6,3,21,prefer_not_to_say,Canadian,bachelors_degree,4,5,1,3,mixed,moderate,2,4,5,4,5,truth_source_unlabeled_persona_165.json
165,TS44,0,ai,True,true,1.0,6.0,5.0,1.0,4,5,2,6,3,21,prefer_not_to_say,Canadian,bachelors_degree,4,5,1,3,mixed,moderate,2,4,5,4,5,truth_source_unlabeled_persona_165.json
165,TS5,0,human,True,false,0.0,4.0,3.0,2.0,4,5,2,6,3,21,prefer_not_to_say,Canadian,bachelors_degree,4,5,1,3,mixed,moderate,2,4,5,4,5,truth_source_unlabeled_persona_165.json
166,TS61,0,ai,False,false,1.0,5.0,2.0,1.0,4,2,6,5,4,21,man,US,high_school_or_equivalent,4,2,4,5,mixed,high,4,7,6,4,7,truth_source_unlabeled_persona_166.json
166,TS24,0,human,False,false,1.0,6.0,4.0,2.0,4,2,6,5,4,21,man,US,high_school_or_equivalent,4,2,4,5,mixed,high,4,7,6,4,7,truth_source_unlabeled_persona_166.json
166,TS5,0,human,True,false,0.0,6.0,3.0,2.0,4,2,6,5,4,21,man,US,high_school_or_equivalent,4,2,4,5,mixed,high,4,7,6,4,7,truth_source_unlabeled_persona_166.json
166,TS44,0,ai,True,true,1.0,6.0,6.0,2.0,4,2,6,5,4,21,man,US,high_school_or_equivalent,4,2,4,5,mixed,high,4,7,6,4,7,truth_source_unlabeled_persona_166.json
166,TS43,0,ai,True,true,1.0,6.0,6.0,2.0,4,2,6,5,4,21,man,US,high_school_or_equivalent,4,2,4,5,mixed,high,4,7,6,4,7,truth_source_unlabeled_persona_166.json
167,TS39,0,human,False,false,1.0,5.0,4.0,3.0,3,5,6,4,2,19,nonbinary,British,high_school_or_equivalent,1,3,4,4,intuitive,moderate,1,4,7,3,7,truth_source_unlabeled_persona_167.json
167,TS44,0,ai,True,true,1.0,6.0,5.0,2.0,3,5,6,4,2,19,nonbinary,British,high_school_or_equivalent,1,3,4,4,intuitive,moderate,1,4,7,3,7,truth_source_unlabeled_persona_167.json
167,TS43,0,ai,True,true,1.0,6.0,5.0,2.0,3,5,6,4,2,19,nonbinary,British,high_school_or_equivalent,1,3,4,4,intuitive,moderate,1,4,7,3,7,truth_source_unlabeled_persona_167.json
167,TS5,0,human,True,unsure,,5.0,4.0,3.0,3,5,6,4,2,19,nonbinary,British,high_school_or_equivalent,1,3,4,4,intuitive,moderate,1,4,7,3,7,truth_source_unlabeled_persona_167.json
167,TS24,0,human,False,false,1.0,6.0,3.0,1.0,3,5,6,4,2,19,nonbinary,British,high_school_or_equivalent,1,3,4,4,intuitive,moderate,1,4,7,3,7,truth_source_unlabeled_persona_167.json
168,TS24,0,human,False,false,1.0,6.0,4.0,2.0,4,4,6,5,3,19,woman,US,bachelors_degree,4,4,5,1,mixed,high,4,4,4,4,5,truth_source_unlabeled_persona_168.json
168,TS43,0,ai,True,true,1.0,6.0,5.0,2.0,4,4,6,5,3,19,woman,US,bachelors_degree,4,4,5,1,mixed,high,4,4,4,4,5,truth_source_unlabeled_persona_168.json
168,TS61,0,ai,False,false,1.0,6.0,4.0,2.0,4,4,6,5,3,19,woman,US,bachelors_degree,4,4,5,1,mixed,high,4,4,4,4,5,truth_source_unlabeled_persona_168.json
168,TS44,0,ai,True,true,1.0,6.0,7.0,1.0,4,4,6,5,3,19,woman,US,bachelors_degree,4,4,5,1,mixed,high,4,4,4,4,5,truth_source_unlabeled_persona_168.json
168,TS64,0,ai,False,false,1.0,6.0,2.0,3.0,4,4,6,5,3,19,woman,US,bachelors_degree,4,4,5,1,mixed,high,4,4,4,4,5,truth_source_unlabeled_persona_168.json
169,TS44,0,ai,True,true,1.0,5.0,6.0,2.0,4,3,5,4,6,22,nonbinary,US,some_college,4,3,3,7,intuitive,moderate,7,5,6,2,1,truth_source_unlabeled_persona_169.json
169,TS5,0,human,True,true,1.0,5.0,5.0,4.0,4,3,5,4,6,22,nonbinary,US,some_college,4,3,3,7,intuitive,moderate,7,5,6,2,1,truth_source_unlabeled_persona_169.json
169,TS24,0,human,False,false,1.0,6.0,4.0,2.0,4,3,5,4,6,22,nonbinary,US,some_college,4,3,3,7,intuitive,moderate,7,5,6,2,1,truth_source_unlabeled_persona_169.json
169,TS39,0,human,False,false,1.0,6.0,3.0,2.0,4,3,5,4,6,22,nonbinary,US,some_college,4,3,3,7,intuitive,moderate,7,5,6,2,1,truth_source_unlabeled_persona_169.json
169,TS43,0,ai,True,true,1.0,6.0,6.0,1.0,4,3,5,4,6,22,nonbinary,US,some_college,4,3,3,7,intuitive,moderate,7,5,6,2,1,truth_source_unlabeled_persona_169.json
170,TS43,0,ai,True,true,1.0,5.0,4.0,3.0,4,3,5,6,4,24,prefer_not_to_say,US,graduate_student,4,7,5,4,mixed,moderate,4,1,4,5,3,truth_source_unlabeled_persona_170.json
170,TS5,0,human,True,false,0.0,5.0,4.0,3.0,4,3,5,6,4,24,prefer_not_to_say,US,graduate_student,4,7,5,4,mixed,moderate,4,1,4,5,3,truth_source_unlabeled_persona_170.json
170,TS77,0,ai,False,false,1.0,6.0,1.0,2.0,4,3,5,6,4,24,prefer_not_to_say,US,graduate_student,4,7,5,4,mixed,moderate,4,1,4,5,3,truth_source_unlabeled_persona_170.json
170,TS46,0,ai,True,true,1.0,5.0,4.0,3.0,4,3,5,6,4,24,prefer_not_to_say,US,graduate_student,4,7,5,4,mixed,moderate,4,1,4,5,3,truth_source_unlabeled_persona_170.json
170,TS61,0,ai,False,false,1.0,6.0,3.0,2.0,4,3,5,6,4,24,prefer_not_to_say,US,graduate_student,4,7,5,4,mixed,moderate,4,1,4,5,3,truth_source_unlabeled_persona_170.json
171,TS24,0,human,False,false,1.0,6.0,4.0,3.0,5,4,6,3,2,25,man,Dutch,undergraduate,5,4,7,5,mixed,moderate,2,4,2,7,7,truth_source_unlabeled_persona_171.json
171,TS39,0,human,False,false,1.0,6.0,3.0,2.0,5,4,6,3,2,25,man,Dutch,undergraduate,5,4,7,5,mixed,moderate,2,4,2,7,7,truth_source_unlabeled_persona_171.json
171,TS64,0,ai,False,false,1.0,6.0,3.0,2.0,5,4,6,3,2,25,man,Dutch,undergraduate,5,4,7,5,mixed,moderate,2,4,2,7,7,truth_source_unlabeled_persona_171.json
171,TS77,0,ai,False,false,1.0,6.0,3.0,2.0,5,4,6,3,2,25,man,Dutch,undergraduate,5,4,7,5,mixed,moderate,2,4,2,7,7,truth_source_unlabeled_persona_171.json
171,TS2,0,human,True,true,1.0,6.0,5.0,4.0,5,4,6,3,2,25,man,Dutch,undergraduate,5,4,7,5,mixed,moderate,2,4,2,7,7,truth_source_unlabeled_persona_171.json
172,TS1,0,human,True,unsure,,4.0,3.0,2.0,6,3,5,4,2,20,woman,Dutch,vocational_training,1,3,6,2,analytical,moderate,3,3,4,7,6,truth_source_unlabeled_persona_172.json
172,TS61,0,ai,False,false,1.0,4.0,3.0,2.0,6,3,5,4,2,20,woman,Dutch,vocational_training,1,3,6,2,analytical,moderate,3,3,4,7,6,truth_source_unlabeled_persona_172.json
172,TS55,0,ai,True,true,1.0,6.0,6.0,5.0,6,3,5,4,2,20,woman,Dutch,vocational_training,1,3,6,2,analytical,moderate,3,3,4,7,6,truth_source_unlabeled_persona_172.json
172,TS24,0,human,False,false,1.0,6.0,3.0,2.0,6,3,5,4,2,20,woman,Dutch,vocational_training,1,3,6,2,analytical,moderate,3,3,4,7,6,truth_source_unlabeled_persona_172.json
172,TS5,0,human,True,false,0.0,4.0,2.0,3.0,6,3,5,4,2,20,woman,Dutch,vocational_training,1,3,6,2,analytical,moderate,3,3,4,7,6,truth_source_unlabeled_persona_172.json
173,TS55,0,ai,True,true,1.0,6.0,5.0,2.0,3,5,4,5,6,19,woman,German,high_school_or_equivalent,3,5,1,4,intuitive,moderate,2,5,1,4,1,truth_source_unlabeled_persona_173.json
173,TS24,0,human,False,false,1.0,6.0,3.0,2.0,3,5,4,5,6,19,woman,German,high_school_or_equivalent,3,5,1,4,intuitive,moderate,2,5,1,4,1,truth_source_unlabeled_persona_173.json
173,TS77,0,ai,False,false,1.0,6.0,2.0,2.0,3,5,4,5,6,19,woman,German,high_school_or_equivalent,3,5,1,4,intuitive,moderate,2,5,1,4,1,truth_source_unlabeled_persona_173.json
173,TS61,0,ai,False,false,1.0,6.0,4.0,3.0,3,5,4,5,6,19,woman,German,high_school_or_equivalent,3,5,1,4,intuitive,moderate,2,5,1,4,1,truth_source_unlabeled_persona_173.json
173,TS64,0,ai,False,false,1.0,6.0,3.0,2.0,3,5,4,5,6,19,woman,German,high_school_or_equivalent,3,5,1,4,intuitive,moderate,2,5,1,4,1,truth_source_unlabeled_persona_173.json
174,TS46,0,ai,True,true,1.0,4.0,3.0,2.0,3,6,4,5,2,19,man,German,vocational_training,3,6,3,2,mixed,moderate,5,5,5,2,5,truth_source_unlabeled_persona_174.json
174,TS56,0,ai,True,true,1.0,6.0,6.0,1.0,3,6,4,5,2,19,man,German,vocational_training,3,6,3,2,mixed,moderate,5,5,5,2,5,truth_source_unlabeled_persona_174.json
174,TS77,0,ai,False,false,1.0,6.0,2.0,1.0,3,6,4,5,2,19,man,German,vocational_training,3,6,3,2,mixed,moderate,5,5,5,2,5,truth_source_unlabeled_persona_174.json
174,TS55,0,ai,True,true,1.0,6.0,5.0,1.0,3,6,4,5,2,19,man,German,vocational_training,3,6,3,2,mixed,moderate,5,5,5,2,5,truth_source_unlabeled_persona_174.json
174,TS61,0,ai,False,false,1.0,6.0,3.0,1.0,3,6,4,5,2,19,man,German,vocational_training,3,6,3,2,mixed,moderate,5,5,5,2,5,truth_source_unlabeled_persona_174.json
175,TS34,0,human,False,false,1.0,4.0,3.0,2.0,3,5,6,4,3,21,woman,German,vocational_training,3,5,2,7,mixed,high,4,5,6,7,1,truth_source_unlabeled_persona_175.json
175,TS61,0,ai,False,false,1.0,6.0,2.0,1.0,3,5,6,4,3,21,woman,German,vocational_training,3,5,2,7,mixed,high,4,5,6,7,1,truth_source_unlabeled_persona_175.json
175,TS41,0,ai,True,true,1.0,5.0,4.0,2.0,3,5,6,4,3,21,woman,German,vocational_training,3,5,2,7,mixed,high,4,5,6,7,1,truth_source_unlabeled_persona_175.json
175,TS22,0,human,False,false,1.0,6.0,2.0,1.0,3,5,6,4,3,21,woman,German,vocational_training,3,5,2,7,mixed,high,4,5,6,7,1,truth_source_unlabeled_persona_175.json
175,TS24,0,human,False,false,1.0,6.0,2.0,1.0,3,5,6,4,3,21,woman,German,vocational_training,3,5,2,7,mixed,high,4,5,6,7,1,truth_source_unlabeled_persona_175.json
176,TS61,0,ai,False,false,1.0,6.0,3.0,1.0,3,4,5,6,5,25,woman,German,graduate_student,2,5,1,7,intuitive,moderate,2,5,2,2,4,truth_source_unlabeled_persona_176.json
176,TS64,0,ai,False,false,1.0,6.0,3.0,2.0,3,4,5,6,5,25,woman,German,graduate_student,2,5,1,7,intuitive,moderate,2,5,2,2,4,truth_source_unlabeled_persona_176.json
176,TS2,0,human,True,true,1.0,5.0,4.0,2.0,3,4,5,6,5,25,woman,German,graduate_student,2,5,1,7,intuitive,moderate,2,5,2,2,4,truth_source_unlabeled_persona_176.json
176,TS24,0,human,False,false,1.0,6.0,3.0,2.0,3,4,5,6,5,25,woman,German,graduate_student,2,5,1,7,intuitive,moderate,2,5,2,2,4,truth_source_unlabeled_persona_176.json
176,TS77,0,ai,False,false,1.0,6.0,3.0,2.0,3,4,5,6,5,25,woman,German,graduate_student,2,5,1,7,intuitive,moderate,2,5,2,2,4,truth_source_unlabeled_persona_176.json
177,TS77,0,ai,False,false,1.0,5.0,3.0,2.0,4,2,5,3,4,22,woman,Dutch,vocational_training,4,2,7,5,mixed,low,6,4,1,3,4,truth_source_unlabeled_persona_177.json
177,TS55,0,ai,True,true,1.0,6.0,5.0,5.0,4,2,5,3,4,22,woman,Dutch,vocational_training,4,2,7,5,mixed,low,6,4,1,3,4,truth_source_unlabeled_persona_177.json
177,TS39,0,human,False,false,1.0,5.0,3.0,2.0,4,2,5,3,4,22,woman,Dutch,vocational_training,4,2,7,5,mixed,low,6,4,1,3,4,truth_source_unlabeled_persona_177.json
177,TS24,0,human,False,false,1.0,6.0,3.0,2.0,4,2,5,3,4,22,woman,Dutch,vocational_training,4,2,7,5,mixed,low,6,4,1,3,4,truth_source_unlabeled_persona_177.json
177,TS64,0,ai,False,false,1.0,6.0,3.0,2.0,4,2,5,3,4,22,woman,Dutch,vocational_training,4,2,7,5,mixed,low,6,4,1,3,4,truth_source_unlabeled_persona_177.json
178,TS46,0,ai,True,true,1.0,6.0,5.0,2.0,5,4,6,5,3,22,man,US,undergraduate,5,4,4,6,analytical,high,5,7,7,7,5,truth_source_unlabeled_persona_178.json
178,TS64,0,ai,False,false,1.0,6.0,3.0,2.0,5,4,6,5,3,22,man,US,undergraduate,5,4,4,6,analytical,high,5,7,7,7,5,truth_source_unlabeled_persona_178.json
178,TS55,0,ai,True,true,1.0,6.0,5.0,4.0,5,4,6,5,3,22,man,US,undergraduate,5,4,4,6,analytical,high,5,7,7,7,5,truth_source_unlabeled_persona_178.json
178,TS39,0,human,False,false,1.0,6.0,4.0,2.0,5,4,6,5,3,22,man,US,undergraduate,5,4,4,6,analytical,high,5,7,7,7,5,truth_source_unlabeled_persona_178.json
178,TS77,0,ai,False,false,1.0,6.0,3.0,2.0,5,4,6,5,3,22,man,US,undergraduate,5,4,4,6,analytical,high,5,7,7,7,5,truth_source_unlabeled_persona_178.json
179,TS64,0,ai,False,false,1.0,6.0,2.0,3.0,5,5,4,6,3,23,nonbinary,Dutch,vocational_training,5,5,4,5,analytical,high,4,7,4,6,7,truth_source_unlabeled_persona_179.json
179,TS77,0,ai,False,false,1.0,6.0,2.0,3.0,5,5,4,6,3,23,nonbinary,Dutch,vocational_training,5,5,4,5,analytical,high,4,7,4,6,7,truth_source_unlabeled_persona_179.json
179,TS55,0,ai,True,true,1.0,6.0,5.0,2.0,5,5,4,6,3,23,nonbinary,Dutch,vocational_training,5,5,4,5,analytical,high,4,7,4,6,7,truth_source_unlabeled_persona_179.json
179,TS61,0,ai,False,false,1.0,6.0,3.0,2.0,5,5,4,6,3,23,nonbinary,Dutch,vocational_training,5,5,4,5,analytical,high,4,7,4,6,7,truth_source_unlabeled_persona_179.json
179,TS33,0,human,False,false,1.0,6.0,3.0,2.0,5,5,4,6,3,23,nonbinary,Dutch,vocational_training,5,5,4,5,analytical,high,4,7,4,6,7,truth_source_unlabeled_persona_179.json
180,TS55,0,ai,True,true,1.0,5.0,4.0,2.0,4,2,5,3,4,20,man,US,some_college,4,2,1,5,mixed,moderate,4,6,3,4,5,truth_source_unlabeled_persona_180.json
180,TS64,0,ai,False,false,1.0,6.0,3.0,2.0,4,2,5,3,4,20,man,US,some_college,4,2,1,5,mixed,moderate,4,6,3,4,5,truth_source_unlabeled_persona_180.json
180,TS77,0,ai,False,false,1.0,6.0,3.0,2.0,4,2,5,3,4,20,man,US,some_college,4,2,1,5,mixed,moderate,4,6,3,4,5,truth_source_unlabeled_persona_180.json
180,TS33,0,human,False,false,1.0,6.0,3.0,2.0,4,2,5,3,4,20,man,US,some_college,4,2,1,5,mixed,moderate,4,6,3,4,5,truth_source_unlabeled_persona_180.json
180,TS61,0,ai,False,false,1.0,6.0,3.0,2.0,4,2,5,3,4,20,man,US,some_college,4,2,1,5,mixed,moderate,4,6,3,4,5,truth_source_unlabeled_persona_180.json
181,TS55,0,ai,True,true,1.0,6.0,5.0,2.0,5,7,4,6,5,23,nonbinary,Canadian,bachelors_degree,5,7,4,3,intuitive,moderate,3,4,2,1,5,truth_source_unlabeled_persona_181.json
181,TS77,0,ai,False,false,1.0,6.0,2.0,3.0,5,7,4,6,5,23,nonbinary,Canadian,bachelors_degree,5,7,4,3,intuitive,moderate,3,4,2,1,5,truth_source_unlabeled_persona_181.json
181,TS64,0,ai,False,false,1.0,6.0,2.0,3.0,5,7,4,6,5,23,nonbinary,Canadian,bachelors_degree,5,7,4,3,intuitive,moderate,3,4,2,1,5,truth_source_unlabeled_persona_181.json
181,TS46,0,ai,True,true,1.0,6.0,5.0,2.0,5,7,4,6,5,23,nonbinary,Canadian,bachelors_degree,5,7,4,3,intuitive,moderate,3,4,2,1,5,truth_source_unlabeled_persona_181.json
181,TS61,0,ai,False,false,1.0,5.0,3.0,4.0,5,7,4,6,5,23,nonbinary,Canadian,bachelors_degree,5,7,4,3,intuitive,moderate,3,4,2,1,5,truth_source_unlabeled_persona_181.json
182,TS77,0,ai,False,false,1.0,6.0,2.0,2.0,5,4,6,5,3,18,man,Canadian,some_college,7,1,2,5,intuitive,moderate,6,4,5,3,1,truth_source_unlabeled_persona_182.json
182,TS39,0,human,False,false,1.0,6.0,2.0,2.0,5,4,6,5,3,18,man,Canadian,some_college,7,1,2,5,intuitive,moderate,6,4,5,3,1,truth_source_unlabeled_persona_182.json
182,TS22,0,human,False,false,1.0,6.0,2.0,2.0,5,4,6,5,3,18,man,Canadian,some_college,7,1,2,5,intuitive,moderate,6,4,5,3,1,truth_source_unlabeled_persona_182.json
182,TS55,0,ai,True,true,1.0,6.0,5.0,5.0,5,4,6,5,3,18,man,Canadian,some_college,7,1,2,5,intuitive,moderate,6,4,5,3,1,truth_source_unlabeled_persona_182.json
182,TS33,0,human,False,false,1.0,6.0,2.0,2.0,5,4,6,5,3,18,man,Canadian,some_college,7,1,2,5,intuitive,moderate,6,4,5,3,1,truth_source_unlabeled_persona_182.json
183,TS55,0,ai,True,true,1.0,5.0,4.0,4.0,5,3,6,4,5,19,prefer_not_to_say,Australian,undergraduate,5,3,5,5,analytical,high,3,3,2,1,4,truth_source_unlabeled_persona_183.json
183,TS22,0,human,False,false,1.0,3.0,2.0,5.0,5,3,6,4,5,19,prefer_not_to_say,Australian,undergraduate,5,3,5,5,analytical,high,3,3,2,1,4,truth_source_unlabeled_persona_183.json
183,TS46,0,ai,True,true,1.0,5.0,6.0,4.0,5,3,6,4,5,19,prefer_not_to_say,Australian,undergraduate,5,3,5,5,analytical,high,3,3,2,1,4,truth_source_unlabeled_persona_183.json
183,TS18,0,human,True,true,1.0,4.0,5.0,3.0,5,3,6,4,5,19,prefer_not_to_say,Australian,undergraduate,5,3,5,5,analytical,high,3,3,2,1,4,truth_source_unlabeled_persona_183.json
183,TS77,0,ai,False,false,1.0,6.0,1.0,2.0,5,3,6,4,5,19,prefer_not_to_say,Australian,undergraduate,5,3,5,5,analytical,high,3,3,2,1,4,truth_source_unlabeled_persona_183.json
184,TS64,0,ai,False,false,1.0,4.0,2.0,5.0,4,3,5,6,2,25,man,Canadian,undergraduate,6,4,7,2,intuitive,moderate,7,4,6,4,6,truth_source_unlabeled_persona_184.json
184,TS55,0,ai,True,true,1.0,6.0,5.0,2.0,4,3,5,6,2,25,man,Canadian,undergraduate,6,4,7,2,intuitive,moderate,7,4,6,4,6,truth_source_unlabeled_persona_184.json
184,TS39,0,human,False,false,1.0,4.0,2.0,5.0,4,3,5,6,2,25,man,Canadian,undergraduate,6,4,7,2,intuitive,moderate,7,4,6,4,6,truth_source_unlabeled_persona_184.json
184,TS46,0,ai,True,true,1.0,6.0,5.0,2.0,4,3,5,6,2,25,man,Canadian,undergraduate,6,4,7,2,intuitive,moderate,7,4,6,4,6,truth_source_unlabeled_persona_184.json
184,TS77,0,ai,False,false,1.0,6.0,3.0,2.0,4,3,5,6,2,25,man,Canadian,undergraduate,6,4,7,2,intuitive,moderate,7,4,6,4,6,truth_source_unlabeled_persona_184.json
185,TS55,0,ai,True,true,1.0,4.0,3.0,2.0,5,1,4,3,2,25,man,Canadian,graduate_student,5,1,5,3,mixed,moderate,2,4,6,2,3,truth_source_unlabeled_persona_185.json
185,TS33,0,human,False,false,1.0,6.0,2.0,1.0,5,1,4,3,2,25,man,Canadian,graduate_student,5,1,5,3,mixed,moderate,2,4,6,2,3,truth_source_unlabeled_persona_185.json
185,TS39,0,human,False,false,1.0,6.0,2.0,1.0,5,1,4,3,2,25,man,Canadian,graduate_student,5,1,5,3,mixed,moderate,2,4,6,2,3,truth_source_unlabeled_persona_185.json
185,TS56,0,ai,True,true,1.0,6.0,5.0,2.0,5,1,4,3,2,25,man,Canadian,graduate_student,5,1,5,3,mixed,moderate,2,4,6,2,3,truth_source_unlabeled_persona_185.json
185,TS34,0,human,False,false,1.0,6.0,4.0,2.0,5,1,4,3,2,25,man,Canadian,graduate_student,5,1,5,3,mixed,moderate,2,4,6,2,3,truth_source_unlabeled_persona_185.json
186,TS77,0,ai,False,false,1.0,6.0,2.0,1.0,2,4,6,3,5,23,man,US,some_college,2,4,6,1,intuitive,moderate,5,4,5,5,6,truth_source_unlabeled_persona_186.json
186,TS46,0,ai,True,true,1.0,5.0,4.0,3.0,2,4,6,3,5,23,man,US,some_college,2,4,6,1,intuitive,moderate,5,4,5,5,6,truth_source_unlabeled_persona_186.json
186,TS41,0,ai,True,true,1.0,6.0,5.0,2.0,2,4,6,3,5,23,man,US,some_college,2,4,6,1,intuitive,moderate,5,4,5,5,6,truth_source_unlabeled_persona_186.json
186,TS22,0,human,False,false,1.0,4.0,,,2,4,6,3,5,23,man,US,some_college,2,4,6,1,intuitive,moderate,5,4,5,5,6,truth_source_unlabeled_persona_186.json
186,TS39,0,human,False,false,1.0,6.0,2.0,1.0,2,4,6,3,5,23,man,US,some_college,2,4,6,1,intuitive,moderate,5,4,5,5,6,truth_source_unlabeled_persona_186.json
187,TS39,0,human,False,false,1.0,6.0,2.0,1.0,5,4,3,6,5,21,woman,US,bachelors_degree,7,4,6,2,mixed,low,2,3,3,2,7,truth_source_unlabeled_persona_187.json
187,TS46,0,ai,True,true,1.0,6.0,5.0,2.0,5,4,3,6,5,21,woman,US,bachelors_degree,7,4,6,2,mixed,low,2,3,3,2,7,truth_source_unlabeled_persona_187.json
187,TS56,0,ai,True,true,1.0,6.0,6.0,2.0,5,4,3,6,5,21,woman,US,bachelors_degree,7,4,6,2,mixed,low,2,3,3,2,7,truth_source_unlabeled_persona_187.json
187,TS55,0,ai,True,true,1.0,6.0,5.0,2.0,5,4,3,6,5,21,woman,US,bachelors_degree,7,4,6,2,mixed,low,2,3,3,2,7,truth_source_unlabeled_persona_187.json
187,TS77,0,ai,False,false,1.0,6.0,3.0,2.0,5,4,3,6,5,21,woman,US,bachelors_degree,7,4,6,2,mixed,low,2,3,3,2,7,truth_source_unlabeled_persona_187.json
188,TS77,0,ai,False,false,1.0,6.0,3.0,2.0,4,5,6,3,2,23,woman,US,undergraduate,4,5,6,7,mixed,moderate,4,6,4,3,6,truth_source_unlabeled_persona_188.json
188,TS41,0,ai,True,true,1.0,6.0,7.0,1.0,4,5,6,3,2,23,woman,US,undergraduate,4,5,6,7,mixed,moderate,4,6,4,3,6,truth_source_unlabeled_persona_188.json
188,TS76,0,ai,False,false,1.0,5.0,2.0,6.0,4,5,6,3,2,23,woman,US,undergraduate,4,5,6,7,mixed,moderate,4,6,4,3,6,truth_source_unlabeled_persona_188.json
188,TS14,0,human,True,true,1.0,6.0,7.0,1.0,4,5,6,3,2,23,woman,US,undergraduate,4,5,6,7,mixed,moderate,4,6,4,3,6,truth_source_unlabeled_persona_188.json
188,TS46,0,ai,True,true,1.0,6.0,6.0,1.0,4,5,6,3,2,23,woman,US,undergraduate,4,5,6,7,mixed,moderate,4,6,4,3,6,truth_source_unlabeled_persona_188.json
189,TS64,0,ai,False,false,1.0,6.0,2.0,1.0,5,3,4,6,5,19,prefer_not_to_say,Canadian,high_school_or_equivalent,5,3,3,4,mixed,low,5,2,4,5,2,truth_source_unlabeled_persona_189.json
189,TS55,0,ai,True,true,1.0,5.0,4.0,3.0,5,3,4,6,5,19,prefer_not_to_say,Canadian,high_school_or_equivalent,5,3,3,4,mixed,low,5,2,4,5,2,truth_source_unlabeled_persona_189.json
189,TS39,0,human,False,false,1.0,6.0,2.0,1.0,5,3,4,6,5,19,prefer_not_to_say,Canadian,high_school_or_equivalent,5,3,3,4,mixed,low,5,2,4,5,2,truth_source_unlabeled_persona_189.json
189,TS33,0,human,False,false,1.0,6.0,2.0,1.0,5,3,4,6,5,19,prefer_not_to_say,Canadian,high_school_or_equivalent,5,3,3,4,mixed,low,5,2,4,5,2,truth_source_unlabeled_persona_189.json
189,TS34,0,human,False,false,1.0,6.0,2.0,1.0,5,3,4,6,5,19,prefer_not_to_say,Canadian,high_school_or_equivalent,5,3,3,4,mixed,low,5,2,4,5,2,truth_source_unlabeled_persona_189.json
190,TS64,0,ai,False,false,1.0,6.0,4.0,2.0,4,6,3,5,4,24,man,Dutch,bachelors_degree,4,6,1,3,analytical,low,4,7,6,7,5,truth_source_unlabeled_persona_190.json
190,TS46,0,ai,True,true,1.0,5.0,6.0,4.0,4,6,3,5,4,24,man,Dutch,bachelors_degree,4,6,1,3,analytical,low,4,7,6,7,5,truth_source_unlabeled_persona_190.json
190,TS77,0,ai,False,false,1.0,6.0,4.0,2.0,4,6,3,5,4,24,man,Dutch,bachelors_degree,4,6,1,3,analytical,low,4,7,6,7,5,truth_source_unlabeled_persona_190.json
190,TS55,0,ai,True,true,1.0,6.0,5.0,3.0,4,6,3,5,4,24,man,Dutch,bachelors_degree,4,6,1,3,analytical,low,4,7,6,7,5,truth_source_unlabeled_persona_190.json
190,TS39,0,human,False,false,1.0,6.0,4.0,1.0,4,6,3,5,4,24,man,Dutch,bachelors_degree,4,6,1,3,analytical,low,4,7,6,7,5,truth_source_unlabeled_persona_190.json
191,TS39,0,human,False,false,1.0,4.0,3.0,2.0,2,3,4,5,2,24,prefer_not_to_say,US,bachelors_degree,6,3,5,4,analytical,moderate,4,1,4,1,1,truth_source_unlabeled_persona_191.json
191,TS41,0,ai,True,true,1.0,5.0,6.0,1.0,2,3,4,5,2,24,prefer_not_to_say,US,bachelors_degree,6,3,5,4,analytical,moderate,4,1,4,1,1,truth_source_unlabeled_persona_191.json
191,TS46,0,ai,True,true,1.0,4.0,5.0,2.0,2,3,4,5,2,24,prefer_not_to_say,US,bachelors_degree,6,3,5,4,analytical,moderate,4,1,4,1,1,truth_source_unlabeled_persona_191.json
191,TS64,0,ai,False,false,1.0,5.0,3.0,1.0,2,3,4,5,2,24,prefer_not_to_say,US,bachelors_degree,6,3,5,4,analytical,moderate,4,1,4,1,1,truth_source_unlabeled_persona_191.json
191,TS77,0,ai,False,false,1.0,6.0,2.0,1.0,2,3,4,5,2,24,prefer_not_to_say,US,bachelors_degree,6,3,5,4,analytical,moderate,4,1,4,1,1,truth_source_unlabeled_persona_191.json
192,TS77,0,ai,False,false,1.0,6.0,3.0,2.0,4,7,5,6,4,21,prefer_not_to_say,British,graduate_student,4,7,4,4,analytical,moderate,1,5,4,4,6,truth_source_unlabeled_persona_192.json
192,TS39,0,human,False,false,1.0,6.0,3.0,2.0,4,7,5,6,4,21,prefer_not_to_say,British,graduate_student,4,7,4,4,analytical,moderate,1,5,4,4,6,truth_source_unlabeled_persona_192.json
192,TS64,0,ai,False,false,1.0,6.0,3.0,2.0,4,7,5,6,4,21,prefer_not_to_say,British,graduate_student,4,7,4,4,analytical,moderate,1,5,4,4,6,truth_source_unlabeled_persona_192.json
192,TS33,0,human,False,false,1.0,6.0,3.0,2.0,4,7,5,6,4,21,prefer_not_to_say,British,graduate_student,4,7,4,4,analytical,moderate,1,5,4,4,6,truth_source_unlabeled_persona_192.json
192,TS55,0,ai,True,true,1.0,6.0,5.0,4.0,4,7,5,6,4,21,prefer_not_to_say,British,graduate_student,4,7,4,4,analytical,moderate,1,5,4,4,6,truth_source_unlabeled_persona_192.json
193,TS46,0,ai,True,true,1.0,5.0,4.0,2.0,5,4,6,5,3,22,prefer_not_to_say,US,bachelors_degree,7,4,4,5,intuitive,moderate,1,2,5,3,6,truth_source_unlabeled_persona_193.json
193,TS55,0,ai,True,true,1.0,6.0,5.0,3.0,5,4,6,5,3,22,prefer_not_to_say,US,bachelors_degree,7,4,4,5,intuitive,moderate,1,2,5,3,6,truth_source_unlabeled_persona_193.json
193,TS39,0,human,False,false,1.0,6.0,3.0,2.0,5,4,6,5,3,22,prefer_not_to_say,US,bachelors_degree,7,4,4,5,intuitive,moderate,1,2,5,3,6,truth_source_unlabeled_persona_193.json
193,TS62,0,ai,False,false,1.0,6.0,3.0,2.0,5,4,6,5,3,22,prefer_not_to_say,US,bachelors_degree,7,4,4,5,intuitive,moderate,1,2,5,3,6,truth_source_unlabeled_persona_193.json
193,TS64,0,ai,False,false,1.0,6.0,3.0,2.0,5,4,6,5,3,22,prefer_not_to_say,US,bachelors_degree,7,4,4,5,intuitive,moderate,1,2,5,3,6,truth_source_unlabeled_persona_193.json
194,TS77,0,ai,False,false,1.0,6.0,2.0,2.0,6,5,4,3,4,23,man,Canadian,some_college,6,6,4,4,mixed,moderate,2,2,3,4,6,truth_source_unlabeled_persona_194.json
194,TS64,0,ai,False,false,1.0,6.0,2.0,2.0,6,5,4,3,4,23,man,Canadian,some_college,6,6,4,4,mixed,moderate,2,2,3,4,6,truth_source_unlabeled_persona_194.json
194,TS0,0,human,True,true,1.0,5.0,4.0,4.0,6,5,4,3,4,23,man,Canadian,some_college,6,6,4,4,mixed,moderate,2,2,3,4,6,truth_source_unlabeled_persona_194.json
194,TS55,0,ai,True,true,1.0,6.0,5.0,5.0,6,5,4,3,4,23,man,Canadian,some_college,6,6,4,4,mixed,moderate,2,2,3,4,6,truth_source_unlabeled_persona_194.json
194,TS39,0,human,False,false,1.0,6.0,2.0,2.0,6,5,4,3,4,23,man,Canadian,some_college,6,6,4,4,mixed,moderate,2,2,3,4,6,truth_source_unlabeled_persona_194.json
195,TS46,0,ai,True,true,1.0,4.0,3.0,2.0,2,1,4,3,5,25,nonbinary,British,bachelors_degree,2,1,3,5,analytical,moderate,1,5,7,1,2,truth_source_unlabeled_persona_195.json
195,TS34,0,human,False,false,1.0,5.0,2.0,3.0,2,1,4,3,5,25,nonbinary,British,bachelors_degree,2,1,3,5,analytical,moderate,1,5,7,1,2,truth_source_unlabeled_persona_195.json
195,TS64,0,ai,False,false,1.0,6.0,4.0,2.0,2,1,4,3,5,25,nonbinary,British,bachelors_degree,2,1,3,5,analytical,moderate,1,5,7,1,2,truth_source_unlabeled_persona_195.json
195,TS55,0,ai,True,true,1.0,5.0,5.0,4.0,2,1,4,3,5,25,nonbinary,British,bachelors_degree,2,1,3,5,analytical,moderate,1,5,7,1,2,truth_source_unlabeled_persona_195.json
195,TS39,0,human,False,false,1.0,6.0,3.0,2.0,2,1,4,3,5,25,nonbinary,British,bachelors_degree,2,1,3,5,analytical,moderate,1,5,7,1,2,truth_source_unlabeled_persona_195.json
196,TS77,0,ai,False,false,1.0,6.0,1.0,2.0,4,4,6,5,2,22,woman,US,graduate_student,4,4,2,2,mixed,high,1,6,4,7,3,truth_source_unlabeled_persona_196.json
196,TS14,0,human,True,true,1.0,6.0,5.0,3.0,4,4,6,5,2,22,woman,US,graduate_student,4,4,2,2,mixed,high,1,6,4,7,3,truth_source_unlabeled_persona_196.json
196,TS55,0,ai,True,true,1.0,6.0,5.0,3.0,4,4,6,5,2,22,woman,US,graduate_student,4,4,2,2,mixed,high,1,6,4,7,3,truth_source_unlabeled_persona_196.json
196,TS46,0,ai,True,true,1.0,6.0,5.0,3.0,4,4,6,5,2,22,woman,US,graduate_student,4,4,2,2,mixed,high,1,6,4,7,3,truth_source_unlabeled_persona_196.json
196,TS64,0,ai,False,false,1.0,6.0,1.0,2.0,4,4,6,5,2,22,woman,US,graduate_student,4,4,2,2,mixed,high,1,6,4,7,3,truth_source_unlabeled_persona_196.json
197,TS34,0,human,False,false,1.0,6.0,4.0,2.0,2,7,4,5,3,22,man,Australian,undergraduate,2,7,5,1,analytical,low,1,4,6,6,6,truth_source_unlabeled_persona_197.json
197,TS46,0,ai,True,true,1.0,6.0,5.0,2.0,2,7,4,5,3,22,man,Australian,undergraduate,2,7,5,1,analytical,low,1,4,6,6,6,truth_source_unlabeled_persona_197.json
197,TS55,0,ai,True,true,1.0,6.0,5.0,2.0,2,7,4,5,3,22,man,Australian,undergraduate,2,7,5,1,analytical,low,1,4,6,6,6,truth_source_unlabeled_persona_197.json
197,TS64,0,ai,False,false,1.0,6.0,4.0,2.0,2,7,4,5,3,22,man,Australian,undergraduate,2,7,5,1,analytical,low,1,4,6,6,6,truth_source_unlabeled_persona_197.json
197,TS39,0,human,False,false,1.0,6.0,4.0,1.0,2,7,4,5,3,22,man,Australian,undergraduate,2,7,5,1,analytical,low,1,4,6,6,6,truth_source_unlabeled_persona_197.json
198,TS14,0,human,True,true,1.0,5.0,4.0,3.0,4,6,5,3,4,25,prefer_not_to_say,Canadian,vocational_training,4,7,3,1,intuitive,low,3,2,2,5,6,truth_source_unlabeled_persona_198.json
198,TS77,0,ai,False,false,1.0,2.0,2.0,6.0,4,6,5,3,4,25,prefer_not_to_say,Canadian,vocational_training,4,7,3,1,intuitive,low,3,2,2,5,6,truth_source_unlabeled_persona_198.json
198,TS55,0,ai,True,true,1.0,5.0,6.0,2.0,4,6,5,3,4,25,prefer_not_to_say,Canadian,vocational_training,4,7,3,1,intuitive,low,3,2,2,5,6,truth_source_unlabeled_persona_198.json
198,TS46,0,ai,True,true,1.0,4.0,5.0,3.0,4,6,5,3,4,25,prefer_not_to_say,Canadian,vocational_training,4,7,3,1,intuitive,low,3,2,2,5,6,truth_source_unlabeled_persona_198.json
198,TS64,0,ai,False,false,1.0,6.0,3.0,1.0,4,6,5,3,4,25,prefer_not_to_say,Canadian,vocational_training,4,7,3,1,intuitive,low,3,2,2,5,6,truth_source_unlabeled_persona_198.json
199,TS39,0,human,False,false,1.0,5.0,3.0,2.0,4,3,6,5,4,25,nonbinary,British,bachelors_degree,4,7,4,7,intuitive,high,3,4,7,3,3,truth_source_unlabeled_persona_199.json
199,TS46,0,ai,True,true,1.0,4.0,6.0,5.0,4,3,6,5,4,25,nonbinary,British,bachelors_degree,4,7,4,7,intuitive,high,3,4,7,3,3,truth_source_unlabeled_persona_199.json
199,TS64,0,ai,False,false,1.0,5.0,3.0,2.0,4,3,6,5,4,25,nonbinary,British,bachelors_degree,4,7,4,7,intuitive,high,3,4,7,3,3,truth_source_unlabeled_persona_199.json
199,TS34,0,human,False,false,1.0,6.0,5.0,1.0,4,3,6,5,4,25,nonbinary,British,bachelors_degree,4,7,4,7,intuitive,high,3,4,7,3,3,truth_source_unlabeled_persona_199.json
199,TS41,0,ai,True,true,1.0,6.0,6.0,5.0,4,3,6,5,4,25,nonbinary,British,bachelors_degree,4,7,4,7,intuitive,high,3,4,7,3,3,truth_source_unlabeled_persona_199.json
200,TS46,0,ai,True,true,1.0,4.0,5.0,2.0,3,3,5,4,2,22,man,Canadian,undergraduate,3,3,3,3,analytical,moderate,5,4,6,1,2,truth_source_unlabeled_persona_200.json
200,TS41,0,ai,True,true,1.0,5.0,6.0,3.0,3,3,5,4,2,22,man,Canadian,undergraduate,3,3,3,3,analytical,moderate,5,4,6,1,2,truth_source_unlabeled_persona_200.json
200,TS64,0,ai,False,false,1.0,6.0,4.0,2.0,3,3,5,4,2,22,man,Canadian,undergraduate,3,3,3,3,analytical,moderate,5,4,6,1,2,truth_source_unlabeled_persona_200.json
200,TS39,0,human,False,false,1.0,,,,3,3,5,4,2,22,man,Canadian,undergraduate,3,3,3,3,analytical,moderate,5,4,6,1,2,truth_source_unlabeled_persona_200.json
200,TS77,0,ai,False,false,1.0,6.0,3.0,2.0,3,3,5,4,2,22,man,Canadian,undergraduate,3,3,3,3,analytical,moderate,5,4,6,1,2,truth_source_unlabeled_persona_200.json
201,TS55,0,ai,True,true,1.0,6.0,4.0,2.0,4,7,6,5,3,21,woman,US,vocational_training,4,7,5,4,mixed,low,4,6,4,7,4,truth_source_unlabeled_persona_201.json
201,TS34,0,human,False,false,1.0,6.0,4.0,2.0,4,7,6,5,3,21,woman,US,vocational_training,4,7,5,4,mixed,low,4,6,4,7,4,truth_source_unlabeled_persona_201.json
201,TS64,0,ai,False,false,1.0,6.0,3.0,2.0,4,7,6,5,3,21,woman,US,vocational_training,4,7,5,4,mixed,low,4,6,4,7,4,truth_source_unlabeled_persona_201.json
201,TS46,0,ai,True,true,1.0,6.0,5.0,3.0,4,7,6,5,3,21,woman,US,vocational_training,4,7,5,4,mixed,low,4,6,4,7,4,truth_source_unlabeled_persona_201.json
201,TS39,0,human,False,false,1.0,6.0,4.0,2.0,4,7,6,5,3,21,woman,US,vocational_training,4,7,5,4,mixed,low,4,6,4,7,4,truth_source_unlabeled_persona_201.json
202,TS34,0,human,False,false,1.0,5.0,3.0,2.0,4,5,6,3,4,18,nonbinary,German,graduate_student,4,5,1,5,analytical,moderate,1,2,5,4,6,truth_source_unlabeled_persona_202.json
202,TS64,0,ai,False,false,1.0,6.0,2.0,3.0,4,5,6,3,4,18,nonbinary,German,graduate_student,4,5,1,5,analytical,moderate,1,2,5,4,6,truth_source_unlabeled_persona_202.json
202,TS46,0,ai,True,true,1.0,5.0,5.0,4.0,4,5,6,3,4,18,nonbinary,German,graduate_student,4,5,1,5,analytical,moderate,1,2,5,4,6,truth_source_unlabeled_persona_202.json
202,TS55,0,ai,True,true,1.0,6.0,5.0,2.0,4,5,6,3,4,18,nonbinary,German,graduate_student,4,5,1,5,analytical,moderate,1,2,5,4,6,truth_source_unlabeled_persona_202.json
202,TS14,0,human,True,true,1.0,6.0,6.0,1.0,4,5,6,3,4,18,nonbinary,German,graduate_student,4,5,1,5,analytical,moderate,1,2,5,4,6,truth_source_unlabeled_persona_202.json
203,TS1,0,human,True,false,0.0,4.0,3.0,2.0,3,4,5,6,5,20,man,Canadian,vocational_training,2,6,1,7,analytical,low,4,6,3,3,6,truth_source_unlabeled_persona_203.json
203,TS64,0,ai,False,false,1.0,5.0,3.0,2.0,3,4,5,6,5,20,man,Canadian,vocational_training,2,6,1,7,analytical,low,4,6,3,3,6,truth_source_unlabeled_persona_203.json
203,TS46,0,ai,True,true,1.0,4.0,6.0,5.0,3,4,5,6,5,20,man,Canadian,vocational_training,2,6,1,7,analytical,low,4,6,3,3,6,truth_source_unlabeled_persona_203.json
203,TS2,0,human,True,true,1.0,5.0,6.0,3.0,3,4,5,6,5,20,man,Canadian,vocational_training,2,6,1,7,analytical,low,4,6,3,3,6,truth_source_unlabeled_persona_203.json
203,TS39,0,human,False,false,1.0,6.0,4.0,3.0,3,4,5,6,5,20,man,Canadian,vocational_training,2,6,1,7,analytical,low,4,6,3,3,6,truth_source_unlabeled_persona_203.json
204,TS2,0,human,True,true,1.0,5.0,6.0,2.0,4,5,6,5,6,20,prefer_not_to_say,US,high_school_or_equivalent,7,7,7,1,mixed,high,2,4,1,4,5,truth_source_unlabeled_persona_204.json
204,TS46,0,ai,True,true,1.0,4.0,5.0,3.0,4,5,6,5,6,20,prefer_not_to_say,US,high_school_or_equivalent,7,7,7,1,mixed,high,2,4,1,4,5,truth_source_unlabeled_persona_204.json
204,TS39,0,human,False,false,1.0,6.0,2.0,1.0,4,5,6,5,6,20,prefer_not_to_say,US,high_school_or_equivalent,7,7,7,1,mixed,high,2,4,1,4,5,truth_source_unlabeled_persona_204.json
204,TS1,0,human,True,true,1.0,5.0,4.0,2.0,4,5,6,5,6,20,prefer_not_to_say,US,high_school_or_equivalent,7,7,7,1,mixed,high,2,4,1,4,5,truth_source_unlabeled_persona_204.json
204,TS22,0,human,False,false,1.0,3.0,2.0,1.0,4,5,6,5,6,20,prefer_not_to_say,US,high_school_or_equivalent,7,7,7,1,mixed,high,2,4,1,4,5,truth_source_unlabeled_persona_204.json
205,TS22,0,human,False,false,1.0,4.0,3.0,2.0,4,3,5,2,4,25,woman,Canadian,undergraduate,2,3,4,2,mixed,moderate,6,3,2,4,4,truth_source_unlabeled_persona_205.json
205,TS39,0,human,False,false,1.0,4.0,3.0,2.0,4,3,5,2,4,25,woman,Canadian,undergraduate,2,3,4,2,mixed,moderate,6,3,2,4,4,truth_source_unlabeled_persona_205.json
205,TS34,0,human,False,false,1.0,4.0,3.0,2.0,4,3,5,2,4,25,woman,Canadian,undergraduate,2,3,4,2,mixed,moderate,6,3,2,4,4,truth_source_unlabeled_persona_205.json
205,TS41,0,ai,True,true,1.0,5.0,6.0,3.0,4,3,5,2,4,25,woman,Canadian,undergraduate,2,3,4,2,mixed,moderate,6,3,2,4,4,truth_source_unlabeled_persona_205.json
205,TS46,0,ai,True,true,1.0,4.0,5.0,2.0,4,3,5,2,4,25,woman,Canadian,undergraduate,2,3,4,2,mixed,moderate,6,3,2,4,4,truth_source_unlabeled_persona_205.json
206,TS39,0,human,False,false,1.0,6.0,4.0,2.0,5,4,6,4,5,22,nonbinary,US,some_college,3,4,5,5,mixed,moderate,1,3,2,6,3,truth_source_unlabeled_persona_206.json
206,TS34,0,human,False,true,0.0,5.0,5.0,4.0,5,4,6,4,5,22,nonbinary,US,some_college,3,4,5,5,mixed,moderate,1,3,2,6,3,truth_source_unlabeled_persona_206.json
206,TS56,0,ai,True,true,1.0,6.0,6.0,1.0,5,4,6,4,5,22,nonbinary,US,some_college,3,4,5,5,mixed,moderate,1,3,2,6,3,truth_source_unlabeled_persona_206.json
206,TS47,0,ai,True,true,1.0,6.0,6.0,1.0,5,4,6,4,5,22,nonbinary,US,some_college,3,4,5,5,mixed,moderate,1,3,2,6,3,truth_source_unlabeled_persona_206.json
206,TS41,0,ai,True,true,1.0,6.0,6.0,1.0,5,4,6,4,5,22,nonbinary,US,some_college,3,4,5,5,mixed,moderate,1,3,2,6,3,truth_source_unlabeled_persona_206.json
207,TS46,0,ai,True,true,1.0,5.0,4.0,2.0,5,6,4,3,5,25,nonbinary,German,graduate_student,6,6,5,5,analytical,high,4,1,1,1,1,truth_source_unlabeled_persona_207.json
207,TS2,0,human,True,true,1.0,5.0,4.0,2.0,5,6,4,3,5,25,nonbinary,German,graduate_student,6,6,5,5,analytical,high,4,1,1,1,1,truth_source_unlabeled_persona_207.json
207,TS22,0,human,False,false,1.0,2.0,2.0,3.0,5,6,4,3,5,25,nonbinary,German,graduate_student,6,6,5,5,analytical,high,4,1,1,1,1,truth_source_unlabeled_persona_207.json
207,TS39,0,human,False,false,1.0,6.0,3.0,1.0,5,6,4,3,5,25,nonbinary,German,graduate_student,6,6,5,5,analytical,high,4,1,1,1,1,truth_source_unlabeled_persona_207.json
207,TS1,0,human,True,true,1.0,4.0,5.0,2.0,5,6,4,3,5,25,nonbinary,German,graduate_student,6,6,5,5,analytical,high,4,1,1,1,1,truth_source_unlabeled_persona_207.json
208,TS33,0,human,False,false,1.0,6.0,2.0,1.0,6,1,5,4,2,20,nonbinary,Australian,some_college,6,1,5,2,intuitive,low,5,4,4,4,3,truth_source_unlabeled_persona_208.json
208,TS39,0,human,False,false,1.0,6.0,3.0,2.0,6,1,5,4,2,20,nonbinary,Australian,some_college,6,1,5,2,intuitive,low,5,4,4,4,3,truth_source_unlabeled_persona_208.json
208,TS41,0,ai,True,true,1.0,6.0,6.0,2.0,6,1,5,4,2,20,nonbinary,Australian,some_college,6,1,5,2,intuitive,low,5,4,4,4,3,truth_source_unlabeled_persona_208.json
208,TS34,0,human,False,false,1.0,6.0,3.0,2.0,6,1,5,4,2,20,nonbinary,Australian,some_college,6,1,5,2,intuitive,low,5,4,4,4,3,truth_source_unlabeled_persona_208.json
208,TS56,0,ai,True,true,1.0,6.0,5.0,2.0,6,1,5,4,2,20,nonbinary,Australian,some_college,6,1,5,2,intuitive,low,5,4,4,4,3,truth_source_unlabeled_persona_208.json
209,TS47,0,ai,True,true,1.0,6.0,5.0,2.0,3,4,5,3,2,18,nonbinary,British,bachelors_degree,7,2,2,5,analytical,moderate,1,5,4,6,3,truth_source_unlabeled_persona_209.json
209,TS56,0,ai,True,true,1.0,6.0,6.0,3.0,3,4,5,3,2,18,nonbinary,British,bachelors_degree,7,2,2,5,analytical,moderate,1,5,4,6,3,truth_source_unlabeled_persona_209.json
209,TS41,0,ai,True,true,1.0,6.0,5.0,2.0,3,4,5,3,2,18,nonbinary,British,bachelors_degree,7,2,2,5,analytical,moderate,1,5,4,6,3,truth_source_unlabeled_persona_209.json
209,TS62,0,ai,False,false,1.0,6.0,4.0,2.0,3,4,5,3,2,18,nonbinary,British,bachelors_degree,7,2,2,5,analytical,moderate,1,5,4,6,3,truth_source_unlabeled_persona_209.json
209,TS14,0,human,True,true,1.0,6.0,6.0,2.0,3,4,5,3,2,18,nonbinary,British,bachelors_degree,7,2,2,5,analytical,moderate,1,5,4,6,3,truth_source_unlabeled_persona_209.json
210,TS14,0,human,True,true,1.0,4.0,5.0,2.0,4,3,5,2,4,25,man,US,some_college,4,3,4,4,intuitive,moderate,1,4,7,1,1,truth_source_unlabeled_persona_210.json
210,TS56,0,ai,True,true,1.0,6.0,7.0,1.0,4,3,5,2,4,25,man,US,some_college,4,3,4,4,intuitive,moderate,1,4,7,1,1,truth_source_unlabeled_persona_210.json
210,TS34,0,human,False,false,1.0,5.0,4.0,2.0,4,3,5,2,4,25,man,US,some_college,4,3,4,4,intuitive,moderate,1,4,7,1,1,truth_source_unlabeled_persona_210.json
210,TS41,0,ai,True,true,1.0,6.0,7.0,1.0,4,3,5,2,4,25,man,US,some_college,4,3,4,4,intuitive,moderate,1,4,7,1,1,truth_source_unlabeled_persona_210.json
210,TS33,0,human,False,false,1.0,6.0,2.0,1.0,4,3,5,2,4,25,man,US,some_college,4,3,4,4,intuitive,moderate,1,4,7,1,1,truth_source_unlabeled_persona_210.json
211,TS22,0,human,False,false,1.0,5.0,2.0,2.0,4,3,5,6,4,18,nonbinary,US,bachelors_degree,4,3,4,7,intuitive,moderate,3,5,6,5,1,truth_source_unlabeled_persona_211.json
211,TS33,0,human,False,false,1.0,6.0,2.0,2.0,4,3,5,6,4,18,nonbinary,US,bachelors_degree,4,3,4,7,intuitive,moderate,3,5,6,5,1,truth_source_unlabeled_persona_211.json
211,TS2,0,human,True,true,1.0,6.0,5.0,2.0,4,3,5,6,4,18,nonbinary,US,bachelors_degree,4,3,4,7,intuitive,moderate,3,5,6,5,1,truth_source_unlabeled_persona_211.json
211,TS14,0,human,True,true,1.0,6.0,5.0,1.0,4,3,5,6,4,18,nonbinary,US,bachelors_degree,4,3,4,7,intuitive,moderate,3,5,6,5,1,truth_source_unlabeled_persona_211.json
211,TS34,0,human,False,false,1.0,6.0,2.0,1.0,4,3,5,6,4,18,nonbinary,US,bachelors_degree,4,3,4,7,intuitive,moderate,3,5,6,5,1,truth_source_unlabeled_persona_211.json
212,TS34,0,human,False,false,1.0,4.0,3.0,2.0,3,5,6,4,4,19,prefer_not_to_say,US,high_school_or_equivalent,1,6,7,4,mixed,low,4,4,4,3,5,truth_source_unlabeled_persona_212.json
212,TS69,0,ai,False,false,1.0,5.0,2.0,1.0,3,5,6,4,4,19,prefer_not_to_say,US,high_school_or_equivalent,1,6,7,4,mixed,low,4,4,4,3,5,truth_source_unlabeled_persona_212.json
212,TS41,0,ai,True,true,1.0,6.0,5.0,2.0,3,5,6,4,4,19,prefer_not_to_say,US,high_school_or_equivalent,1,6,7,4,mixed,low,4,4,4,3,5,truth_source_unlabeled_persona_212.json
212,TS33,0,human,False,false,1.0,6.0,2.0,1.0,3,5,6,4,4,19,prefer_not_to_say,US,high_school_or_equivalent,1,6,7,4,mixed,low,4,4,4,3,5,truth_source_unlabeled_persona_212.json
212,TS22,0,human,False,false,1.0,6.0,2.0,1.0,3,5,6,4,4,19,prefer_not_to_say,US,high_school_or_equivalent,1,6,7,4,mixed,low,4,4,4,3,5,truth_source_unlabeled_persona_212.json
213,TS47,0,ai,True,true,1.0,4.0,5.0,3.0,4,2,5,6,3,21,nonbinary,Australian,vocational_training,4,2,3,7,mixed,low,1,4,7,7,1,truth_source_unlabeled_persona_213.json
213,TS22,0,human,False,false,1.0,5.0,4.0,2.0,4,2,5,6,3,21,nonbinary,Australian,vocational_training,4,2,3,7,mixed,low,1,4,7,7,1,truth_source_unlabeled_persona_213.json
213,TS41,0,ai,True,true,1.0,6.0,5.0,4.0,4,2,5,6,3,21,nonbinary,Australian,vocational_training,4,2,3,7,mixed,low,1,4,7,7,1,truth_source_unlabeled_persona_213.json
213,TS34,0,human,False,false,1.0,5.0,3.0,2.0,4,2,5,6,3,21,nonbinary,Australian,vocational_training,4,2,3,7,mixed,low,1,4,7,7,1,truth_source_unlabeled_persona_213.json
213,TS14,0,human,True,true,1.0,4.0,5.0,3.0,4,2,5,6,3,21,nonbinary,Australian,vocational_training,4,2,3,7,mixed,low,1,4,7,7,1,truth_source_unlabeled_persona_213.json
214,TS1,0,human,True,false,0.0,5.0,4.0,2.0,4,5,6,3,4,19,prefer_not_to_say,German,vocational_training,4,7,6,4,analytical,moderate,4,2,2,4,3,truth_source_unlabeled_persona_214.json
214,TS47,0,ai,True,true,1.0,6.0,6.0,5.0,4,5,6,3,4,19,prefer_not_to_say,German,vocational_training,4,7,6,4,analytical,moderate,4,2,2,4,3,truth_source_unlabeled_persona_214.json
214,TS14,0,human,True,true,1.0,6.0,6.0,5.0,4,5,6,3,4,19,prefer_not_to_say,German,vocational_training,4,7,6,4,analytical,moderate,4,2,2,4,3,truth_source_unlabeled_persona_214.json
214,TS56,0,ai,True,true,1.0,6.0,6.0,5.0,4,5,6,3,4,19,prefer_not_to_say,German,vocational_training,4,7,6,4,analytical,moderate,4,2,2,4,3,truth_source_unlabeled_persona_214.json
214,TS41,0,ai,True,true,1.0,6.0,6.0,5.0,4,5,6,3,4,19,prefer_not_to_say,German,vocational_training,4,7,6,4,analytical,moderate,4,2,2,4,3,truth_source_unlabeled_persona_214.json
215,TS1,0,human,True,unsure,,3.0,4.0,2.0,4,2,5,3,4,24,prefer_not_to_say,US,graduate_student,4,1,3,4,analytical,moderate,5,7,2,4,6,truth_source_unlabeled_persona_215.json
215,TS22,0,human,False,false,1.0,2.0,3.0,5.0,4,2,5,3,4,24,prefer_not_to_say,US,graduate_student,4,1,3,4,analytical,moderate,5,7,2,4,6,truth_source_unlabeled_persona_215.json
215,TS41,0,ai,True,true,1.0,6.0,6.0,1.0,4,2,5,3,4,24,prefer_not_to_say,US,graduate_student,4,1,3,4,analytical,moderate,5,7,2,4,6,truth_source_unlabeled_persona_215.json
215,TS33,0,human,False,false,1.0,6.0,2.0,1.0,4,2,5,3,4,24,prefer_not_to_say,US,graduate_student,4,1,3,4,analytical,moderate,5,7,2,4,6,truth_source_unlabeled_persona_215.json
215,TS18,0,human,True,true,1.0,5.0,5.0,4.0,4,2,5,3,4,24,prefer_not_to_say,US,graduate_student,4,1,3,4,analytical,moderate,5,7,2,4,6,truth_source_unlabeled_persona_215.json
216,TS34,0,human,False,false,1.0,5.0,3.0,2.0,5,2,4,3,4,18,man,British,bachelors_degree,5,7,1,5,analytical,moderate,2,1,1,2,5,truth_source_unlabeled_persona_216.json
216,TS69,0,ai,False,false,1.0,6.0,2.0,4.0,5,2,4,3,4,18,man,British,bachelors_degree,5,7,1,5,analytical,moderate,2,1,1,2,5,truth_source_unlabeled_persona_216.json
216,TS41,0,ai,True,true,1.0,5.0,6.0,3.0,5,2,4,3,4,18,man,British,bachelors_degree,5,7,1,5,analytical,moderate,2,1,1,2,5,truth_source_unlabeled_persona_216.json
216,TS70,0,ai,False,false,1.0,5.0,2.0,3.0,5,2,4,3,4,18,man,British,bachelors_degree,5,7,1,5,analytical,moderate,2,1,1,2,5,truth_source_unlabeled_persona_216.json
216,TS22,0,human,False,false,1.0,6.0,2.0,1.0,5,2,4,3,4,18,man,British,bachelors_degree,5,7,1,5,analytical,moderate,2,1,1,2,5,truth_source_unlabeled_persona_216.json
217,TS22,0,human,False,false,1.0,6.0,4.0,2.0,4,3,5,6,4,21,woman,British,graduate_student,4,7,4,5,mixed,moderate,2,3,7,4,7,truth_source_unlabeled_persona_217.json
217,TS34,0,human,False,true,0.0,4.0,5.0,3.0,4,3,5,6,4,21,woman,British,graduate_student,4,7,4,5,mixed,moderate,2,3,7,4,7,truth_source_unlabeled_persona_217.json
217,TS14,0,human,True,true,1.0,5.0,6.0,4.0,4,3,5,6,4,21,woman,British,graduate_student,4,7,4,5,mixed,moderate,2,3,7,4,7,truth_source_unlabeled_persona_217.json
217,TS33,0,human,False,false,1.0,6.0,3.0,2.0,4,3,5,6,4,21,woman,British,graduate_student,4,7,4,5,mixed,moderate,2,3,7,4,7,truth_source_unlabeled_persona_217.json
217,TS41,0,ai,True,true,1.0,6.0,5.0,4.0,4,3,5,6,4,21,woman,British,graduate_student,4,7,4,5,mixed,moderate,2,3,7,4,7,truth_source_unlabeled_persona_217.json
218,TS41,0,ai,True,true,1.0,5.0,6.0,2.0,3,3,5,4,4,25,woman,German,vocational_training,3,3,5,3,intuitive,moderate,4,1,5,5,7,truth_source_unlabeled_persona_218.json
218,TS69,0,ai,False,false,1.0,6.0,2.0,5.0,3,3,5,4,4,25,woman,German,vocational_training,3,3,5,3,intuitive,moderate,4,1,5,5,7,truth_source_unlabeled_persona_218.json
218,TS22,0,human,False,false,1.0,6.0,2.0,5.0,3,3,5,4,4,25,woman,German,vocational_training,3,3,5,3,intuitive,moderate,4,1,5,5,7,truth_source_unlabeled_persona_218.json
218,TS34,0,human,False,false,1.0,6.0,4.0,2.0,3,3,5,4,4,25,woman,German,vocational_training,3,3,5,3,intuitive,moderate,4,1,5,5,7,truth_source_unlabeled_persona_218.json
218,TS72,0,ai,False,false,1.0,6.0,5.0,2.0,3,3,5,4,4,25,woman,German,vocational_training,3,3,5,3,intuitive,moderate,4,1,5,5,7,truth_source_unlabeled_persona_218.json
219,TS69,0,ai,False,false,1.0,6.0,1.0,2.0,4,3,5,2,6,18,woman,British,graduate_student,4,3,4,2,intuitive,low,1,4,4,2,7,truth_source_unlabeled_persona_219.json
219,TS34,0,human,False,false,1.0,6.0,4.0,2.0,4,3,5,2,6,18,woman,British,graduate_student,4,3,4,2,intuitive,low,1,4,4,2,7,truth_source_unlabeled_persona_219.json
219,TS33,0,human,False,false,1.0,6.0,2.0,2.0,4,3,5,2,6,18,woman,British,graduate_student,4,3,4,2,intuitive,low,1,4,4,2,7,truth_source_unlabeled_persona_219.json
219,TS41,0,ai,True,true,1.0,6.0,6.0,5.0,4,3,5,2,6,18,woman,British,graduate_student,4,3,4,2,intuitive,low,1,4,4,2,7,truth_source_unlabeled_persona_219.json
219,TS22,0,human,False,false,1.0,6.0,3.0,2.0,4,3,5,2,6,18,woman,British,graduate_student,4,3,4,2,intuitive,low,1,4,4,2,7,truth_source_unlabeled_persona_219.json
220,TS33,0,human,False,false,1.0,6.0,2.0,3.0,6,3,5,4,2,25,prefer_not_to_say,German,graduate_student,7,3,3,7,mixed,high,4,7,5,3,7,truth_source_unlabeled_persona_220.json
220,TS41,0,ai,True,true,1.0,6.0,5.0,2.0,6,3,5,4,2,25,prefer_not_to_say,German,graduate_student,7,3,3,7,mixed,high,4,7,5,3,7,truth_source_unlabeled_persona_220.json
220,TS1,0,human,True,unsure,,4.0,3.0,5.0,6,3,5,4,2,25,prefer_not_to_say,German,graduate_student,7,3,3,7,mixed,high,4,7,5,3,7,truth_source_unlabeled_persona_220.json
220,TS14,0,human,True,true,1.0,6.0,5.0,2.0,6,3,5,4,2,25,prefer_not_to_say,German,graduate_student,7,3,3,7,mixed,high,4,7,5,3,7,truth_source_unlabeled_persona_220.json
220,TS22,0,human,False,false,1.0,6.0,4.0,2.0,6,3,5,4,2,25,prefer_not_to_say,German,graduate_student,7,3,3,7,mixed,high,4,7,5,3,7,truth_source_unlabeled_persona_220.json
221,TS14,0,human,True,true,1.0,4.0,5.0,3.0,3,6,5,4,2,22,nonbinary,US,vocational_training,1,6,3,5,mixed,moderate,1,6,1,1,7,truth_source_unlabeled_persona_221.json
221,TS22,0,human,False,false,1.0,2.0,3.0,4.0,3,6,5,4,2,22,nonbinary,US,vocational_training,1,6,3,5,mixed,moderate,1,6,1,1,7,truth_source_unlabeled_persona_221.json
221,TS33,0,human,False,false,1.0,6.0,2.0,2.0,3,6,5,4,2,22,nonbinary,US,vocational_training,1,6,3,5,mixed,moderate,1,6,1,1,7,truth_source_unlabeled_persona_221.json
221,TS41,0,ai,True,true,1.0,6.0,6.0,5.0,3,6,5,4,2,22,nonbinary,US,vocational_training,1,6,3,5,mixed,moderate,1,6,1,1,7,truth_source_unlabeled_persona_221.json
221,TS34,0,human,False,false,1.0,6.0,5.0,4.0,3,6,5,4,2,22,nonbinary,US,vocational_training,1,6,3,5,mixed,moderate,1,6,1,1,7,truth_source_unlabeled_persona_221.json
222,TS41,0,ai,True,true,1.0,5.0,4.0,3.0,5,4,6,2,3,23,man,Dutch,some_college,5,1,5,2,mixed,moderate,5,7,4,5,6,truth_source_unlabeled_persona_222.json
222,TS69,0,ai,False,false,1.0,6.0,2.0,2.0,5,4,6,2,3,23,man,Dutch,some_college,5,1,5,2,mixed,moderate,5,7,4,5,6,truth_source_unlabeled_persona_222.json
222,TS34,0,human,False,false,1.0,4.0,3.0,5.0,5,4,6,2,3,23,man,Dutch,some_college,5,1,5,2,mixed,moderate,5,7,4,5,6,truth_source_unlabeled_persona_222.json
222,TS22,0,human,False,false,1.0,5.0,2.0,6.0,5,4,6,2,3,23,man,Dutch,some_college,5,1,5,2,mixed,moderate,5,7,4,5,6,truth_source_unlabeled_persona_222.json
222,TS33,0,human,False,false,1.0,6.0,1.0,2.0,5,4,6,2,3,23,man,Dutch,some_college,5,1,5,2,mixed,moderate,5,7,4,5,6,truth_source_unlabeled_persona_222.json
223,TS33,0,human,False,false,1.0,5.0,2.0,1.0,3,4,6,5,3,22,woman,British,vocational_training,2,7,1,3,mixed,low,4,4,2,5,5,truth_source_unlabeled_persona_223.json
223,TS14,0,human,True,true,1.0,6.0,5.0,2.0,3,4,6,5,3,22,woman,British,vocational_training,2,7,1,3,mixed,low,4,4,2,5,5,truth_source_unlabeled_persona_223.json
223,TS41,0,ai,True,true,1.0,6.0,5.0,2.0,3,4,6,5,3,22,woman,British,vocational_training,2,7,1,3,mixed,low,4,4,2,5,5,truth_source_unlabeled_persona_223.json
223,TS34,0,human,False,false,1.0,6.0,4.0,2.0,3,4,6,5,3,22,woman,British,vocational_training,2,7,1,3,mixed,low,4,4,2,5,5,truth_source_unlabeled_persona_223.json
223,TS22,0,human,False,false,1.0,6.0,3.0,2.0,3,4,6,5,3,22,woman,British,vocational_training,2,7,1,3,mixed,low,4,4,2,5,5,truth_source_unlabeled_persona_223.json
224,TS56,0,ai,True,true,1.0,6.0,5.0,2.0,5,3,4,6,5,18,nonbinary,Australian,high_school_or_equivalent,7,1,4,4,intuitive,low,4,6,6,1,5,truth_source_unlabeled_persona_224.json
224,TS41,0,ai,True,true,1.0,5.0,6.0,4.0,5,3,4,6,5,18,nonbinary,Australian,high_school_or_equivalent,7,1,4,4,intuitive,low,4,6,6,1,5,truth_source_unlabeled_persona_224.json
224,TS45,0,ai,True,true,1.0,6.0,5.0,2.0,5,3,4,6,5,18,nonbinary,Australian,high_school_or_equivalent,7,1,4,4,intuitive,low,4,6,6,1,5,truth_source_unlabeled_persona_224.json
224,TS33,0,human,False,false,1.0,2.0,2.0,4.0,5,3,4,6,5,18,nonbinary,Australian,high_school_or_equivalent,7,1,4,4,intuitive,low,4,6,6,1,5,truth_source_unlabeled_persona_224.json
224,TS14,0,human,True,true,1.0,6.0,5.0,2.0,5,3,4,6,5,18,nonbinary,Australian,high_school_or_equivalent,7,1,4,4,intuitive,low,4,6,6,1,5,truth_source_unlabeled_persona_224.json
225,TS34,0,human,False,false,1.0,6.0,3.0,2.0,6,4,3,5,5,18,man,Australian,bachelors_degree,6,4,6,6,mixed,low,1,6,5,6,7,truth_source_unlabeled_persona_225.json
225,TS33,0,human,False,false,1.0,6.0,3.0,2.0,6,4,3,5,5,18,man,Australian,bachelors_degree,6,4,6,6,mixed,low,1,6,5,6,7,truth_source_unlabeled_persona_225.json
225,TS65,0,ai,False,false,1.0,6.0,2.0,3.0,6,4,3,5,5,18,man,Australian,bachelors_degree,6,4,6,6,mixed,low,1,6,5,6,7,truth_source_unlabeled_persona_225.json
225,TS14,0,human,True,true,1.0,6.0,5.0,1.0,6,4,3,5,5,18,man,Australian,bachelors_degree,6,4,6,6,mixed,low,1,6,5,6,7,truth_source_unlabeled_persona_225.json
225,TS22,0,human,False,false,1.0,6.0,3.0,2.0,6,4,3,5,5,18,man,Australian,bachelors_degree,6,4,6,6,mixed,low,1,6,5,6,7,truth_source_unlabeled_persona_225.json
226,TS22,0,human,False,false,1.0,4.0,2.0,2.0,3,2,5,4,3,21,man,Dutch,graduate_student,3,2,1,1,mixed,moderate,2,4,3,6,7,truth_source_unlabeled_persona_226.json
226,TS69,0,ai,False,false,1.0,6.0,2.0,1.0,3,2,5,4,3,21,man,Dutch,graduate_student,3,2,1,1,mixed,moderate,2,4,3,6,7,truth_source_unlabeled_persona_226.json
226,TS33,0,human,False,false,1.0,5.0,2.0,2.0,3,2,5,4,3,21,man,Dutch,graduate_student,3,2,1,1,mixed,moderate,2,4,3,6,7,truth_source_unlabeled_persona_226.json
226,TS41,0,ai,True,true,1.0,6.0,5.0,1.0,3,2,5,4,3,21,man,Dutch,graduate_student,3,2,1,1,mixed,moderate,2,4,3,6,7,truth_source_unlabeled_persona_226.json
226,TS34,0,human,False,false,1.0,5.0,3.0,2.0,3,2,5,4,3,21,man,Dutch,graduate_student,3,2,1,1,mixed,moderate,2,4,3,6,7,truth_source_unlabeled_persona_226.json
227,TS33,0,human,False,false,1.0,6.0,2.0,1.0,4,5,6,3,4,18,man,German,vocational_training,7,4,2,5,intuitive,moderate,4,7,7,4,3,truth_source_unlabeled_persona_227.json
227,TS22,0,human,False,false,1.0,6.0,3.0,2.0,4,5,6,3,4,18,man,German,vocational_training,7,4,2,5,intuitive,moderate,4,7,7,4,3,truth_source_unlabeled_persona_227.json
227,TS34,0,human,False,false,1.0,6.0,3.0,2.0,4,5,6,3,4,18,man,German,vocational_training,7,4,2,5,intuitive,moderate,4,7,7,4,3,truth_source_unlabeled_persona_227.json
227,TS41,0,ai,True,true,1.0,6.0,5.0,1.0,4,5,6,3,4,18,man,German,vocational_training,7,4,2,5,intuitive,moderate,4,7,7,4,3,truth_source_unlabeled_persona_227.json
227,TS14,0,human,True,true,1.0,5.0,6.0,2.0,4,5,6,3,4,18,man,German,vocational_training,7,4,2,5,intuitive,moderate,4,7,7,4,3,truth_source_unlabeled_persona_227.json
228,TS22,0,human,False,false,1.0,4.0,3.0,2.0,3,2,6,4,5,23,man,Canadian,some_college,3,1,2,5,mixed,moderate,5,7,2,4,4,truth_source_unlabeled_persona_228.json
228,TS41,0,ai,True,true,1.0,7.0,6.0,1.0,3,2,6,4,5,23,man,Canadian,some_college,3,1,2,5,mixed,moderate,5,7,2,4,4,truth_source_unlabeled_persona_228.json
228,TS18,0,human,True,true,1.0,6.0,5.0,1.0,3,2,6,4,5,23,man,Canadian,some_college,3,1,2,5,mixed,moderate,5,7,2,4,4,truth_source_unlabeled_persona_228.json
228,TS34,0,human,False,false,1.0,4.0,4.0,3.0,3,2,6,4,5,23,man,Canadian,some_college,3,1,2,5,mixed,moderate,5,7,2,4,4,truth_source_unlabeled_persona_228.json
228,TS33,0,human,False,false,1.0,7.0,2.0,1.0,3,2,6,4,5,23,man,Canadian,some_college,3,1,2,5,mixed,moderate,5,7,2,4,4,truth_source_unlabeled_persona_228.json
229,TS22,0,human,False,false,1.0,4.0,3.0,2.0,5,3,2,4,6,21,woman,British,graduate_student,5,3,2,7,mixed,low,6,3,3,4,2,truth_source_unlabeled_persona_229.json
229,TS14,0,human,True,true,1.0,6.0,5.0,1.0,5,3,2,4,6,21,woman,British,graduate_student,5,3,2,7,mixed,low,6,3,3,4,2,truth_source_unlabeled_persona_229.json
229,TS41,0,ai,True,true,1.0,5.0,6.0,2.0,5,3,2,4,6,21,woman,British,graduate_student,5,3,2,7,mixed,low,6,3,3,4,2,truth_source_unlabeled_persona_229.json
229,TS33,0,human,False,false,1.0,6.0,2.0,4.0,5,3,2,4,6,21,woman,British,graduate_student,5,3,2,7,mixed,low,6,3,3,4,2,truth_source_unlabeled_persona_229.json
229,TS34,0,human,False,false,1.0,5.0,4.0,3.0,5,3,2,4,6,21,woman,British,graduate_student,5,3,2,7,mixed,low,6,3,3,4,2,truth_source_unlabeled_persona_229.json
230,TS47,0,ai,True,true,1.0,5.0,4.0,2.0,4,3,6,5,6,24,nonbinary,Australian,high_school_or_equivalent,6,2,7,7,analytical,high,7,6,3,4,7,truth_source_unlabeled_persona_230.json
230,TS17,0,human,True,true,1.0,6.0,5.0,3.0,4,3,6,5,6,24,nonbinary,Australian,high_school_or_equivalent,6,2,7,7,analytical,high,7,6,3,4,7,truth_source_unlabeled_persona_230.json
230,TS34,0,human,False,unsure,,5.0,3.0,4.0,4,3,6,5,6,24,nonbinary,Australian,high_school_or_equivalent,6,2,7,7,analytical,high,7,6,3,4,7,truth_source_unlabeled_persona_230.json
230,TS14,0,human,True,true,1.0,6.0,5.0,2.0,4,3,6,5,6,24,nonbinary,Australian,high_school_or_equivalent,6,2,7,7,analytical,high,7,6,3,4,7,truth_source_unlabeled_persona_230.json
230,TS22,0,human,False,false,1.0,6.0,4.0,2.0,4,3,6,5,6,24,nonbinary,Australian,high_school_or_equivalent,6,2,7,7,analytical,high,7,6,3,4,7,truth_source_unlabeled_persona_230.json
231,TS17,0,human,True,true,1.0,6.0,6.0,2.0,4,5,6,5,4,19,prefer_not_to_say,Dutch,vocational_training,4,5,5,5,mixed,high,6,4,7,6,5,truth_source_unlabeled_persona_231.json
231,TS34,0,human,False,false,1.0,6.0,5.0,2.0,4,5,6,5,4,19,prefer_not_to_say,Dutch,vocational_training,4,5,5,5,mixed,high,6,4,7,6,5,truth_source_unlabeled_persona_231.json
231,TS14,0,human,True,true,1.0,6.0,6.0,3.0,4,5,6,5,4,19,prefer_not_to_say,Dutch,vocational_training,4,5,5,5,mixed,high,6,4,7,6,5,truth_source_unlabeled_persona_231.json
231,TS22,0,human,False,false,1.0,5.0,3.0,4.0,4,5,6,5,4,19,prefer_not_to_say,Dutch,vocational_training,4,5,5,5,mixed,high,6,4,7,6,5,truth_source_unlabeled_persona_231.json
231,TS47,0,ai,True,true,1.0,7.0,6.0,1.0,4,5,6,5,4,19,prefer_not_to_say,Dutch,vocational_training,4,5,5,5,mixed,high,6,4,7,6,5,truth_source_unlabeled_persona_231.json
232,TS22,0,human,False,false,1.0,6.0,2.0,3.0,5,2,6,4,3,23,man,US,graduate_student,3,6,2,4,intuitive,moderate,4,5,6,5,3,truth_source_unlabeled_persona_232.json
232,TS41,0,ai,True,true,1.0,7.0,7.0,1.0,5,2,6,4,3,23,man,US,graduate_student,3,6,2,4,intuitive,moderate,4,5,6,5,3,truth_source_unlabeled_persona_232.json
232,TS14,0,human,True,true,1.0,6.0,5.0,2.0,5,2,6,4,3,23,man,US,graduate_student,3,6,2,4,intuitive,moderate,4,5,6,5,3,truth_source_unlabeled_persona_232.json
232,TS33,0,human,False,false,1.0,6.0,2.0,3.0,5,2,6,4,3,23,man,US,graduate_student,3,6,2,4,intuitive,moderate,4,5,6,5,3,truth_source_unlabeled_persona_232.json
232,TS1,0,human,True,true,1.0,5.0,3.0,4.0,5,2,6,4,3,23,man,US,graduate_student,3,6,2,4,intuitive,moderate,4,5,6,5,3,truth_source_unlabeled_persona_232.json
233,TS14,0,human,True,true,1.0,5.0,6.0,3.0,3,4,5,6,2,18,woman,US,bachelors_degree,7,2,3,7,mixed,moderate,6,4,1,5,7,truth_source_unlabeled_persona_233.json
233,TS33,0,human,False,false,1.0,4.0,5.0,2.0,3,4,5,6,2,18,woman,US,bachelors_degree,7,2,3,7,mixed,moderate,6,4,1,5,7,truth_source_unlabeled_persona_233.json
233,TS1,0,human,True,true,1.0,4.0,5.0,2.0,3,4,5,6,2,18,woman,US,bachelors_degree,7,2,3,7,mixed,moderate,6,4,1,5,7,truth_source_unlabeled_persona_233.json
233,TS2,0,human,True,true,1.0,,,,3,4,5,6,2,18,woman,US,bachelors_degree,7,2,3,7,mixed,moderate,6,4,1,5,7,truth_source_unlabeled_persona_233.json
233,TS22,0,human,False,false,1.0,5.0,4.0,3.0,3,4,5,6,2,18,woman,US,bachelors_degree,7,2,3,7,mixed,moderate,6,4,1,5,7,truth_source_unlabeled_persona_233.json
234,TS47,0,ai,True,true,1.0,6.0,5.0,2.0,5,2,6,3,4,22,prefer_not_to_say,US,undergraduate,3,5,5,3,analytical,high,4,5,4,6,3,truth_source_unlabeled_persona_234.json
234,TS14,0,human,True,true,1.0,6.0,5.0,2.0,5,2,6,3,4,22,prefer_not_to_say,US,undergraduate,3,5,5,3,analytical,high,4,5,4,6,3,truth_source_unlabeled_persona_234.json
234,TS22,0,human,False,false,1.0,6.0,2.0,1.0,5,2,6,3,4,22,prefer_not_to_say,US,undergraduate,3,5,5,3,analytical,high,4,5,4,6,3,truth_source_unlabeled_persona_234.json
234,TS45,0,ai,True,true,1.0,7.0,6.0,1.0,5,2,6,3,4,22,prefer_not_to_say,US,undergraduate,3,5,5,3,analytical,high,4,5,4,6,3,truth_source_unlabeled_persona_234.json
234,TS41,0,ai,True,true,1.0,7.0,6.0,1.0,5,2,6,3,4,22,prefer_not_to_say,US,undergraduate,3,5,5,3,analytical,high,4,5,4,6,3,truth_source_unlabeled_persona_234.json
235,TS2,0,human,True,true,1.0,5.0,4.0,2.0,4,3,5,6,2,18,nonbinary,US,some_college,4,7,1,6,mixed,moderate,4,4,6,4,5,truth_source_unlabeled_persona_235.json
235,TS33,0,human,False,false,1.0,6.0,2.0,1.0,4,3,5,6,2,18,nonbinary,US,some_college,4,7,1,6,mixed,moderate,4,4,6,4,5,truth_source_unlabeled_persona_235.json
235,TS14,0,human,True,true,1.0,6.0,5.0,1.0,4,3,5,6,2,18,nonbinary,US,some_college,4,7,1,6,mixed,moderate,4,4,6,4,5,truth_source_unlabeled_persona_235.json
235,TS22,0,human,False,false,1.0,6.0,2.0,1.0,4,3,5,6,2,18,nonbinary,US,some_college,4,7,1,6,mixed,moderate,4,4,6,4,5,truth_source_unlabeled_persona_235.json
235,TS45,0,ai,True,true,1.0,6.0,5.0,1.0,4,3,5,6,2,18,nonbinary,US,some_college,4,7,1,6,mixed,moderate,4,4,6,4,5,truth_source_unlabeled_persona_235.json
236,TS45,0,ai,True,true,1.0,6.0,4.0,2.0,4,3,5,4,5,23,nonbinary,Dutch,high_school_or_equivalent,7,2,3,3,mixed,moderate,6,6,3,4,3,truth_source_unlabeled_persona_236.json
236,TS33,0,human,False,false,1.0,6.0,3.0,2.0,4,3,5,4,5,23,nonbinary,Dutch,high_school_or_equivalent,7,2,3,3,mixed,moderate,6,6,3,4,3,truth_source_unlabeled_persona_236.json
236,TS76,0,ai,False,false,1.0,7.0,2.0,1.0,4,3,5,4,5,23,nonbinary,Dutch,high_school_or_equivalent,7,2,3,3,mixed,moderate,6,6,3,4,3,truth_source_unlabeled_persona_236.json
236,TS2,0,human,True,true,1.0,5.0,5.0,3.0,4,3,5,4,5,23,nonbinary,Dutch,high_school_or_equivalent,7,2,3,3,mixed,moderate,6,6,3,4,3,truth_source_unlabeled_persona_236.json
236,TS14,0,human,True,true,1.0,6.0,5.0,2.0,4,3,5,4,5,23,nonbinary,Dutch,high_school_or_equivalent,7,2,3,3,mixed,moderate,6,6,3,4,3,truth_source_unlabeled_persona_236.json
237,TS14,0,human,True,true,1.0,5.0,6.0,2.0,3,4,5,6,6,18,nonbinary,British,undergraduate,3,4,3,7,mixed,moderate,4,6,2,4,4,truth_source_unlabeled_persona_237.json
237,TS45,0,ai,True,true,1.0,6.0,5.0,1.0,3,4,5,6,6,18,nonbinary,British,undergraduate,3,4,3,7,mixed,moderate,4,6,2,4,4,truth_source_unlabeled_persona_237.json
237,TS2,0,human,True,true,1.0,4.0,5.0,3.0,3,4,5,6,6,18,nonbinary,British,undergraduate,3,4,3,7,mixed,moderate,4,6,2,4,4,truth_source_unlabeled_persona_237.json
237,TS56,0,ai,True,true,1.0,6.0,6.0,1.0,3,4,5,6,6,18,nonbinary,British,undergraduate,3,4,3,7,mixed,moderate,4,6,2,4,4,truth_source_unlabeled_persona_237.json
237,TS33,0,human,False,false,1.0,5.0,4.0,3.0,3,4,5,6,6,18,nonbinary,British,undergraduate,3,4,3,7,mixed,moderate,4,6,2,4,4,truth_source_unlabeled_persona_237.json
238,TS17,0,human,True,true,1.0,5.0,4.0,2.0,6,4,5,3,2,24,nonbinary,Dutch,bachelors_degree,6,1,7,6,intuitive,moderate,6,3,2,1,1,truth_source_unlabeled_persona_238.json
238,TS56,0,ai,True,true,1.0,6.0,5.0,2.0,6,4,5,3,2,24,nonbinary,Dutch,bachelors_degree,6,1,7,6,intuitive,moderate,6,3,2,1,1,truth_source_unlabeled_persona_238.json
238,TS33,0,human,False,false,1.0,6.0,2.0,1.0,6,4,5,3,2,24,nonbinary,Dutch,bachelors_degree,6,1,7,6,intuitive,moderate,6,3,2,1,1,truth_source_unlabeled_persona_238.json
238,TS14,0,human,True,true,1.0,6.0,5.0,2.0,6,4,5,3,2,24,nonbinary,Dutch,bachelors_degree,6,1,7,6,intuitive,moderate,6,3,2,1,1,truth_source_unlabeled_persona_238.json
238,TS1,0,human,True,true,1.0,4.0,3.0,2.0,6,4,5,3,2,24,nonbinary,Dutch,bachelors_degree,6,1,7,6,intuitive,moderate,6,3,2,1,1,truth_source_unlabeled_persona_238.json
239,TS1,0,human,True,false,0.0,4.0,3.0,2.0,4,5,6,3,2,22,woman,British,vocational_training,3,7,5,6,mixed,moderate,7,2,2,4,5,truth_source_unlabeled_persona_239.json
239,TS2,0,human,True,true,1.0,6.0,6.0,5.0,4,5,6,3,2,22,woman,British,vocational_training,3,7,5,6,mixed,moderate,7,2,2,4,5,truth_source_unlabeled_persona_239.json
239,TS14,0,human,True,true,1.0,6.0,6.0,5.0,4,5,6,3,2,22,woman,British,vocational_training,3,7,5,6,mixed,moderate,7,2,2,4,5,truth_source_unlabeled_persona_239.json
239,TS33,0,human,False,false,1.0,6.0,3.0,5.0,4,5,6,3,2,22,woman,British,vocational_training,3,7,5,6,mixed,moderate,7,2,2,4,5,truth_source_unlabeled_persona_239.json
239,TS76,0,ai,False,false,1.0,7.0,2.0,1.0,4,5,6,3,2,22,woman,British,vocational_training,3,7,5,6,mixed,moderate,7,2,2,4,5,truth_source_unlabeled_persona_239.json
240,TS47,0,ai,True,true,1.0,4.0,3.0,5.0,3,4,6,5,3,18,man,US,vocational_training,3,7,2,5,intuitive,moderate,4,7,6,2,2,truth_source_unlabeled_persona_240.json
240,TS1,0,human,True,true,1.0,5.0,3.0,4.0,3,4,6,5,3,18,man,US,vocational_training,3,7,2,5,intuitive,moderate,4,7,6,2,2,truth_source_unlabeled_persona_240.json
240,TS76,0,ai,False,false,1.0,7.0,2.0,1.0,3,4,6,5,3,18,man,US,vocational_training,3,7,2,5,intuitive,moderate,4,7,6,2,2,truth_source_unlabeled_persona_240.json
240,TS14,0,human,True,true,1.0,6.0,5.0,2.0,3,4,6,5,3,18,man,US,vocational_training,3,7,2,5,intuitive,moderate,4,7,6,2,2,truth_source_unlabeled_persona_240.json
240,TS17,0,human,True,true,1.0,6.0,5.0,2.0,3,4,6,5,3,18,man,US,vocational_training,3,7,2,5,intuitive,moderate,4,7,6,2,2,truth_source_unlabeled_persona_240.json
241,TS2,0,human,True,true,1.0,4.0,5.0,3.0,2,3,5,4,2,23,woman,Australian,high_school_or_equivalent,1,4,7,6,intuitive,high,1,7,4,6,3,truth_source_unlabeled_persona_241.json
241,TS14,0,human,True,true,1.0,6.0,6.0,2.0,2,3,5,4,2,23,woman,Australian,high_school_or_equivalent,1,4,7,6,intuitive,high,1,7,4,6,3,truth_source_unlabeled_persona_241.json
241,TS56,0,ai,True,true,1.0,6.0,6.0,1.0,2,3,5,4,2,23,woman,Australian,high_school_or_equivalent,1,4,7,6,intuitive,high,1,7,4,6,3,truth_source_unlabeled_persona_241.json
241,TS1,0,human,True,false,0.0,4.0,5.0,2.0,2,3,5,4,2,23,woman,Australian,high_school_or_equivalent,1,4,7,6,intuitive,high,1,7,4,6,3,truth_source_unlabeled_persona_241.json
241,TS47,0,ai,True,true,1.0,7.0,7.0,1.0,2,3,5,4,2,23,woman,Australian,high_school_or_equivalent,1,4,7,6,intuitive,high,1,7,4,6,3,truth_source_unlabeled_persona_241.json
242,TS1,0,human,True,false,0.0,5.0,4.0,2.0,4,3,5,4,6,23,woman,US,undergraduate,2,3,3,7,intuitive,high,1,7,5,1,4,truth_source_unlabeled_persona_242.json
242,TS69,0,ai,False,false,1.0,7.0,2.0,1.0,4,3,5,4,6,23,woman,US,undergraduate,2,3,3,7,intuitive,high,1,7,5,1,4,truth_source_unlabeled_persona_242.json
242,TS47,0,ai,True,true,1.0,7.0,6.0,5.0,4,3,5,4,6,23,woman,US,undergraduate,2,3,3,7,intuitive,high,1,7,5,1,4,truth_source_unlabeled_persona_242.json
242,TS2,0,human,True,true,1.0,6.0,5.0,3.0,4,3,5,4,6,23,woman,US,undergraduate,2,3,3,7,intuitive,high,1,7,5,1,4,truth_source_unlabeled_persona_242.json
242,TS56,0,ai,True,true,1.0,6.0,6.0,3.0,4,3,5,4,6,23,woman,US,undergraduate,2,3,3,7,intuitive,high,1,7,5,1,4,truth_source_unlabeled_persona_242.json
243,TS2,0,human,True,true,1.0,5.0,4.0,2.0,4,6,5,3,4,22,man,Dutch,bachelors_degree,4,4,3,4,mixed,high,4,4,7,3,4,truth_source_unlabeled_persona_243.json
243,TS56,0,ai,True,true,1.0,6.0,7.0,1.0,4,6,5,3,4,22,man,Dutch,bachelors_degree,4,4,3,4,mixed,high,4,4,7,3,4,truth_source_unlabeled_persona_243.json
243,TS14,0,human,True,true,1.0,6.0,7.0,1.0,4,6,5,3,4,22,man,Dutch,bachelors_degree,4,4,3,4,mixed,high,4,4,7,3,4,truth_source_unlabeled_persona_243.json
243,TS47,0,ai,True,true,1.0,6.0,7.0,1.0,4,6,5,3,4,22,man,Dutch,bachelors_degree,4,4,3,4,mixed,high,4,4,7,3,4,truth_source_unlabeled_persona_243.json
243,TS1,0,human,True,false,0.0,4.0,5.0,3.0,4,6,5,3,4,22,man,Dutch,bachelors_degree,4,4,3,4,mixed,high,4,4,7,3,4,truth_source_unlabeled_persona_243.json
244,TS56,0,ai,True,true,1.0,4.0,5.0,2.0,4,3,5,4,2,21,nonbinary,Dutch,undergraduate,1,3,7,4,mixed,moderate,3,3,6,3,7,truth_source_unlabeled_persona_244.json
244,TS72,0,ai,False,false,1.0,6.0,2.0,1.0,4,3,5,4,2,21,nonbinary,Dutch,undergraduate,1,3,7,4,mixed,moderate,3,3,6,3,7,truth_source_unlabeled_persona_244.json
244,TS69,0,ai,False,false,1.0,6.0,2.0,1.0,4,3,5,4,2,21,nonbinary,Dutch,undergraduate,1,3,7,4,mixed,moderate,3,3,6,3,7,truth_source_unlabeled_persona_244.json
244,TS65,0,ai,False,false,1.0,6.0,2.0,1.0,4,3,5,4,2,21,nonbinary,Dutch,undergraduate,1,3,7,4,mixed,moderate,3,3,6,3,7,truth_source_unlabeled_persona_244.json
244,TS1,0,human,True,false,0.0,3.0,4.0,2.0,4,3,5,4,2,21,nonbinary,Dutch,undergraduate,1,3,7,4,mixed,moderate,3,3,6,3,7,truth_source_unlabeled_persona_244.json
245,TS2,0,human,True,true,1.0,5.0,4.0,2.0,2,4,6,3,5,23,man,German,bachelors_degree,2,7,1,5,analytical,high,1,1,4,5,5,truth_source_unlabeled_persona_245.json
245,TS47,0,ai,True,true,1.0,6.0,5.0,3.0,2,4,6,3,5,23,man,German,bachelors_degree,2,7,1,5,analytical,high,1,1,4,5,5,truth_source_unlabeled_persona_245.json
245,TS1,0,human,True,true,1.0,4.0,3.0,5.0,2,4,6,3,5,23,man,German,bachelors_degree,2,7,1,5,analytical,high,1,1,4,5,5,truth_source_unlabeled_persona_245.json
245,TS76,0,ai,False,false,1.0,6.0,2.0,1.0,2,4,6,3,5,23,man,German,bachelors_degree,2,7,1,5,analytical,high,1,1,4,5,5,truth_source_unlabeled_persona_245.json
245,TS69,0,ai,False,false,1.0,6.0,2.0,1.0,2,4,6,3,5,23,man,German,bachelors_degree,2,7,1,5,analytical,high,1,1,4,5,5,truth_source_unlabeled_persona_245.json
246,TS53,0,ai,True,true,1.0,4.0,5.0,3.0,6,3,5,4,2,22,prefer_not_to_say,Canadian,some_college,6,3,4,7,analytical,moderate,5,3,5,4,2,truth_source_unlabeled_persona_246.json
246,TS2,0,human,True,true,1.0,5.0,6.0,2.0,6,3,5,4,2,22,prefer_not_to_say,Canadian,some_college,6,3,4,7,analytical,moderate,5,3,5,4,2,truth_source_unlabeled_persona_246.json
246,TS56,0,ai,True,true,1.0,6.0,6.0,1.0,6,3,5,4,2,22,prefer_not_to_say,Canadian,some_college,6,3,4,7,analytical,moderate,5,3,5,4,2,truth_source_unlabeled_persona_246.json
246,TS72,0,ai,False,false,1.0,6.0,5.0,1.0,6,3,5,4,2,22,prefer_not_to_say,Canadian,some_college,6,3,4,7,analytical,moderate,5,3,5,4,2,truth_source_unlabeled_persona_246.json
246,TS1,0,human,True,false,0.0,6.0,5.0,2.0,6,3,5,4,2,22,prefer_not_to_say,Canadian,some_college,6,3,4,7,analytical,moderate,5,3,5,4,2,truth_source_unlabeled_persona_246.json
247,TS2,0,human,True,true,1.0,5.0,4.0,2.0,4,2,5,3,4,20,nonbinary,Australian,undergraduate,7,2,6,5,intuitive,low,5,6,1,4,1,truth_source_unlabeled_persona_247.json
247,TS56,0,ai,True,true,1.0,6.0,7.0,1.0,4,2,5,3,4,20,nonbinary,Australian,undergraduate,7,2,6,5,intuitive,low,5,6,1,4,1,truth_source_unlabeled_persona_247.json
247,TS47,0,ai,True,true,1.0,6.0,7.0,1.0,4,2,5,3,4,20,nonbinary,Australian,undergraduate,7,2,6,5,intuitive,low,5,6,1,4,1,truth_source_unlabeled_persona_247.json
247,TS69,0,ai,False,false,1.0,6.0,2.0,3.0,4,2,5,3,4,20,nonbinary,Australian,undergraduate,7,2,6,5,intuitive,low,5,6,1,4,1,truth_source_unlabeled_persona_247.json
247,TS1,0,human,True,true,1.0,5.0,4.0,2.0,4,2,5,3,4,20,nonbinary,Australian,undergraduate,7,2,6,5,intuitive,low,5,6,1,4,1,truth_source_unlabeled_persona_247.json
248,TS1,0,human,True,false,0.0,5.0,2.0,3.0,5,4,6,3,2,18,woman,British,bachelors_degree,5,4,5,1,analytical,moderate,7,1,2,5,1,truth_source_unlabeled_persona_248.json
248,TS56,0,ai,True,true,1.0,6.0,5.0,2.0,5,4,6,3,2,18,woman,British,bachelors_degree,5,4,5,1,analytical,moderate,7,1,2,5,1,truth_source_unlabeled_persona_248.json
248,TS18,0,human,True,true,1.0,4.0,3.0,3.0,5,4,6,3,2,18,woman,British,bachelors_degree,5,4,5,1,analytical,moderate,7,1,2,5,1,truth_source_unlabeled_persona_248.json
248,TS47,0,ai,True,true,1.0,6.0,5.0,2.0,5,4,6,3,2,18,woman,British,bachelors_degree,5,4,5,1,analytical,moderate,7,1,2,5,1,truth_source_unlabeled_persona_248.json
248,TS17,0,human,True,true,1.0,6.0,5.0,2.0,5,4,6,3,2,18,woman,British,bachelors_degree,5,4,5,1,analytical,moderate,7,1,2,5,1,truth_source_unlabeled_persona_248.json
249,TS69,0,ai,False,false,1.0,6.0,2.0,2.0,4,4,5,3,3,22,prefer_not_to_say,German,some_college,7,4,4,5,mixed,high,1,3,7,7,3,truth_source_unlabeled_persona_249.json
249,TS2,0,human,True,true,1.0,4.0,5.0,3.0,4,4,5,3,3,22,prefer_not_to_say,German,some_college,7,4,4,5,mixed,high,1,3,7,7,3,truth_source_unlabeled_persona_249.json
249,TS1,0,human,True,unsure,,3.0,4.0,5.0,4,4,5,3,3,22,prefer_not_to_say,German,some_college,7,4,4,5,mixed,high,1,3,7,7,3,truth_source_unlabeled_persona_249.json
249,TS47,0,ai,True,true,1.0,6.0,5.0,1.0,4,4,5,3,3,22,prefer_not_to_say,German,some_college,7,4,4,5,mixed,high,1,3,7,7,3,truth_source_unlabeled_persona_249.json
249,TS76,0,ai,False,false,1.0,6.0,1.0,1.0,4,4,5,3,3,22,prefer_not_to_say,German,some_college,7,4,4,5,mixed,high,1,3,7,7,3,truth_source_unlabeled_persona_249.json
250,TS25,0,human,False,false,1.0,6.0,3.0,2.0,5,4,3,6,5,18,woman,US,some_college,7,6,3,7,intuitive,moderate,2,5,4,3,5,truth_source_unlabeled_persona_250.json
250,TS47,0,ai,True,true,1.0,6.0,5.0,2.0,5,4,3,6,5,18,woman,US,some_college,7,6,3,7,intuitive,moderate,2,5,4,3,5,truth_source_unlabeled_persona_250.json
250,TS1,0,human,True,false,0.0,5.0,4.0,2.0,5,4,3,6,5,18,woman,US,some_college,7,6,3,7,intuitive,moderate,2,5,4,3,5,truth_source_unlabeled_persona_250.json
250,TS18,0,human,True,true,1.0,5.0,4.0,3.0,5,4,3,6,5,18,woman,US,some_college,7,6,3,7,intuitive,moderate,2,5,4,3,5,truth_source_unlabeled_persona_250.json
250,TS2,0,human,True,true,1.0,5.0,4.0,3.0,5,4,3,6,5,18,woman,US,some_college,7,6,3,7,intuitive,moderate,2,5,4,3,5,truth_source_unlabeled_persona_250.json
